step,node
0,22
1,8
2,12
3,22
4,19
5,5
6,19
7,22
8,8
9,12
10,19
11,5
12,22
13,12
14,22
15,12
16,9
17,8
18,12
19,19
20,22
21,16
22,27
23,9
24,13
25,5
26,8
27,20
28,7
29,29
30,7
31,20
32,29
33,22
34,16
35,22
36,29
37,9
38,29
39,22
40,12
41,17
42,22
43,8
44,17
45,12
46,22
47,5
48,8
49,5
50,22
51,29
52,22
53,8
54,17
55,12
56,19
57,22
58,8
59,17
60,15
61,17
62,12
63,9
64,12
65,8
66,12
67,22
68,5
69,13
70,9
71,8
72,16
73,22
74,29
75,7
76,29
77,7
78,29
79,16
80,8
81,22
82,8
83,9
84,13
85,6
86,7
87,6
88,27
89,6
90,29
91,20
92,21
93,20
94,8
95,16
96,29
97,6
98,21
99,20
100,8
101,16
102,29
103,7
104,29
105,16
106,29
107,22
108,29
109,16
110,8
111,16
112,29
113,20
114,21
115,6
116,7
117,29
118,20
119,24
120,30
121,14
122,10
123,23
124,1
125,26
126,30
127,18
128,2
129,11
130,23
131,11
132,23
133,1
134,30
135,3
136,1
137,26
138,30
139,14
140,26
141,30
142,24
143,10
144,23
145,1
146,26
147,14
148,24
149,30
150,24
151,14
152,4
153,18
154,4
155,30
156,24
157,14
158,26
159,30
160,1
161,26
162,30
163,14
164,26
165,30
166,3
167,30
168,1
169,23
170,11
171,23
172,1
173,23
174,1
175,23
176,10
177,24
178,30
179,4
180,14
181,30
182,4
183,2
184,4
185,14
186,30
187,18
188,30
189,26
190,18
191,26
192,14
193,30
194,18
195,24
196,25
197,18
198,4
199,14
200,26
201,14
202,24
203,11
204,24
205,20
206,8
207,16
208,27
209,16
210,29
211,9
212,29
213,16
214,22
215,5
216,22
217,29
218,20
219,8
220,5
221,13
222,9
223,13
224,5
225,13
226,9
227,8
228,22
229,29
230,6
231,13
232,5
233,13
234,5
235,19
236,22
237,5
238,8
239,5
240,8
241,17
242,15
243,17
244,22
245,8
246,9
247,13
248,6
249,29
250,22
251,8
252,16
253,22
254,8
255,16
256,27
257,6
258,7
259,29
260,16
261,27
262,16
263,27
264,16
265,29
266,9
267,12
268,22
269,29
270,20
271,7
272,29
273,22
274,17
275,15
276,17
277,8
278,12
279,9
280,13
281,5
282,13
283,5
284,22
285,12
286,22
287,19
288,22
289,12
290,17
291,8
292,12
293,8
294,9
295,29
296,7
297,29
298,9
299,29
300,9
301,27
302,16
303,27
304,9
305,12
306,19
307,5
308,8
309,9
310,27
311,16
312,8
313,17
314,15
315,17
316,12
317,8
318,9
319,27
320,16
321,27
322,9
323,29
324,16
325,22
326,8
327,22
328,12
329,9
330,29
331,20
332,8
333,9
334,13
335,6
336,7
337,6
338,21
339,6
340,7
341,20
342,29
343,22
344,17
345,8
346,12
347,9
348,13
349,5
350,13
351,6
352,7
353,29
354,22
355,5
356,19
357,12
358,9
359,12
360,22
361,17
362,15
363,17
364,8
365,5
366,13
367,5
368,13
369,9
370,27
371,16
372,8
373,9
374,8
375,20
376,24
377,20
378,21
379,20
380,7
381,29
382,9
383,29
384,20
385,8
386,9
387,13
388,5
389,19
390,5
391,19
392,22
393,19
394,12
395,8
396,16
397,27
398,16
399,8
400,22
401,12
402,22
403,19
404,12
405,8
406,12
407,19
408,5
409,8
410,22
411,29
412,6
413,29
414,7
415,29
416,7
417,20
418,29
419,16
420,27
421,6
422,7
423,6
424,21
425,6
426,13
427,5
428,13
429,9
430,8
431,20
432,24
433,14
434,30
435,14
436,4
437,14
438,24
439,10
440,23
441,11
442,2
443,18
444,2
445,4
446,2
447,4
448,2
449,18
450,25
451,18
452,26
453,18
454,2
455,4
456,28
457,25
458,24
459,20
460,24
461,10
462,24
463,18
464,4
465,18
466,30
467,26
468,1
469,26
470,18
471,26
472,18
473,24
474,10
475,14
476,26
477,18
478,26
479,1
480,30
481,3
482,30
483,4
484,30
485,24
486,14
487,4
488,2
489,4
490,30
491,1
492,30
493,4
494,2
495,18
496,30
497,26
498,18
499,4
500,28
501,25
502,24
503,11
504,23
505,10
506,14
507,24
508,14
509,26
510,30
511,1
512,3
513,30
514,18
515,26
516,1
517,30
518,3
519,1
520,23
521,10
522,24
523,11
524,24
525,11
526,2
527,11
528,2
529,18
530,26
531,14
532,4
533,2
534,4
535,18
536,25
537,24
538,10
539,14
540,30
541,26
542,14
543,30
544,3
545,1
546,23
547,1
548,3
549,1
550,23
551,11
552,23
553,1
554,26
555,14
556,30
557,18
558,24
559,30
560,3
561,1
562,3
563,30
564,3
565,1
566,30
567,26
568,14
569,24
570,14
571,24
572,25
573,24
574,18
575,30
576,14
577,24
578,14
579,30
580,18
581,25
582,28
583,25
584,18
585,2
586,11
587,2
588,18
589,24
590,10
591,23
592,1
593,26
594,30
595,18
596,24
597,25
598,18
599,26
600,18
601,4
602,18
603,24
604,30
605,14
606,4
607,18
608,4
609,18
610,24
611,10
612,14
613,24
614,11
615,24
616,30
617,26
618,1
619,26
620,1
621,30
622,24
623,11
624,23
625,10
626,24
627,30
628,4
629,14
630,24
631,20
632,21
633,20
634,21
635,20
636,29
637,22
638,29
639,16
640,8
641,9
642,29
643,16
644,8
645,20
646,24
647,10
648,14
649,26
650,18
651,24
652,25
653,24
654,18
655,24
656,18
657,2
658,11
659,23
660,10
661,14
662,10
663,14
664,10
665,14
666,24
667,20
668,29
669,16
670,27
671,9
672,27
673,9
674,12
675,17
676,12
677,9
678,12
679,9
680,13
681,6
682,21
683,6
684,7
685,6
686,21
687,20
688,21
689,20
690,8
691,16
692,27
693,9
694,13
695,9
696,8
697,17
698,12
699,22
700,19
701,22
702,17
703,22
704,8
705,22
706,29
707,16
708,22
709,16
710,22
711,5
712,22
713,5
714,19
715,5
716,22
717,8
718,22
719,5
720,13
721,6
722,7
723,6
724,29
725,20
726,8
727,20
728,24
729,14
730,24
731,11
732,23
733,1
734,23
735,11
736,23
737,1
738,30
739,24
740,10
741,14
742,26
743,30
744,4
745,30
746,24
747,30
748,3
749,1
750,23
751,1
752,30
753,4
754,30
755,24
756,14
757,24
758,18
759,25
760,28
761,25
762,18
763,26
764,30
765,18
766,2
767,18
768,2
769,4
770,30
771,14
772,10
773,23
774,11
775,23
776,10
777,23
778,1
779,23
780,11
781,23
782,10
783,24
784,20
785,21
786,6
787,27
788,6
789,27
790,9
791,29
792,22
793,19
794,12
795,8
796,12
797,19
798,12
799,9
800,13
801,5
802,19
803,5
804,19
805,22
806,29
807,7
808,6
809,21
810,6
811,13
812,5
813,19
814,22
815,19
816,22
817,8
818,12
819,19
820,12
821,9
822,12
823,17
824,22
825,8
826,9
827,12
828,9
829,27
830,9
831,27
832,16
833,29
834,9
835,8
836,20
837,21
838,20
839,8
840,17
841,22
842,12
843,22
844,5
845,22
846,12
847,22
848,29
849,7
850,6
851,7
852,6
853,7
854,20
855,7
856,20
857,21
858,20
859,8
860,12
861,9
862,27
863,6
864,7
865,6
866,29
867,6
868,21
869,20
870,24
871,18
872,26
873,18
874,4
875,30
876,4
877,14
878,4
879,30
880,18
881,25
882,18
883,26
884,18
885,24
886,11
887,23
888,1
889,30
890,4
891,14
892,26
893,18
894,4
895,2
896,4
897,30
898,1
899,3
900,1
901,23
902,10
903,23
904,11
905,2
906,4
907,30
908,4
909,18
910,24
911,10
912,14
913,10
914,23
915,11
916,24
917,20
918,8
919,22
920,8
921,5
922,19
923,22
924,12
925,9
926,29
927,16
928,29
929,6
930,13
931,5
932,13
933,9
934,13
935,9
936,8
937,17
938,22
939,5
940,22
941,19
942,12
943,22
944,29
945,22
946,8
947,9
948,27
949,9
950,8
951,12
952,17
953,22
954,12
955,9
956,13
957,6
958,13
959,9
960,13
961,5
962,22
963,19
964,5
965,8
966,12
967,8
968,22
969,16
970,8
971,20
972,24
973,10
974,24
975,10
976,24
977,25
978,24
979,18
980,4
981,18
982,2
983,18
984,2
985,4
986,30
987,1
988,26
989,30
990,24
991,11
992,23
993,10
994,14
995,24
996,11
997,24
998,11
999,2
1000,4
1001,14
1002,26
1003,18
1004,25
1005,18
1006,30
1007,26
1008,14
1009,24
1010,14
1011,24
1012,20
1013,21
1014,6
1015,29
1016,22
1017,5
1018,22
1019,12
1020,17
1021,12
1022,22
1023,16
1024,29
1025,7
1026,6
1027,21
1028,20
1029,29
1030,6
1031,29
1032,22
1033,29
1034,20
1035,8
1036,12
1037,19
1038,22
1039,5
1040,8
1041,16
1042,27
1043,6
1044,21
1045,6
1046,13
1047,6
1048,21
1049,6
1050,21
1051,20
1052,21
1053,20
1054,29
1055,9
1056,12
1057,22
1058,12
1059,19
1060,5
1061,19
1062,5
1063,22
1064,12
1065,17
1066,12
1067,17
1068,22
1069,5
1070,8
1071,22
1072,12
1073,17
1074,8
1075,17
1076,15
1077,17
1078,22
1079,19
1080,5
1081,22
1082,17
1083,22
1084,16
1085,22
1086,19
1087,5
1088,19
1089,22
1090,19
1091,12
1092,19
1093,22
1094,17
1095,8
1096,22
1097,8
1098,12
1099,22
1100,29
1101,6
1102,7
1103,20
1104,7
1105,29
1106,16
1107,29
1108,9
1109,29
1110,16
1111,29
1112,6
1113,7
1114,20
1115,8
1116,20
1117,8
1118,16
1119,27
1120,6
1121,29
1122,7
1123,20
1124,8
1125,17
1126,8
1127,20
1128,8
1129,12
1130,8
1131,12
1132,19
1133,22
1134,5
1135,19
1136,22
1137,29
1138,9
1139,27
1140,9
1141,27
1142,9
1143,13
1144,9
1145,13
1146,5
1147,22
1148,12
1149,9
1150,8
1151,17
1152,22
1153,19
1154,12
1155,9
1156,13
1157,9
1158,29
1159,9
1160,27
1161,16
1162,29
1163,6
1164,13
1165,6
1166,29
1167,22
1168,8
1169,22
1170,17
1171,15
1172,17
1173,22
1174,17
1175,15
1176,17
1177,15
1178,17
1179,15
1180,17
1181,8
1182,9
1183,8
1184,17
1185,22
1186,5
1187,8
1188,22
1189,17
1190,8
1191,20
1192,8
1193,17
1194,8
1195,20
1196,7
1197,29
1198,7
1199,20
1200,8
1201,9
1202,12
1203,8
1204,9
1205,13
1206,9
1207,27
1208,16
1209,27
1210,6
1211,27
1212,6
1213,7
1214,29
1215,7
1216,6
1217,21
1218,20
1219,21
1220,6
1221,29
1222,16
1223,27
1224,6
1225,29
1226,6
1227,29
1228,6
1229,7
1230,6
1231,21
1232,6
1233,13
1234,6
1235,7
1236,20
1237,24
1238,14
1239,4
1240,28
1241,25
1242,28
1243,25
1244,18
1245,26
1246,30
1247,3
1248,1
1249,23
1250,11
1251,23
1252,1
1253,30
1254,18
1255,4
1256,18
1257,26
1258,30
1259,24
1260,18
1261,24
1262,25
1263,18
1264,26
1265,1
1266,3
1267,30
1268,4
1269,28
1270,25
1271,24
1272,30
1273,26
1274,1
1275,26
1276,14
1277,30
1278,14
1279,10
1280,23
1281,11
1282,24
1283,25
1284,28
1285,25
1286,24
1287,14
1288,4
1289,2
1290,18
1291,2
1292,11
1293,24
1294,14
1295,26
1296,18
1297,25
1298,28
1299,25
1300,18
1301,30
1302,24
1303,30
1304,24
1305,11
1306,2
1307,11
1308,2
1309,18
1310,30
1311,14
1312,10
1313,14
1314,10
1315,23
1316,11
1317,2
1318,18
1319,2
1320,11
1321,2
1322,18
1323,4
1324,30
1325,4
1326,30
1327,24
1328,30
1329,18
1330,24
1331,11
1332,2
1333,11
1334,24
1335,30
1336,4
1337,30
1338,18
1339,2
1340,4
1341,30
1342,4
1343,30
1344,14
1345,4
1346,18
1347,26
1348,1
1349,3
1350,30
1351,24
1352,10
1353,24
1354,10
1355,14
1356,4
1357,30
1358,14
1359,10
1360,24
1361,18
1362,2
1363,18
1364,25
1365,18
1366,24
1367,30
1368,4
1369,18
1370,26
1371,30
1372,14
1373,26
1374,18
1375,30
1376,3
1377,1
1378,26
1379,30
1380,4
1381,14
1382,10
1383,24
1384,20
1385,29
1386,16
1387,8
1388,9
1389,27
1390,6
1391,27
1392,16
1393,22
1394,29
1395,16
1396,27
1397,6
1398,29
1399,9
1400,27
1401,16
1402,27
1403,16
1404,8
1405,9
1406,27
1407,16
1408,27
1409,6
1410,29
1411,20
1412,7
1413,20
1414,29
1415,20
1416,21
1417,20
1418,21
1419,20
1420,24
1421,25
1422,18
1423,2
1424,18
1425,30
1426,4
1427,30
1428,4
1429,30
1430,3
1431,30
1432,1
1433,30
1434,3
1435,30
1436,4
1437,28
1438,25
1439,18
1440,24
1441,11
1442,2
1443,4
1444,14
1445,4
1446,28
1447,4
1448,18
1449,2
1450,11
1451,2
1452,18
1453,2
1454,18
1455,2
1456,18
1457,4
1458,28
1459,4
1460,28
1461,4
1462,30
1463,3
1464,30
1465,4
1466,14
1467,26
1468,14
1469,4
1470,14
1471,30
1472,1
1473,26
1474,18
1475,25
1476,28
1477,4
1478,30
1479,3
1480,30
1481,4
1482,18
1483,25
1484,18
1485,26
1486,30
1487,18
1488,25
1489,28
1490,4
1491,30
1492,18
1493,2
1494,11
1495,23
1496,10
1497,23
1498,1
1499,26
1500,18
1501,4
1502,2
1503,11
1504,24
1505,18
1506,4
1507,30
1508,18
1509,30
1510,18
1511,26
1512,1
1513,3
1514,30
1515,4
1516,14
1517,4
1518,30
1519,4
1520,28
1521,4
1522,28
1523,25
1524,18
1525,30
1526,14
1527,26
1528,1
1529,3
1530,1
1531,23
1532,10
1533,23
1534,10
1535,23
1536,11
1537,23
1538,1
1539,30
1540,1
1541,23
1542,10
1543,23
1544,1
1545,30
1546,14
1547,10
1548,14
1549,30
1550,24
1551,10
1552,23
1553,11
1554,2
1555,11
1556,23
1557,10
1558,14
1559,30
1560,3
1561,30
1562,3
1563,1
1564,3
1565,30
1566,18
1567,25
1568,28
1569,4
1570,30
1571,1
1572,3
1573,30
1574,4
1575,18
1576,24
1577,18
1578,4
1579,30
1580,14
1581,26
1582,30
1583,26
1584,14
1585,24
1586,11
1587,2
1588,11
1589,2
1590,11
1591,24
1592,25
1593,18
1594,4
1595,28
1596,25
1597,18
1598,30
1599,3
1600,1
1601,23
1602,1
1603,26
1604,18
1605,26
1606,18
1607,4
1608,28
1609,4
1610,14
1611,30
1612,1
1613,30
1614,18
1615,30
1616,24
1617,10
1618,14
1619,30
1620,1
1621,23
1622,10
1623,23
1624,11
1625,23
1626,10
1627,23
1628,10
1629,23
1630,11
1631,23
1632,10
1633,14
1634,24
1635,18
1636,4
1637,28
1638,25
1639,24
1640,10
1641,14
1642,10
1643,23
1644,10
1645,26
1646,18
1647,30
1648,4
1649,30
1650,26
1651,14
1652,26
1653,1
1654,23
1655,11
1656,2
1657,4
1658,2
1659,11
1660,2
1661,18
1662,30
1663,14
1664,10
1665,23
1666,11
1667,24
1668,14
1669,30
1670,1
1671,3
1672,30
1673,3
1674,30
1675,24
1676,20
1677,24
1678,30
1679,26
1680,14
1681,30
1682,26
1683,18
1684,25
1685,28
1686,25
1687,18
1688,30
1689,4
1690,2
1691,11
1692,23
1693,11
1694,2
1695,11
1696,24
1697,18
1698,26
1699,1
1700,23
1701,11
1702,2
1703,4
1704,18
1705,30
1706,4
1707,30
1708,18
1709,24
1710,30
1711,24
1712,30
1713,18
1714,25
1715,24
1716,14
1717,26
1718,18
1719,2
1720,4
1721,14
1722,26
1723,14
1724,26
1725,18
1726,4
1727,2
1728,11
1729,23
1730,11
1731,2
1732,4
1733,18
1734,24
1735,25
1736,28
1737,25
1738,28
1739,4
1740,14
1741,24
1742,30
1743,4
1744,2
1745,11
1746,23
1747,11
1748,23
1749,1
1750,30
1751,14
1752,30
1753,3
1754,1
1755,23
1756,1
1757,23
1758,10
1759,23
1760,11
1761,2
1762,18
1763,2
1764,4
1765,14
1766,4
1767,2
1768,18
1769,26
1770,30
1771,4
1772,14
1773,26
1774,18
1775,26
1776,1
1777,26
1778,30
1779,14
1780,10
1781,23
1782,10
1783,23
1784,1
1785,3
1786,30
1787,3
1788,30
1789,4
1790,2
1791,11
1792,24
1793,18
1794,2
1795,18
1796,4
1797,18
1798,25
1799,28
1800,4
1801,14
1802,10
1803,23
1804,10
1805,24
1806,14
1807,26
1808,1
1809,3
1810,30
1811,26
1812,30
1813,3
1814,1
1815,30
1816,14
1817,4
1818,14
1819,24
1820,20
1821,8
1822,5
1823,22
1824,5
1825,22
1826,17
1827,15
1828,17
1829,12
1830,17
1831,15
1832,17
1833,15
1834,17
1835,22
1836,5
1837,22
1838,29
1839,9
1840,13
1841,6
1842,21
1843,6
1844,7
1845,29
1846,22
1847,5
1848,13
1849,9
1850,29
1851,7
1852,20
1853,24
1854,25
1855,28
1856,25
1857,24
1858,11
1859,23
1860,10
1861,24
1862,14
1863,30
1864,26
1865,18
1866,25
1867,24
1868,30
1869,24
1870,20
1871,24
1872,11
1873,2
1874,11
1875,2
1876,11
1877,23
1878,10
1879,23
1880,1
1881,30
1882,18
1883,26
1884,1
1885,30
1886,26
1887,18
1888,30
1889,26
1890,1
1891,23
1892,10
1893,24
1894,30
1895,24
1896,30
1897,4
1898,30
1899,24
1900,10
1901,23
1902,11
1903,2
1904,4
1905,30
1906,24
1907,25
1908,18
1909,26
1910,14
1911,30
1912,24
1913,25
1914,24
1915,20
1916,24
1917,18
1918,30
1919,18
1920,2
1921,4
1922,18
1923,25
1924,28
1925,4
1926,18
1927,24
1928,14
1929,4
1930,28
1931,25
1932,28
1933,25
1934,24
1935,14
1936,30
1937,4
1938,28
1939,25
1940,18
1941,30
1942,3
1943,30
1944,3
1945,30
1946,3
1947,30
1948,14
1949,26
1950,30
1951,4
1952,30
1953,14
1954,10
1955,24
1956,18
1957,4
1958,18
1959,25
1960,18
1961,25
1962,28
1963,25
1964,24
1965,11
1966,24
1967,30
1968,24
1969,20
1970,24
1971,11
1972,24
1973,30
1974,26
1975,18
1976,26
1977,30
1978,24
1979,30
1980,24
1981,11
1982,2
1983,18
1984,25
1985,24
1986,14
1987,26
1988,1
1989,30
1990,3
1991,1
1992,30
1993,1
1994,26
1995,30
1996,24
1997,25
1998,24
1999,25
2000,28
2001,4
2002,18
2003,2
2004,18
2005,30
2006,26
2007,30
2008,24
2009,10
2010,23
2011,10
2012,24
2013,11
2014,2
2015,11
2016,2
2017,4
2018,18
2019,26
2020,14
2021,10
2022,14
2023,26
2024,1
2025,23
2026,1
2027,3
2028,30
2029,3
2030,1
2031,23
2032,1
2033,23
2034,11
2035,24
2036,25
2037,28
2038,4
2039,2
2040,11
2041,24
2042,18
2043,26
2044,14
2045,24
2046,14
2047,30
2048,24
2049,10
2050,14
2051,26
2052,1
2053,23
2054,11
2055,2
2056,11
2057,23
2058,11
2059,2
2060,18
2061,24
2062,10
2063,23
2064,11
2065,24
2066,10
2067,14
2068,24
2069,10
2070,24
2071,30
2072,24
2073,18
2074,24
2075,11
2076,23
2077,1
2078,23
2079,10
2080,24
2081,30
2082,1
2083,30
2084,24
2085,11
2086,2
2087,4
2088,14
2089,4
2090,2
2091,18
2092,24
2093,10
2094,23
2095,1
2096,30
2097,26
2098,30
2099,24
2100,10
2101,24
2102,25
2103,24
2104,18
2105,25
2106,28
2107,25
2108,24
2109,14
2110,30
2111,3
2112,1
2113,26
2114,1
2115,30
2116,26
2117,30
2118,26
2119,18
2120,26
2121,30
2122,14
2123,4
2124,14
2125,26
2126,18
2127,25
2128,28
2129,4
2130,2
2131,4
2132,14
2133,30
2134,18
2135,30
2136,26
2137,1
2138,26
2139,1
2140,30
2141,18
2142,26
2143,14
2144,24
2145,11
2146,2
2147,11
2148,23
2149,10
2150,24
2151,11
2152,23
2153,11
2154,2
2155,18
2156,24
2157,30
2158,1
2159,26
2160,30
2161,26
2162,30
2163,26
2164,30
2165,14
2166,10
2167,24
2168,30
2169,1
2170,30
2171,26
2172,30
2173,4
2174,30
2175,3
2176,1
2177,3
2178,1
2179,23
2180,1
2181,30
2182,4
2183,18
2184,30
2185,1
2186,30
2187,26
2188,30
2189,14
2190,4
2191,28
2192,25
2193,24
2194,10
2195,23
2196,1
2197,26
2198,1
2199,3
2200,1
2201,3
2202,30
2203,3
2204,30
2205,24
2206,30
2207,4
2208,28
2209,25
2210,24
2211,18
2212,25
2213,18
2214,26
2215,1
2216,23
2217,1
2218,23
2219,10
2220,23
2221,10
2222,24
2223,18
2224,24
2225,14
2226,4
2227,28
2228,4
2229,14
2230,26
2231,1
2232,23
2233,1
2234,26
2235,1
2236,30
2237,18
2238,24
2239,25
2240,18
2241,26
2242,1
2243,26
2244,18
2245,25
2246,24
2247,30
2248,24
2249,20
2250,29
2251,9
2252,13
2253,5
2254,13
2255,5
2256,13
2257,5
2258,8
2259,5
2260,8
2261,22
2262,8
2263,12
2264,9
2265,8
2266,17
2267,8
2268,12
2269,22
2270,16
2271,27
2272,6
2273,13
2274,9
2275,12
2276,17
2277,22
2278,8
2279,16
2280,29
2281,6
2282,29
2283,22
2284,17
2285,8
2286,12
2287,22
2288,17
2289,22
2290,19
2291,22
2292,16
2293,29
2294,20
2295,24
2296,18
2297,2
2298,11
2299,23
2300,10
2301,23
2302,11
2303,2
2304,4
2305,30
2306,26
2307,18
2308,30
2309,26
2310,1
2311,23
2312,1
2313,23
2314,11
2315,24
2316,18
2317,25
2318,28
2319,25
2320,24
2321,30
2322,24
2323,20
2324,24
2325,10
2326,23
2327,10
2328,23
2329,11
2330,24
2331,25
2332,24
2333,25
2334,18
2335,24
2336,11
2337,2
2338,18
2339,26
2340,18
2341,25
2342,28
2343,25
2344,18
2345,26
2346,18
2347,4
2348,14
2349,10
2350,14
2351,4
2352,30
2353,24
2354,20
2355,24
2356,25
2357,28
2358,4
2359,2
2360,4
2361,30
2362,26
2363,18
2364,26
2365,14
2366,10
2367,24
2368,25
2369,24
2370,25
2371,24
2372,10
2373,24
2374,30
2375,1
2376,30
2377,18
2378,2
2379,11
2380,24
2381,11
2382,2
2383,18
2384,4
2385,18
2386,4
2387,14
2388,4
2389,18
2390,2
2391,11
2392,23
2393,10
2394,24
2395,10
2396,23
2397,11
2398,24
2399,30
2400,26
2401,18
2402,26
2403,14
2404,26
2405,18
2406,26
2407,14
2408,24
2409,14
2410,26
2411,30
2412,18
2413,4
2414,18
2415,26
2416,14
2417,24
2418,20
2419,24
2420,25
2421,18
2422,2
2423,11
2424,23
2425,10
2426,23
2427,10
2428,23
2429,10
2430,23
2431,10
2432,24
2433,20
2434,21
2435,6
2436,13
2437,9
2438,13
2439,6
2440,13
2441,9
2442,12
2443,9
2444,12
2445,9
2446,29
2447,9
2448,29
2449,16
2450,8
2451,12
2452,22
2453,8
2454,22
2455,19
2456,22
2457,5
2458,19
2459,22
2460,19
2461,5
2462,19
2463,22
2464,5
2465,19
2466,5
2467,8
2468,9
2469,29
2470,22
2471,5
2472,13
2473,6
2474,29
2475,9
2476,29
2477,7
2478,29
2479,22
2480,29
2481,7
2482,6
2483,29
2484,9
2485,13
2486,9
2487,29
2488,16
2489,22
2490,12
2491,19
2492,22
2493,19
2494,5
2495,22
2496,8
2497,20
2498,8
2499,17
2500,15
2501,17
2502,15
2503,17
2504,15
2505,17
2506,12
2507,19
2508,5
2509,19
2510,22
2511,5
2512,8
2513,20
2514,7
2515,20
2516,7
2517,6
2518,13
2519,6
2520,27
2521,6
2522,7
2523,20
2524,21
2525,20
2526,21
2527,6
2528,13
2529,5
2530,13
2531,9
2532,8
2533,9
2534,12
2535,19
2536,22
2537,19
2538,22
2539,12
2540,8
2541,5
2542,19
2543,22
2544,29
2545,22
2546,17
2547,15
2548,17
2549,22
2550,8
2551,5
2552,22
2553,8
2554,9
2555,29
2556,20
2557,21
2558,6
2559,7
2560,20
2561,24
2562,14
2563,24
2564,25
2565,18
2566,4
2567,28
2568,4
2569,30
2570,1
2571,23
2572,11
2573,23
2574,10
2575,24
2576,14
2577,4
2578,18
2579,26
2580,1
2581,3
2582,1
2583,26
2584,18
2585,30
2586,26
2587,14
2588,10
2589,14
2590,30
2591,1
2592,30
2593,1
2594,26
2595,18
2596,26
2597,18
2598,30
2599,3
2600,30
2601,3
2602,1
2603,3
2604,1
2605,30
2606,1
2607,3
2608,1
2609,30
2610,24
2611,20
2612,21
2613,20
2614,21
2615,6
2616,13
2617,6
2618,13
2619,9
2620,27
2621,16
2622,27
2623,16
2624,27
2625,9
2626,12
2627,19
2628,5
2629,22
2630,12
2631,19
2632,22
2633,8
2634,22
2635,19
2636,22
2637,5
2638,19
2639,5
2640,13
2641,5
2642,19
2643,22
2644,16
2645,22
2646,29
2647,6
2648,13
2649,5
2650,19
2651,12
2652,9
2653,27
2654,6
2655,13
2656,9
2657,12
2658,9
2659,27
2660,9
2661,13
2662,5
2663,13
2664,9
2665,13
2666,5
2667,13
2668,9
2669,29
2670,16
2671,8
2672,5
2673,19
2674,22
2675,5
2676,22
2677,12
2678,8
2679,17
2680,15
2681,17
2682,15
2683,17
2684,15
2685,17
2686,22
2687,12
2688,8
2689,12
2690,9
2691,8
2692,20
2693,24
2694,20
2695,7
2696,20
2697,21
2698,6
2699,13
2700,6
2701,27
2702,9
2703,13
2704,9
2705,27
2706,16
2707,22
2708,19
2709,12
2710,22
2711,5
2712,8
2713,17
2714,15
2715,17
2716,15
2717,17
2718,12
2719,8
2720,17
2721,22
2722,5
2723,22
2724,12
2725,22
2726,19
2727,5
2728,8
2729,22
2730,8
2731,16
2732,8
2733,16
2734,22
2735,29
2736,6
2737,13
2738,5
2739,19
2740,12
2741,8
2742,12
2743,19
2744,22
2745,12
2746,8
2747,16
2748,8
2749,17
2750,15
2751,17
2752,12
2753,17
2754,22
2755,19
2756,5
2757,8
2758,20
2759,8
2760,12
2761,17
2762,12
2763,22
2764,16
2765,27
2766,6
2767,7
2768,6
2769,13
2770,6
2771,7
2772,29
2773,7
2774,6
2775,7
2776,29
2777,7
2778,20
2779,29
2780,22
2781,12
2782,22
2783,8
2784,12
2785,22
2786,17
2787,22
2788,17
2789,8
2790,16
2791,8
2792,9
2793,13
2794,9
2795,13
2796,9
2797,13
2798,5
2799,8
2800,22
2801,16
2802,22
2803,29
2804,20
2805,29
2806,9
2807,12
2808,22
2809,12
2810,22
2811,29
2812,22
2813,5
2814,8
2815,12
2816,8
2817,9
2818,8
2819,16
2820,22
2821,8
2822,17
2823,8
2824,12
2825,8
2826,16
2827,29
2828,16
2829,22
2830,29
2831,7
2832,20
2833,21
2834,20
2835,8
2836,17
2837,8
2838,22
2839,17
2840,22
2841,5
2842,13
2843,9
2844,13
2845,9
2846,29
2847,7
2848,6
2849,13
2850,5
2851,13
2852,9
2853,12
2854,17
2855,22
2856,17
2857,22
2858,19
2859,5
2860,8
2861,9
2862,12
2863,22
2864,29
2865,20
2866,8
2867,22
2868,17
2869,15
2870,17
2871,22
2872,12
2873,19
2874,5
2875,13
2876,5
2877,13
2878,5
2879,13
2880,6
2881,27
2882,6
2883,27
2884,16
2885,22
2886,29
2887,16
2888,8
2889,17
2890,22
2891,17
2892,8
2893,16
2894,8
2895,16
2896,22
2897,8
2898,17
2899,15
2900,17
2901,8
2902,16
2903,27
2904,16
2905,22
2906,5
2907,8
2908,22
2909,5
2910,8
2911,5
2912,8
2913,22
2914,17
2915,15
2916,17
2917,12
2918,22
2919,5
2920,8
2921,17
2922,15
2923,17
2924,15
2925,17
2926,8
2927,5
2928,8
2929,17
2930,15
2931,17
2932,15
2933,17
2934,15
2935,17
2936,22
2937,16
2938,27
2939,9
2940,12
2941,8
2942,5
2943,13
2944,6
2945,29
2946,22
2947,19
2948,12
2949,17
2950,8
2951,12
2952,19
2953,12
2954,17
2955,15
2956,17
2957,8
2958,22
2959,17
2960,12
2961,22
2962,17
2963,15
2964,17
2965,8
2966,20
2967,8
2968,22
2969,5
2970,22
2971,12
2972,22
2973,16
2974,22
2975,16
2976,22
2977,8
2978,16
2979,27
2980,6
2981,21
2982,20
2983,7
2984,6
2985,7
2986,20
2987,24
2988,10
2989,23
2990,1
2991,3
2992,1
2993,3
2994,1
2995,3
2996,30
2997,18
2998,4
2999,2
3000,18
3001,24
3002,30
3003,24
3004,25
3005,28
3006,4
3007,30
3008,18
3009,30
3010,24
3011,20
3012,21
3013,20
3014,8
3015,12
3016,8
3017,20
3018,24
3019,11
3020,24
3021,30
3022,18
3023,4
3024,30
3025,14
3026,26
3027,1
3028,30
3029,26
3030,1
3031,30
3032,26
3033,18
3034,25
3035,28
3036,25
3037,24
3038,20
3039,24
3040,30
3041,26
3042,14
3043,4
3044,2
3045,18
3046,30
3047,1
3048,3
3049,1
3050,23
3051,1
3052,23
3053,10
3054,14
3055,26
3056,14
3057,4
3058,30
3059,18
3060,2
3061,18
3062,25
3063,24
3064,30
3065,24
3066,18
3067,26
3068,1
3069,30
3070,14
3071,10
3072,23
3073,10
3074,23
3075,1
3076,26
3077,30
3078,18
3079,2
3080,18
3081,25
3082,18
3083,4
3084,30
3085,3
3086,1
3087,30
3088,14
3089,26
3090,1
3091,30
3092,4
3093,14
3094,10
3095,14
3096,24
3097,20
3098,29
3099,20
3100,7
3101,29
3102,22
3103,16
3104,29
3105,20
3106,29
3107,16
3108,29
3109,7
3110,20
3111,7
3112,6
3113,21
3114,6
3115,21
3116,6
3117,27
3118,6
3119,21
3120,20
3121,21
3122,20
3123,8
3124,22
3125,19
3126,12
3127,17
3128,22
3129,5
3130,19
3131,12
3132,8
3133,12
3134,8
3135,16
3136,27
3137,16
3138,27
3139,6
3140,13
3141,9
3142,12
3143,8
3144,9
3145,12
3146,22
3147,19
3148,22
3149,12
3150,19
3151,22
3152,29
3153,6
3154,13
3155,6
3156,29
3157,6
3158,7
3159,6
3160,13
3161,9
3162,13
3163,6
3164,29
3165,20
3166,8
3167,16
3168,29
3169,16
3170,8
3171,12
3172,9
3173,8
3174,17
3175,22
3176,29
3177,9
3178,27
3179,16
3180,22
3181,12
3182,17
3183,8
3184,20
3185,24
3186,18
3187,30
3188,1
3189,30
3190,4
3191,4
3192,30
3193,14
3194,10
3195,14
3196,30
3197,14
3198,26
3199,30
3200,26
3201,14
3202,4
3203,2
3204,4
3205,18
3206,4
3207,14
3208,4
3209,28
3210,25
3211,28
3212,4
3213,30
3214,24
3215,18
3216,25
3217,18
3218,24
3219,10
3220,14
3221,4
3222,30
3223,26
3224,1
3225,26
3226,14
3227,30
3228,14
3229,4
3230,18
3231,4
3232,30
3233,1
3234,23
3235,11
3236,23
3237,1
3238,30
3239,26
3240,18
3241,4
3242,30
3243,24
3244,14
3245,10
3246,14
3247,24
3248,20
3249,29
3250,9
3251,8
3252,5
3253,13
3254,5
3255,22
3256,8
3257,17
3258,8
3259,5
3260,22
3261,5
3262,19
3263,12
3264,19
3265,22
3266,29
3267,6
3268,27
3269,9
3270,29
3271,7
3272,20
3273,7
3274,29
3275,22
3276,16
3277,29
3278,20
3279,8
3280,12
3281,19
3282,12
3283,22
3284,5
3285,22
3286,12
3287,19
3288,12
3289,8
3290,5
3291,22
3292,19
3293,5
3294,19
3295,12
3296,22
3297,16
3298,22
3299,17
3300,8
3301,9
3302,8
3303,20
3304,29
3305,7
3306,20
3307,8
3308,5
3309,19
3310,22
3311,19
3312,5
3313,22
3314,29
3315,9
3316,29
3317,9
3318,27
3319,6
3320,29
3321,6
3322,29
3323,16
3324,22
3325,5
3326,22
3327,19
3328,22
3329,5
3330,19
3331,12
3332,9
3333,13
3334,6
3335,21
3336,20
3337,21
3338,6
3339,29
3340,6
3341,29
3342,16
3343,29
3344,20
3345,8
3346,22
3347,5
3348,19
3349,5
3350,8
3351,9
3352,12
3353,19
3354,22
3355,8
3356,9
3357,13
3358,9
3359,13
3360,6
3361,29
3362,20
3363,7
3364,29
3365,16
3366,27
3367,9
3368,8
3369,16
3370,27
3371,6
3372,21
3373,6
3374,13
3375,5
3376,8
3377,22
3378,16
3379,22
3380,17
3381,15
3382,17
3383,15
3384,17
3385,12
3386,9
3387,27
3388,9
3389,8
3390,22
3391,8
3392,20
3393,29
3394,7
3395,6
3396,21
3397,6
3398,29
3399,9
3400,29
3401,6
3402,27
3403,16
3404,29
3405,16
3406,29
3407,16
3408,22
3409,16
3410,22
3411,29
3412,7
3413,6
3414,13
3415,9
3416,29
3417,22
3418,12
3419,8
3420,16
3421,27
3422,6
3423,13
3424,9
3425,27
3426,6
3427,29
3428,20
3429,7
3430,20
3431,24
3432,25
3433,18
3434,30
3435,26
3436,14
3437,10
3438,14
3439,30
3440,4
3441,30
3442,1
3443,30
3444,4
3445,28
3446,4
3447,14
3448,4
3449,2
3450,4
3451,2
3452,18
3453,25
3454,24
3455,20
3456,21
3457,6
3458,29
3459,7
3460,20
3461,24
3462,20
3463,7
3464,6
3465,7
3466,20
3467,8
3468,9
3469,27
3470,16
3471,29
3472,20
3473,21
3474,20
3475,24
3476,18
3477,4
3478,2
3479,18
3480,25
3481,28
3482,4
3483,18
3484,24
3485,20
3486,8
3487,12
3488,9
3489,12
3490,8
3491,20
3492,8
3493,22
3494,8
3495,17
3496,22
3497,8
3498,12
3499,8
3500,22
3501,12
3502,9
3503,13
3504,5
3505,8
3506,5
3507,22
3508,29
3509,9
3510,13
3511,5
3512,22
3513,5
3514,19
3515,22
3516,19
3517,22
3518,17
3519,12
3520,19
3521,12
3522,9
3523,27
3524,6
3525,27
3526,16
3527,8
3528,17
3529,22
3530,19
3531,22
3532,19
3533,12
3534,22
3535,5
3536,8
3537,22
3538,5
3539,19
3540,12
3541,19
3542,5
3543,8
3544,16
3545,22
3546,5
3547,13
3548,9
3549,12
3550,17
3551,15
3552,17
3553,22
3554,8
3555,17
3556,8
3557,12
3558,22
3559,16
3560,29
3561,9
3562,12
3563,22
3564,19
3565,12
3566,8
3567,20
3568,21
3569,6
3570,29
3571,9
3572,27
3573,16
3574,8
3575,17
3576,15
3577,17
3578,15
3579,17
3580,8
3581,12
3582,9
3583,27
3584,6
3585,21
3586,20
3587,24
3588,14
3589,10
3590,23
3591,11
3592,24
3593,14
3594,24
3595,25
3596,24
3597,20
3598,29
3599,16
3600,22
3601,16
3602,27
3603,9
3604,12
3605,17
3606,8
3607,9
3608,12
3609,9
3610,8
3611,17
3612,12
3613,8
3614,5
3615,22
3616,17
3617,12
3618,19
3619,22
3620,12
3621,19
3622,12
3623,17
3624,8
3625,12
3626,22
3627,17
3628,15
3629,17
3630,22
3631,12
3632,19
3633,12
3634,8
3635,16
3636,27
3637,9
3638,29
3639,16
3640,8
3641,16
3642,27
3643,16
3644,8
3645,12
3646,8
3647,22
3648,16
3649,27
3650,9
3651,29
3652,22
3653,19
3654,5
3655,13
3656,5
3657,19
3658,5
3659,8
3660,9
3661,29
3662,6
3663,13
3664,6
3665,29
3666,20
3667,8
3668,16
3669,27
3670,9
3671,27
3672,6
3673,27
3674,16
3675,29
3676,22
3677,5
3678,22
3679,29
3680,22
3681,16
3682,29
3683,22
3684,29
3685,20
3686,29
3687,22
3688,29
3689,20
3690,7
3691,20
3692,8
3693,9
3694,27
3695,16
3696,8
3697,12
3698,22
3699,17
3700,15
3701,17
3702,15
3703,17
3704,8
3705,9
3706,27
3707,16
3708,22
3709,5
3710,19
3711,5
3712,8
3713,9
3714,27
3715,9
3716,29
3717,22
3718,29
3719,22
3720,19
3721,12
3722,8
3723,22
3724,19
3725,12
3726,22
3727,12
3728,8
3729,9
3730,13
3731,5
3732,19
3733,5
3734,13
3735,5
3736,22
3737,17
3738,8
3739,12
3740,19
3741,22
3742,12
3743,22
3744,17
3745,12
3746,22
3747,8
3748,20
3749,7
3750,6
3751,27
3752,6
3753,7
3754,29
3755,16
3756,8
3757,16
3758,8
3759,12
3760,22
3761,29
3762,9
3763,29
3764,9
3765,8
3766,16
3767,29
3768,22
3769,17
3770,8
3771,16
3772,29
3773,9
3774,29
3775,20
3776,29
3777,9
3778,12
3779,17
3780,22
3781,29
3782,7
3783,29
3784,22
3785,16
3786,29
3787,7
3788,6
3789,7
3790,20
3791,8
3792,22
3793,19
3794,22
3795,16
3796,8
3797,16
3798,22
3799,19
3800,22
3801,12
3802,17
3803,15
3804,17
3805,15
3806,17
3807,22
3808,16
3809,27
3810,6
3811,13
3812,5
3813,22
3814,5
3815,22
3816,8
3817,5
3818,19
3819,5
3820,22
3821,17
3822,12
3823,19
3824,22
3825,19
3826,22
3827,16
3828,29
3829,9
3830,8
3831,20
3832,8
3833,22
3834,8
3835,20
3836,21
3837,20
3838,7
3839,6
3840,13
3841,6
3842,21
3843,6
3844,7
3845,29
3846,9
3847,13
3848,9
3849,12
3850,9
3851,12
3852,8
3853,16
3854,22
3855,8
3856,20
3857,8
3858,22
3859,12
3860,8
3861,5
3862,19
3863,22
3864,19
3865,5
3866,13
3867,5
3868,19
3869,22
3870,8
3871,20
3872,7
3873,6
3874,13
3875,5
3876,19
3877,5
3878,22
3879,5
3880,13
3881,5
3882,19
3883,22
3884,16
3885,22
3886,22
3887,29
3888,22
3889,12
3890,22
3891,12
3892,8
3893,12
3894,9
3895,8
3896,12
3897,17
3898,15
3899,17
3900,15
3901,17
3902,8
3903,20
3904,7
3905,6
3906,27
3907,9
3908,8
3909,22
3910,16
3911,27
3912,9
3913,27
3914,9
3915,8
3916,16
3917,29
3918,16
3919,8
3920,5
3921,19
3922,22
3923,17
3924,15
3925,17
3926,22
3927,12
3928,8
3929,17
3930,15
3931,17
3932,22
3933,19
3934,22
3935,8
3936,16
3937,29
3938,9
3939,29
3940,7
3941,6
3942,27
3943,16
3944,27
3945,16
3946,8
3947,22
3948,12
3949,8
3950,12
3951,9
3952,12
3953,22
3954,12
3955,22
3956,12
3957,8
3958,16
3959,8
3960,17
3961,12
3962,9
3963,8
3964,20
3965,29
3966,20
3967,8
3968,20
3969,7
3970,20
3971,8
3972,5
3973,19
3974,22
3975,12
3976,17
3977,8
3978,9
3979,13
3980,9
3981,12
3982,22
3983,16
3984,22
3985,5
3986,22
3987,16
3988,8
3989,16
3990,8
3991,20
3992,8
3993,5
3994,13
3995,6
3996,21
3997,6
3998,27
3999,9
4000,27
4001,9
4002,29
4003,22
4004,8
4005,22
4006,8
4007,17
4008,22
4009,29
4010,6
4011,27
4012,6
4013,27
4014,6
4015,27
4016,9
4017,13
4018,6
4019,13
4020,6
4021,7
4022,29
4023,20
4024,24
4025,18
4026,24
4027,14
4028,26
4029,30
4030,4
4031,28
4032,25
4033,24
4034,30
4035,18
4036,4
4037,14
4038,26
4039,1
4040,26
4041,14
4042,30
4043,24
4044,10
4045,14
4046,4
4047,2
4048,4
4049,30
4050,26
4051,30
4052,26
4053,30
4054,24
4055,14
4056,26
4057,18
4058,26
4059,14
4060,4
4061,18
4062,4
4063,30
4064,24
4065,25
4066,24
4067,25
4068,24
4069,30
4070,14
4071,26
4072,14
4073,4
4074,14
4075,24
4076,30
4077,14
4078,10
4079,24
4080,11
4081,23
4082,1
4083,3
4084,1
4085,26
4086,30
4087,14
4088,24
4089,25
4090,18
4091,4
4092,30
4093,1
4094,30
4095,3
4096,30
4097,4
4098,18
4099,24
4100,10
4101,23
4102,11
4103,2
4104,4
4105,28
4106,4
4107,30
4108,26
4109,30
4110,26
4111,18
4112,24
4113,11
4114,24
4115,14
4116,26
4117,1
4118,30
4119,14
4120,30
4121,18
4122,26
4123,18
4124,2
4125,4
4126,2
4127,18
4128,30
4129,26
4130,30
4131,24
4132,14
4133,24
4134,25
4135,24
4136,30
4137,14
4138,4
4139,28
4140,4
4141,2
4142,4
4143,2
4144,4
4145,30
4146,26
4147,1
4148,30
4149,26
4150,14
4151,30
4152,26
4153,30
4154,18
4155,26
4156,1
4157,3
4158,1
4159,30
4160,3
4161,1
4162,3
4163,30
4164,26
4165,14
4166,30
4167,3
4168,30
4169,4
4170,30
4171,18
4172,2
4173,4
4174,28
4175,4
4176,28
4177,4
4178,2
4179,4
4180,2
4181,4
4182,14
4183,4
4184,28
4185,25
4186,24
4187,18
4188,30
4189,24
4190,10
4191,24
4192,11
4193,2
4194,11
4195,23
4196,1
4197,3
4198,30
4199,4
4200,14
4201,10
4202,23
4203,11
4204,23
4205,11
4206,24
4207,20
4208,29
4209,6
4210,21
4211,6
4212,29
4213,6
4214,27
4215,16
4216,27
4217,16
4218,22
4219,8
4220,12
4221,19
4222,12
4223,17
4224,12
4225,22
4226,17
4227,12
4228,22
4229,8
4230,22
4231,16
4232,8
4233,16
4234,27
4235,9
4236,8
4237,17
4238,12
4239,17
4240,15
4241,17
4242,22
4243,16
4244,27
4245,6
4246,21
4247,20
4248,7
4249,20
4250,29
4251,16
4252,22
4253,8
4254,16
4255,27
4256,6
4257,7
4258,29
4259,20
4260,24
4261,25
4262,18
4263,2
4264,18
4265,25
4266,24
4267,25
4268,28
4269,25
4270,24
4271,20
4272,29
4273,20
4274,24
4275,14
4276,4
4277,30
4278,26
4279,30
4280,3
4281,30
4282,1
4283,3
4284,30
4285,3
4286,30
4287,18
4288,24
4289,14
4290,26
4291,30
4292,14
4293,4
4294,30
4295,3
4296,30
4297,26
4298,1
4299,26
4300,30
4301,26
4302,14
4303,24
4304,30
4305,26
4306,18
4307,30
4308,14
4309,30
4310,3
4311,30
4312,26
4313,14
4314,4
4315,30
4316,18
4317,4
4318,18
4319,4
4320,18
4321,2
4322,4
4323,30
4324,14
4325,30
4326,24
4327,30
4328,26
4329,14
4330,4
4331,2
4332,4
4333,2
4334,4
4335,14
4336,24
4337,14
4338,26
4339,1
4340,23
4341,10
4342,23
4343,1
4344,30
4345,24
4346,25
4347,24
4348,20
4349,8
4350,9
4351,27
4352,16
4353,27
4354,16
4355,8
4356,22
4357,17
4358,22
4359,17
4360,22
4361,12
4362,8
4363,12
4364,22
4365,16
4366,27
4367,9
4368,13
4369,9
4370,27
4371,6
4372,21
4373,6
4374,7
4375,6
4376,13
4377,9
4378,8
4379,12
4380,19
4381,22
4382,12
4383,22
4384,8
4385,12
4386,22
4387,12
4388,19
4389,5
4390,19
4391,22
4392,17
4393,12
4394,8
4395,20
4396,29
4397,22
4398,16
4399,29
4400,22
4401,19
4402,5
4403,13
4404,5
4405,13
4406,5
4407,8
4408,16
4409,27
4410,6
4411,21
4412,6
4413,29
4414,20
4415,24
4416,25
4417,28
4418,4
4419,2
4420,18
4421,30
4422,3
4423,30
4424,18
4425,30
4426,3
4427,1
4428,3
4429,1
4430,30
4431,18
4432,26
4433,18
4434,25
4435,24
4436,30
4437,1
4438,30
4439,18
4440,2
4441,18
4442,26
4443,18
4444,25
4445,28
4446,4
4447,18
4448,30
4449,24
4450,10
4451,23
4452,11
4453,23
4454,1
4455,23
4456,10
4457,23
4458,1
4459,3
4460,1
4461,3
4462,1
4463,30
4464,1
4465,26
4466,30
4467,18
4468,24
4469,14
4470,24
4471,30
4472,4
4473,30
4474,14
4475,30
4476,26
4477,18
4478,4
4479,14
4480,4
4481,14
4482,26
4483,14
4484,26
4485,14
4486,4
4487,18
4488,2
4489,18
4490,26
4491,30
4492,26
4493,1
4494,3
4495,30
4496,18
4497,25
4498,18
4499,2
4500,18
4501,30
4502,18
4503,2
4504,18
4505,30
4506,3
4507,1
4508,30
4509,1
4510,23
4511,11
4512,2
4513,11
4514,23
4515,1
4516,26
4517,1
4518,30
4519,3
4520,1
4521,30
4522,3
4523,1
4524,23
4525,10
4526,24
4527,20
4528,24
4529,30
4530,26
4531,14
4532,26
4533,18
4534,25
4535,28
4536,4
4537,2
4538,18
4539,4
4540,2
4541,18
4542,26
4543,30
4544,4
4545,18
4546,30
4547,4
4548,30
4549,1
4550,23
4551,11
4552,23
4553,10
4554,14
4555,30
4556,4
4557,18
4558,26
4559,14
4560,30
4561,4
4562,18
4563,24
4564,11
4565,23
4566,11
4567,24
4568,25
4569,28
4570,25
4571,28
4572,25
4573,18
4574,24
4575,18
4576,4
4577,18
4578,24
4579,14
4580,24
4581,25
4582,28
4583,25
4584,18
4585,25
4586,28
4587,4
4588,18
4589,30
4590,3
4591,30
4592,1
4593,26
4594,30
4595,26
4596,14
4597,24
4598,14
4599,26
4600,14
4601,30
4602,14
4603,26
4604,30
4605,4
4606,18
4607,24
4608,18
4609,30
4610,24
4611,30
4612,24
4613,25
4614,28
4615,4
4616,30
4617,1
4618,23
4619,1
4620,23
4621,10
4622,14
4623,10
4624,14
4625,26
4626,14
4627,4
4628,2
4629,4
4630,28
4631,25
4632,24
4633,30
4634,4
4635,14
4636,10
4637,23
4638,1
4639,30
4640,4
4641,14
4642,24
4643,25
4644,28
4645,25
4646,24
4647,30
4648,18
4649,25
4650,28
4651,4
4652,2
4653,18
4654,24
4655,25
4656,24
4657,10
4658,24
4659,14
4660,4
4661,14
4662,10
4663,23
4664,11
4665,23
4666,10
4667,24
4668,10
4669,14
4670,4
4671,14
4672,26
4673,30
4674,4
4675,18
4676,26
4677,1
4678,3
4679,30
4680,3
4681,30
4682,1
4683,30
4684,18
4685,30
4686,14
4687,4
4688,14
4689,24
4690,30
4691,1
4692,26
4693,18
4694,30
4695,3
4696,1
4697,23
4698,1
4699,26
4700,30
4701,14
4702,4
4703,2
4704,18
4705,30
4706,26
4707,1
4708,23
4709,1
4710,23
4711,11
4712,2
4713,4
4714,30
4715,18
4716,25
4717,24
4718,18
4719,4
4720,28
4721,25
4722,18
4723,24
4724,11
4725,23
4726,11
4727,23
4728,11
4729,24
4730,25
4731,24
4732,25
4733,18
4734,4
4735,14
4736,24
4737,25
4738,18
4739,26
4740,1
4741,3
4742,30
4743,4
4744,28
4745,25
4746,28
4747,4
4748,30
4749,24
4750,25
4751,18
4752,25
4753,28
4754,4
4755,18
4756,25
4757,24
4758,18
4759,25
4760,28
4761,4
4762,28
4763,25
4764,28
4765,4
4766,18
4767,30
4768,1
4769,30
4770,18
4771,26
4772,14
4773,24
4774,10
4775,23
4776,10
4777,23
4778,1
4779,30
4780,26
4781,18
4782,24
4783,14
4784,24
4785,10
4786,24
4787,11
4788,24
4789,11
4790,24
4791,25
4792,24
4793,11
4794,24
4795,11
4796,24
4797,11
4798,23
4799,11
4800,23
4801,10
4802,23
4803,10
4804,24
4805,30
4806,18
4807,25
4808,18
4809,30
4810,24
4811,20
4812,8
4813,17
4814,8
4815,12
4816,22
4817,5
4818,13
4819,5
4820,19
4821,12
4822,22
4823,19
4824,12
4825,8
4826,12
4827,9
4828,29
4829,22
4830,16
4831,29
4832,22
4833,8
4834,5
4835,22
4836,29
4837,20
4838,7
4839,20
4840,29
4841,6
4842,29
4843,20
4844,8
4845,17
4846,12
4847,8
4848,12
4849,17
4850,8
4851,12
4852,8
4853,17
4854,22
4855,19
4856,5
4857,13
4858,6
4859,21
4860,20
4861,29
4862,6
4863,13
4864,5
4865,8
4866,16
4867,29
4868,7
4869,20
4870,24
4871,14
4872,26
4873,18
4874,2
4875,4
4876,2
4877,18
4878,2
4879,4
4880,2
4881,18
4882,4
4883,14
4884,30
4885,1
4886,23
4887,10
4888,24
4889,14
4890,24
4891,18
4892,30
4893,26
4894,1
4895,30
4896,4
4897,2
4898,4
4899,30
4900,24
4901,11
4902,23
4903,1
4904,30
4905,1
4906,3
4907,1
4908,30
4909,26
4910,1
4911,3
4912,30
4913,4
4914,18
4915,30
4916,3
4917,30
4918,24
4919,10
4920,14
4921,26
4922,18
4923,4
4924,14
4925,10
4926,23
4927,10
4928,14
4929,4
4930,30
4931,3
4932,1
4933,3
4934,30
4935,18
4936,2
4937,18
4938,4
4939,2
4940,4
4941,18
4942,2
4943,18
4944,2
4945,18
4946,24
4947,18
4948,26
4949,18
4950,30
4951,18
4952,25
4953,28
4954,4
4955,30
4956,14
4957,30
4958,3
4959,1
4960,3
4961,1
4962,23
4963,10
4964,23
4965,10
4966,14
4967,30
4968,24
4969,18
4970,25
4971,28
4972,25
4973,18
4974,2
4975,4
4976,18
4977,26
4978,30
4979,1
4980,23
4981,11
4982,2
4983,18
4984,26
4985,14
4986,24
4987,10
4988,23
4989,11
4990,2
4991,11
4992,24
4993,20
4994,21
4995,20
4996,21
4997,6
4998,27
4999,16
5000,8
5001,16
5002,27
5003,6
5004,27
5005,9
5006,27
5007,16
5008,22
5009,8
5010,5
5011,13
5012,9
5013,27
5014,9
5015,29
5016,9
5017,29
5018,9
5019,12
5020,9
5021,12
5022,22
5023,19
5024,12
5025,8
5026,16
5027,29
5028,20
5029,21
5030,6
5031,29
5032,7
5033,20
5034,29
5035,6
5036,27
5037,16
5038,27
5039,9
5040,13
5041,5
5042,8
5043,17
5044,22
5045,29
5046,22
5047,5
5048,19
5049,5
5050,13
5051,6
5052,27
5053,16
5054,22
5055,5
5056,22
5057,8
5058,9
5059,8
5060,20
5061,21
5062,20
5063,7
5064,6
5065,7
5066,29
5067,7
5068,20
5069,8
5070,9
5071,29
5072,9
5073,13
5074,5
5075,13
5076,6
5077,13
5078,6
5079,21
5080,6
5081,21
5082,6
5083,27
5084,16
5085,22
5086,19
5087,22
5088,5
5089,22
5090,12
5091,9
5092,27
5093,6
5094,29
5095,9
5096,27
5097,9
5098,27
5099,6
5100,27
5101,9
5102,13
5103,9
5104,27
5105,16
5106,29
5107,22
5108,19
5109,22
5110,29
5111,20
5112,8
5113,22
5114,5
5115,13
5116,9
5117,8
5118,16
5119,29
5120,16
5121,22
5122,16
5123,22
5124,8
5125,16
5126,29
5127,22
5128,8
5129,22
5130,5
5131,22
5132,29
5133,16
5134,27
5135,6
5136,29
5137,16
5138,22
5139,5
5140,13
5141,5
5142,13
5143,6
5144,13
5145,6
5146,29
5147,16
5148,27
5149,6
5150,29
5151,22
5152,19
5153,5
5154,13
5155,9
5156,27
5157,9
5158,29
5159,22
5160,19
5161,5
5162,13
5163,5
5164,13
5165,6
5166,13
5167,9
5168,27
5169,9
5170,13
5171,9
5172,27
5173,9
5174,13
5175,9
5176,12
5177,9
5178,29
5179,20
5180,21
5181,6
5182,13
5183,5
5184,22
5185,16
5186,22
5187,17
5188,8
5189,17
5190,8
5191,5
5192,22
5193,8
5194,12
5195,22
5196,29
5197,16
5198,27
5199,16
5200,27
5201,9
5202,29
5203,16
5204,22
5205,19
5206,5
5207,19
5208,22
5209,16
5210,8
5211,5
5212,8
5213,17
5214,22
5215,5
5216,19
5217,5
5218,22
5219,16
5220,27
5221,9
5222,8
5223,9
5224,27
5225,9
5226,29
5227,22
5228,12
5229,9
5230,12
5231,19
5232,22
5233,29
5234,9
5235,8
5236,22
5237,29
5238,16
5239,8
5240,20
5241,24
5242,18
5243,24
5244,20
5245,24
5246,14
5247,4
5248,28
5249,25
5250,28
5251,4
5252,30
5253,1
5254,23
5255,10
5256,14
5257,26
5258,14
5259,26
5260,14
5261,10
5262,23
5263,11
5264,2
5265,18
5266,30
5267,26
5268,18
5269,24
5270,11
5271,2
5272,18
5273,30
5274,14
5275,30
5276,3
5277,1
5278,23
5279,1
5280,30
5281,1
5282,30
5283,3
5284,1
5285,23
5286,1
5287,3
5288,30
5289,4
5290,30
5291,3
5292,30
5293,26
5294,18
5295,4
5296,18
5297,24
5298,18
5299,25
5300,24
5301,20
5302,7
5303,20
5304,8
5305,12
5306,17
5307,15
5308,17
5309,15
5310,17
5311,22
5312,17
5313,12
5314,22
5315,29
5316,20
5317,21
5318,20
5319,24
5320,14
5321,24
5322,25
5323,18
5324,24
5325,30
5326,18
5327,25
5328,18
5329,25
5330,18
5331,30
5332,14
5333,10
5334,24
5335,11
5336,24
5337,20
5338,24
5339,20
5340,29
5341,7
5342,6
5343,21
5344,6
5345,21
5346,6
5347,21
5348,20
5349,8
5350,20
5351,21
5352,6
5353,27
5354,6
5355,27
5356,6
5357,29
5358,7
5359,29
5360,6
5361,27
5362,16
5363,29
5364,22
5365,8
5366,5
5367,8
5368,17
5369,12
5370,19
5371,22
5372,19
5373,5
5374,22
5375,17
5376,12
5377,9
5378,8
5379,16
5380,22
5381,19
5382,22
5383,16
5384,27
5385,16
5386,8
5387,20
5388,29
5389,20
5390,8
5391,20
5392,8
5393,22
5394,12
5395,22
5396,8
5397,17
5398,12
5399,19
5400,5
5401,13
5402,6
5403,29
5404,20
5405,24
5406,11
5407,2
5408,4
5409,28
5410,25
5411,28
5412,25
5413,18
5414,2
5415,4
5416,28
5417,4
5418,30
5419,24
5420,18
5421,25
5422,18
5423,25
5424,18
5425,2
5426,11
5427,23
5428,1
5429,3
5430,1
5431,30
5432,4
5433,28
5434,4
5435,14
5436,10
5437,24
5438,25
5439,18
5440,4
5441,18
5442,2
5443,18
5444,30
5445,18
5446,2
5447,4
5448,14
5449,26
5450,18
5451,2
5452,18
5453,24
5454,30
5455,14
5456,30
5457,3
5458,1
5459,23
5460,10
5461,23
5462,10
5463,24
5464,10
5465,14
5466,10
5467,24
5468,11
5469,2
5470,11
5471,23
5472,11
5473,23
5474,10
5475,23
5476,11
5477,23
5478,1
5479,23
5480,11
5481,2
5482,18
5483,25
5484,28
5485,25
5486,24
5487,10
5488,14
5489,26
5490,14
5491,26
5492,30
5493,14
5494,24
5495,18
5496,24
5497,10
5498,23
5499,11
5500,24
5501,18
5502,4
5503,14
5504,10
5505,24
5506,14
5507,24
5508,25
5509,18
5510,26
5511,18
5512,26
5513,18
5514,26
5515,18
5516,26
5517,18
5518,26
5519,18
5520,24
5521,18
5522,25
5523,24
5524,25
5525,18
5526,26
5527,1
5528,26
5529,18
5530,30
5531,1
5532,30
5533,14
5534,4
5535,28
5536,4
5537,14
5538,30
5539,3
5540,1
5541,3
5542,1
5543,3
5544,30
5545,14
5546,30
5547,18
5548,30
5549,18
5550,2
5551,18
5552,26
5553,18
5554,26
5555,30
5556,4
5557,28
5558,4
5559,28
5560,4
5561,14
5562,24
5563,25
5564,18
5565,25
5566,18
5567,4
5568,14
5569,4
5570,18
5571,2
5572,11
5573,2
5574,4
5575,14
5576,4
5577,18
5578,26
5579,18
5580,24
5581,14
5582,4
5583,14
5584,24
5585,11
5586,23
5587,11
5588,2
5589,4
5590,14
5591,10
5592,23
5593,10
5594,14
5595,26
5596,1
5597,30
5598,14
5599,26
5600,30
5601,18
5602,25
5603,24
5604,10
5605,23
5606,11
5607,23
5608,1
5609,30
5610,1
5611,3
5612,30
5613,3
5614,1
5615,26
5616,1
5617,23
5618,11
5619,24
5620,11
5621,24
5622,11
5623,2
5624,18
5625,2
5626,4
5627,18
5628,24
5629,25
5630,28
5631,25
5632,18
5633,26
5634,18
5635,26
5636,30
5637,24
5638,30
5639,4
5640,2
5641,4
5642,2
5643,4
5644,2
5645,18
5646,30
5647,24
5648,10
5649,24
5650,14
5651,26
5652,1
5653,30
5654,3
5655,30
5656,1
5657,23
5658,10
5659,23
5660,11
5661,23
5662,11
5663,24
5664,30
5665,26
5666,30
5667,3
5668,30
5669,26
5670,30
5671,4
5672,28
5673,4
5674,30
5675,1
5676,23
5677,10
5678,23
5679,1
5680,23
5681,10
5682,14
5683,30
5684,18
5685,26
5686,1
5687,26
5688,30
5689,3
5690,30
5691,1
5692,23
5693,11
5694,23
5695,11
5696,2
5697,4
5698,28
5699,4
5700,2
5701,4
5702,14
5703,24
5704,20
5705,21
5706,20
5707,7
5708,29
5709,20
5710,21
5711,20
5712,29
5713,9
5714,29
5715,6
5716,27
5717,6
5718,21
5719,6
5720,21
5721,20
5722,29
5723,6
5724,13
5725,9
5726,27
5727,9
5728,29
5729,22
5730,12
5731,9
5732,13
5733,9
5734,13
5735,9
5736,8
5737,20
5738,7
5739,6
5740,7
5741,29
5742,22
5743,5
5744,19
5745,22
5746,19
5747,22
5748,29
5749,22
5750,5
5751,22
5752,17
5753,15
5754,17
5755,22
5756,29
5757,16
5758,27
5759,9
5760,8
5761,17
5762,8
5763,9
5764,12
5765,8
5766,16
5767,27
5768,9
5769,27
5770,9
5771,12
5772,17
5773,22
5774,16
5775,27
5776,9
5777,13
5778,5
5779,8
5780,9
5781,8
5782,16
5783,27
5784,6
5785,13
5786,6
5787,27
5788,16
5789,27
5790,16
5791,29
5792,6
5793,27
5794,9
5795,12
5796,8
5797,22
5798,12
5799,17
5800,15
5801,17
5802,15
5803,17
5804,8
5805,22
5806,29
5807,6
5808,21
5809,20
5810,21
5811,6
5812,21
5813,6
5814,13
5815,5
5816,19
5817,22
5818,16
5819,27
5820,6
5821,21
5822,6
5823,29
5824,22
5825,19
5826,12
5827,22
5828,17
5829,15
5830,17
5831,8
5832,17
5833,22
5834,29
5835,22
5836,16
5837,27
5838,16
5839,29
5840,6
5841,21
5842,20
5843,7
5844,6
5845,13
5846,6
5847,29
5848,16
5849,22
5850,19
5851,5
5852,13
5853,6
5854,13
5855,6
5856,29
5857,22
5858,19
5859,22
5860,17
5861,22
5862,16
5863,8
5864,22
5865,5
5866,8
5867,5
5868,22
5869,16
5870,22
5871,16
5872,22
5873,29
5874,6
5875,13
5876,6
5877,27
5878,16
5879,8
5880,9
5881,29
5882,22
5883,5
5884,19
5885,5
5886,8
5887,9
5888,27
5889,6
5890,27
5891,9
5892,29
5893,22
5894,5
5895,19
5896,12
5897,9
5898,13
5899,6
5900,7
5901,29
5902,7
5903,29
5904,7
5905,29
5906,20
5907,21
5908,6
5909,29
5910,6
5911,29
5912,22
5913,16
5914,29
5915,20
5916,29
5917,9
5918,8
5919,5
5920,13
5921,9
5922,8
5923,12
5924,9
5925,13
5926,6
5927,13
5928,9
5929,17
5930,22
5931,5
5932,19
5933,12
5934,9
5935,29
5936,22
5937,17
5938,12
5939,9
5940,29
5941,16
5942,8
5943,20
5944,29
5945,6
5946,21
5947,20
5948,21
5949,6
5950,27
5951,9
5952,29
5953,20
5954,29
5955,20
5956,24
5957,20
5958,7
5959,20
5960,21
5961,20
5962,21
5963,20
5964,21
5965,20
5966,8
5967,17
5968,15
5969,17
5970,15
5971,17
5972,22
5973,17
5974,22
5975,16
5976,27
5977,16
5978,8
5979,16
5980,27
5981,6
5982,7
5983,20
5984,29
5985,22
5986,19
5987,22
5988,17
5989,15
5990,17
5991,15
5992,17
5993,15
5994,17
5995,22
5996,12
5997,9
5998,13
5999,6
6000,27
6001,9
6002,29
6003,6
6004,7
6005,29
6006,6
6007,13
6008,5
6009,22
6010,5
6011,22
6012,8
6013,16
6014,27
6015,9
6016,13
6017,6
6018,29
6019,16
6020,8
6021,5
6022,19
6023,5
6024,13
6025,5
6026,13
6027,6
6028,13
6029,5
6030,19
6031,12
6032,8
6033,17
6034,12
6035,17
6036,12
6037,9
6038,12
6039,9
6040,8
6041,17
6042,8
6043,16
6044,22
6045,5
6046,22
6047,12
6048,8
6049,17
6050,15
6051,17
6052,8
6053,9
6054,13
6055,6
6056,27
6057,9
6058,29
6059,9
6060,8
6061,22
6062,8
6063,17
6064,8
6065,16
6066,27
6067,16
6068,22
6069,12
6070,19
6071,22
6072,29
6073,6
6074,21
6075,20
6076,24
6077,11
6078,2
6079,11
6080,2
6081,18
6082,4
6083,18
6084,2
6085,4
6086,30
6087,24
6088,10
6089,14
6090,24
6091,18
6092,30
6093,4
6094,18
6095,2
6096,18
6097,2
6098,11
6099,23
6100,10
6101,23
6102,1
6103,26
6104,1
6105,3
6106,30
6107,3
6108,30
6109,24
6110,18
6111,30
6112,3
6113,30
6114,14
6115,26
6116,14
6117,10
6118,24
6119,30
6120,14
6121,10
6122,23
6123,11
6124,2
6125,4
6126,2
6127,18
6128,30
6129,24
6130,18
6131,2
6132,4
6133,14
6134,24
6135,10
6136,14
6137,30
6138,14
6139,10
6140,24
6141,10
6142,23
6143,1
6144,30
6145,24
6146,25
6147,24
6148,30
6149,18
6150,4
6151,14
6152,30
6153,18
6154,4
6155,28
6156,25
6157,28
6158,4
6159,28
6160,4
6161,28
6162,4
6163,18
6164,24
6165,25
6166,24
6167,25
6168,18
6169,24
6170,11
6171,24
6172,10
6173,23
6174,1
6175,26
6176,1
6177,3
6178,30
6179,18
6180,26
6181,30
6182,24
6183,14
6184,24
6185,20
6186,29
6187,16
6188,22
6189,12
6190,17
6191,15
6192,17
6193,22
6194,16
6195,22
6196,8
6197,20
6198,29
6199,20
6200,29
6201,9
6202,8
6203,17
6204,8
6205,9
6206,27
6207,6
6208,7
6209,20
6210,8
6211,9
6212,27
6213,16
6214,27
6215,6
6216,13
6217,5
6218,8
6219,16
6220,29
6221,6
6222,21
6223,6
6224,7
6225,20
6226,24
6227,20
6228,29
6229,16
6230,27
6231,6
6232,7
6233,6
6234,21
6235,20
6236,24
6237,14
6238,26
6239,30
6240,3
6241,1
6242,30
6243,18
6244,2
6245,18
6246,25
6247,28
6248,4
6249,18
6250,2
6251,4
6252,30
6253,26
6254,1
6255,23
6256,10
6257,24
6258,25
6259,28
6260,25
6261,24
6262,11
6263,2
6264,18
6265,24
6266,25
6267,28
6268,25
6269,24
6270,10
6271,14
6272,30
6273,1
6274,23
6275,11
6276,2
6277,18
6278,30
6279,1
6280,3
6281,30
6282,24
6283,14
6284,26
6285,18
6286,24
6287,25
6288,24
6289,10
6290,14
6291,4
6292,30
6293,24
6294,20
6295,7
6296,29
6297,7
6298,20
6299,7
6300,6
6301,29
6302,24
6303,11
6304,23
6305,10
6306,14
6307,10
6308,14
6309,24
6310,10
6311,14
6312,4
6313,30
6314,18
6315,2
6316,4
6317,18
6318,26
6319,30
6320,14
6321,24
6322,20
6323,29
6324,7
6325,6
6326,29
6327,6
6328,27
6329,9
6330,27
6331,9
6332,29
6333,7
6334,6
6335,13
6336,9
6337,8
6338,22
6339,29
6340,22
6341,16
6342,8
6343,20
6344,7
6345,29
6346,9
6347,27
6348,6
6349,27
6350,6
6351,13
6352,9
6353,8
6354,22
6355,19
6356,12
6357,17
6358,22
6359,5
6360,22
6361,16
6362,22
6363,19
6364,12
6365,9
6366,29
6367,6
6368,7
6369,20
6370,7
6371,20
6372,29
6373,6
6374,29
6375,7
6376,20
6377,29
6378,7
6379,29
6380,9
6381,12
6382,19
6383,22
6384,19
6385,12
6386,17
6387,22
6388,16
6389,8
6390,12
6391,17
6392,12
6393,9
6394,27
6395,6
6396,29
6397,6
6398,13
6399,9
6400,8
6401,16
6402,8
6403,9
6404,13
6405,6
6406,13
6407,5
6408,19
6409,5
6410,19
6411,5
6412,13
6413,5
6414,8
6415,16
6416,8
6417,12
6418,9
6419,29
6420,16
6421,22
6422,5
6423,8
6424,5
6425,13
6426,5
6427,22
6428,29
6429,6
6430,21
6431,20
6432,24
6433,20
6434,21
6435,6
6436,29
6437,16
6438,29
6439,20
6440,7
6441,6
6442,29
6443,9
6444,27
6445,16
6446,22
6447,16
6448,29
6449,9
6450,12
6451,8
6452,16
6453,22
6454,17
6455,22
6456,5
6457,13
6458,9
6459,29
6460,22
6461,12
6462,17
6463,8
6464,17
6465,15
6466,17
6467,22
6468,29
6469,7
6470,20
6471,29
6472,22
6473,8
6474,5
6475,8
6476,5
6477,8
6478,17
6479,12
6480,22
6481,8
6482,20
6483,29
6484,22
6485,8
6486,12
6487,19
6488,5
6489,8
6490,9
6491,8
6492,16
6493,8
6494,9
6495,13
6496,6
6497,27
6498,6
6499,7
6500,29
6501,6
6502,29
6503,22
6504,5
6505,22
6506,8
6507,5
6508,19
6509,5
6510,19
6511,22
6512,17
6513,8
6514,20
6515,21
6516,20
6517,24
6518,20
6519,29
6520,20
6521,29
6522,9
6523,27
6524,9
6525,8
6526,22
6527,8
6528,5
6529,19
6530,5
6531,13
6532,5
6533,19
6534,22
6535,5
6536,19
6537,12
6538,9
6539,27
6540,9
6541,13
6542,9
6543,27
6544,9
6545,13
6546,9
6547,12
6548,9
6549,29
6550,16
6551,29
6552,9
6553,8
6554,16
6555,8
6556,12
6557,9
6558,29
6559,9
6560,13
6561,9
6562,8
6563,9
6564,29
6565,22
6566,8
6567,20
6568,8
6569,22
6570,12
6571,22
6572,5
6573,8
6574,5
6575,19
6576,5
6577,13
6578,6
6579,27
6580,6
6581,29
6582,20
6583,24
6584,11
6585,24
6586,10
6587,23
6588,11
6589,23
6590,10
6591,14
6592,26
6593,18
6594,24
6595,25
6596,28
6597,25
6598,24
6599,20
6600,29
6601,22
6602,16
6603,8
6604,17
6605,8
6606,9
6607,12
6608,19
6609,5
6610,8
6611,5
6612,22
6613,17
6614,15
6615,17
6616,15
6617,17
6618,15
6619,17
6620,8
6621,16
6622,8
6623,22
6624,17
6625,12
6626,8
6627,16
6628,27
6629,6
6630,13
6631,5
6632,19
6633,22
6634,29
6635,16
6636,8
6637,16
6638,22
6639,19
6640,12
6641,19
6642,22
6643,12
6644,22
6645,19
6646,5
6647,22
6648,17
6649,8
6650,16
6651,27
6652,16
6653,8
6654,12
6655,8
6656,17
6657,22
6658,16
6659,8
6660,20
6661,8
6662,22
6663,8
6664,20
6665,8
6666,20
6667,8
6668,17
6669,12
6670,8
6671,22
6672,8
6673,12
6674,9
6675,29
6676,9
6677,13
6678,6
6679,21
6680,6
6681,7
6682,20
6683,24
6684,18
6685,26
6686,1
6687,3
6688,1
6689,26
6690,30
6691,18
6692,24
6693,11
6694,23
6695,1
6696,3
6697,1
6698,23
6699,1
6700,23
6701,1
6702,23
6703,1
6704,26
6705,30
6706,26
6707,30
6708,1
6709,23
6710,1
6711,3
6712,30
6713,26
6714,1
6715,30
6716,26
6717,18
6718,24
6719,18
6720,25
6721,24
6722,18
6723,26
6724,30
6725,26
6726,1
6727,30
6728,24
6729,11
6730,2
6731,4
6732,18
6733,4
6734,18
6735,26
6736,18
6737,30
6738,14
6739,24
6740,20
6741,21
6742,20
6743,29
6744,9
6745,27
6746,6
6747,21
6748,6
6749,13
6750,9
6751,8
6752,20
6753,24
6754,30
6755,4
6756,28
6757,4
6758,18
6759,24
6760,25
6761,28
6762,4
6763,14
6764,10
6765,23
6766,1
6767,26
6768,30
6769,26
6770,30
6771,14
6772,30
6773,4
6774,14
6775,4
6776,30
6777,3
6778,30
6779,1
6780,30
6781,1
6782,26
6783,30
6784,14
6785,24
6786,14
6787,26
6788,1
6789,26
6790,30
6791,1
6792,26
6793,1
6794,30
6795,4
6796,30
6797,26
6798,18
6799,26
6800,14
6801,30
6802,14
6803,30
6804,18
6805,25
6806,28
6807,4
6808,14
6809,24
6810,14
6811,10
6812,24
6813,10
6814,24
6815,10
6816,14
6817,4
6818,14
6819,10
6820,23
6821,10
6822,14
6823,26
6824,14
6825,30
6826,26
6827,14
6828,4
6829,18
6830,2
6831,4
6832,18
6833,2
6834,4
6835,30
6836,14
6837,30
6838,26
6839,1
6840,26
6841,18
6842,4
6843,28
6844,25
6845,24
6846,30
6847,14
6848,30
6849,3
6850,1
6851,3
6852,30
6853,18
6854,4
6855,28
6856,25
6857,28
6858,25
6859,28
6860,25
6861,28
6862,4
6863,30
6864,18
6865,26
6866,1
6867,30
6868,26
6869,30
6870,24
6871,14
6872,4
6873,28
6874,25
6875,18
6876,24
6877,20
6878,24
6879,10
6880,24
6881,10
6882,24
6883,10
6884,14
6885,4
6886,30
6887,26
6888,1
6889,30
6890,26
6891,30
6892,1
6893,3
6894,30
6895,4
6896,30
6897,14
6898,24
6899,25
6900,24
6901,20
6902,29
6903,20
6904,29
6905,22
6906,5
6907,22
6908,19
6909,5
6910,19
6911,12
6912,9
6913,29
6914,9
6915,8
6916,17
6917,22
6918,16
6919,29
6920,16
6921,8
6922,5
6923,19
6924,22
6925,12
6926,22
6927,17
6928,8
6929,22
6930,29
6931,9
6932,8
6933,17
6934,15
6935,17
6936,12
6937,22
6938,29
6939,22
6940,29
6941,9
6942,13
6943,5
6944,8
6945,5
6946,22
6947,16
6948,27
6949,6
6950,7
6951,29
6952,6
6953,27
6954,16
6955,8
6956,16
6957,27
6958,9
6959,8
6960,16
6961,22
6962,19
6963,12
6964,9
6965,13
6966,5
6967,19
6968,5
6969,13
6970,6
6971,29
6972,16
6973,8
6974,20
6975,7
6976,6
6977,13
6978,9
6979,13
6980,9
6981,8
6982,9
6983,13
6984,5
6985,22
6986,12
6987,19
6988,5
6989,22
6990,16
6991,27
6992,6
6993,21
6994,20
6995,29
6996,16
6997,8
6998,22
6999,17
7000,12
7001,19
7002,22
7003,8
7004,17
7005,8
7006,16
7007,8
7008,5
7009,8
7010,5
7011,8
7012,5
7013,8
7014,9
7015,27
7016,6
7017,21
7018,6
7019,7
7020,29
7021,9
7022,8
7023,16
7024,22
7025,29
7026,16
7027,8
7028,17
7029,12
7030,22
7031,19
7032,5
7033,19
7034,12
7035,17
7036,15
7037,17
7038,12
7039,9
7040,27
7041,9
7042,29
7043,16
7044,27
7045,16
7046,8
7047,22
7048,8
7049,5
7050,22
7051,16
7052,27
7053,9
7054,12
7055,19
7056,12
7057,19
7058,5
7059,13
7060,6
7061,29
7062,6
7063,21
7064,20
7065,21
7066,20
7067,29
7068,7
7069,20
7070,24
7071,30
7072,4
7073,2
7074,11
7075,24
7076,11
7077,2
7078,18
7079,4
7080,14
7081,24
7082,11
7083,23
7084,11
7085,2
7086,18
7087,4
7088,14
7089,26
7090,18
7091,25
7092,24
7093,10
7094,14
7095,26
7096,18
7097,2
7098,4
7099,18
7100,24
7101,18
7102,25
7103,18
7104,24
7105,11
7106,2
7107,4
7108,18
7109,2
7110,11
7111,2
7112,11
7113,23
7114,1
7115,3
7116,30
7117,1
7118,30
7119,3
7120,30
7121,1
7122,26
7123,14
7124,4
7125,30
7126,1
7127,3
7128,1
7129,3
7130,30
7131,14
7132,4
7133,30
7134,1
7135,30
7136,3
7137,1
7138,23
7139,1
7140,3
7141,1
7142,26
7143,30
7144,24
7145,20
7146,29
7147,6
7148,13
7149,5
7150,22
7151,29
7152,20
7153,29
7154,22
7155,5
7156,8
7157,12
7158,22
7159,16
7160,29
7161,22
7162,12
7163,8
7164,16
7165,29
7166,7
7167,6
7168,21
7169,20
7170,24
7171,30
7172,24
7173,10
7174,24
7175,25
7176,28
7177,25
7178,18
7179,26
7180,1
7181,3
7182,30
7183,3
7184,1
7185,3
7186,1
7187,3
7188,30
7189,14
7190,30
7191,14
7192,24
7193,20
7194,29
7195,6
7196,7
7197,6
7198,21
7199,20
7200,7
7201,20
7202,29
7203,20
7204,8
7205,5
7206,13
7207,5
7208,22
7209,19
7210,12
7211,8
7212,12
7213,22
7214,29
7215,20
7216,29
7217,9
7218,13
7219,5
7220,19
7221,5
7222,8
7223,5
7224,8
7225,16
7226,27
7227,9
7228,13
7229,9
7230,12
7231,17
7232,8
7233,12
7234,17
7235,8
7236,16
7237,27
7238,16
7239,8
7240,17
7241,22
7242,5
7243,13
7244,5
7245,13
7246,6
7247,21
7248,20
7249,21
7250,6
7251,29
7252,20
7253,8
7254,12
7255,9
7256,27
7257,6
7258,29
7259,6
7260,29
7261,7
7262,6
7263,27
7264,16
7265,22
7266,8
7267,22
7268,5
7269,13
7270,5
7271,19
7272,12
7273,22
7274,29
7275,20
7276,24
7277,20
7278,21
7279,20
7280,21
7281,20
7282,29
7283,22
7284,19
7285,5
7286,22
7287,29
7288,16
7289,8
7290,5
7291,22
7292,5
7293,22
7294,16
7295,29
7296,9
7297,13
7298,9
7299,27
7300,9
7301,27
7302,16
7303,8
7304,17
7305,12
7306,8
7307,22
7308,5
7309,13
7310,9
7311,29
7312,7
7313,20
7314,24
7315,20
7316,8
7317,17
7318,12
7319,19
7320,12
7321,8
7322,9
7323,29
7324,7
7325,6
7326,13
7327,6
7328,7
7329,29
7330,7
7331,29
7332,16
7333,8
7334,9
7335,8
7336,22
7337,12
7338,9
7339,27
7340,9
7341,27
7342,9
7343,29
7344,7
7345,29
7346,22
7347,16
7348,22
7349,16
7350,27
7351,6
7352,27
7353,6
7354,29
7355,16
7356,22
7357,5
7358,8
7359,16
7360,8
7361,12
7362,19
7363,22
7364,5
7365,13
7366,5
7367,22
7368,29
7369,22
7370,8
7371,12
7372,17
7373,12
7374,9
7375,27
7376,16
7377,29
7378,6
7379,21
7380,6
7381,21
7382,20
7383,29
7384,22
7385,8
7386,5
7387,19
7388,5
7389,8
7390,12
7391,17
7392,8
7393,20
7394,21
7395,20
7396,21
7397,6
7398,27
7399,16
7400,29
7401,22
7402,8
7403,5
7404,22
7405,17
7406,22
7407,19
7408,5
7409,19
7410,12
7411,19
7412,5
7413,19
7414,12
7415,9
7416,8
7417,9
7418,29
7419,6
7420,13
7421,6
7422,27
7423,9
7424,27
7425,6
7426,29
7427,6
7428,7
7429,20
7430,29
7431,22
7432,5
7433,19
7434,22
7435,19
7436,5
7437,8
7438,22
7439,19
7440,22
7441,29
7442,16
7443,8
7444,16
7445,29
7446,22
7447,29
7448,9
7449,29
7450,7
7451,29
7452,7
7453,6
7454,27
7455,9
7456,12
7457,19
7458,5
7459,8
7460,12
7461,17
7462,8
7463,5
7464,13
7465,6
7466,21
7467,6
7468,29
7469,7
7470,29
7471,22
7472,19
7473,12
7474,9
7475,13
7476,9
7477,27
7478,6
7479,27
7480,6
7481,7
7482,29
7483,16
7484,8
7485,9
7486,12
7487,17
7488,8
7489,17
7490,8
7491,17
7492,22
7493,16
7494,27
7495,6
7496,27
7497,6
7498,29
7499,22
7500,12
7501,17
7502,15
7503,17
7504,8
7505,17
7506,22
7507,16
7508,22
7509,8
7510,9
7511,27
7512,6
7513,13
7514,5
7515,19
7516,12
7517,8
7518,12
7519,8
7520,22
7521,12
7522,22
7523,17
7524,12
7525,8
7526,16
7527,29
7528,20
7529,7
7530,20
7531,7
7532,20
7533,7
7534,20
7535,8
7536,5
7537,8
7538,12
7539,8
7540,5
7541,22
7542,8
7543,9
7544,8
7545,5
7546,13
7547,5
7548,13
7549,9
7550,13
7551,9
7552,27
7553,6
7554,21
7555,6
7556,29
7557,9
7558,29
7559,7
7560,29
7561,16
7562,27
7563,16
7564,8
7565,22
7566,17
7567,8
7568,12
7569,9
7570,8
7571,5
7572,19
7573,22
7574,17
7575,22
7576,29
7577,22
7578,16
7579,22
7580,12
7581,17
7582,22
7583,29
7584,7
7585,20
7586,7
7587,6
7588,7
7589,20
7590,7
7591,29
7592,20
7593,7
7594,20
7595,8
7596,5
7597,22
7598,12
7599,9
7600,29
7601,22
7602,5
7603,19
7604,5
7605,19
7606,5
7607,22
7608,19
7609,22
7610,19
7611,12
7612,8
7613,5
7614,13
7615,6
7616,21
7617,6
7618,7
7619,6
7620,13
7621,9
7622,12
7623,22
7624,16
7625,29
7626,16
7627,8
7628,12
7629,8
7630,9
7631,8
7632,5
7633,8
7634,9
7635,13
7636,6
7637,7
7638,29
7639,22
7640,8
7641,9
7642,29
7643,16
7644,29
7645,22
7646,29
7647,6
7648,29
7649,22
7650,8
7651,16
7652,29
7653,7
7654,29
7655,9
7656,29
7657,7
7658,20
7659,21
7660,20
7661,29
7662,20
7663,8
7664,22
7665,19
7666,22
7667,8
7668,22
7669,8
7670,12
7671,22
7672,17
7673,22
7674,16
7675,8
7676,22
7677,16
7678,8
7679,20
7680,24
7681,18
7682,25
7683,24
7684,11
7685,23
7686,1
7687,23
7688,1
7689,26
7690,18
7691,24
7692,30
7693,24
7694,14
7695,26
7696,14
7697,4
7698,2
7699,18
7700,24
7701,10
7702,23
7703,10
7704,24
7705,14
7706,24
7707,30
7708,14
7709,24
7710,25
7711,28
7712,4
7713,30
7714,24
7715,18
7716,25
7717,18
7718,30
7719,18
7720,24
7721,11
7722,24
7723,14
7724,24
7725,20
7726,7
7727,29
7728,22
7729,16
7730,29
7731,16
7732,22
7733,19
7734,22
7735,17
7736,22
7737,16
7738,22
7739,16
7740,8
7741,22
7742,5
7743,13
7744,9
7745,13
7746,6
7747,27
7748,16
7749,8
7750,22
7751,8
7752,22
7753,8
7754,9
7755,29
7756,22
7757,12
7758,17
7759,22
7760,12
7761,19
7762,5
7763,13
7764,9
7765,13
7766,5
7767,22
7768,12
7769,22
7770,5
7771,22
7772,16
7773,22
7774,8
7775,22
7776,17
7777,15
7778,17
7779,22
7780,16
7781,27
7782,6
7783,29
7784,9
7785,12
7786,8
7787,22
7788,29
7789,16
7790,27
7791,6
7792,29
7793,7
7794,29
7795,7
7796,20
7797,21
7798,6
7799,13
7800,6
7801,13
7802,9
7803,27
7804,6
7805,21
7806,20
7807,24
7808,30
7809,1
7810,26
7811,18
7812,30
7813,1
7814,23
7815,11
7816,24
7817,10
7818,23
7819,11
7820,24
7821,11
7822,24
7823,18
7824,25
7825,18
7826,4
7827,14
7828,30
7829,18
7830,4
7831,28
7832,25
7833,28
7834,4
7835,30
7836,14
7837,24
7838,10
7839,14
7840,10
7841,24
7842,25
7843,28
7844,25
7845,28
7846,25
7847,24
7848,20
7849,29
7850,20
7851,7
7852,20
7853,8
7854,5
7855,22
7856,17
7857,15
7858,17
7859,12
7860,19
7861,22
7862,17
7863,22
7864,19
7865,5
7866,8
7867,9
7868,29
7869,16
7870,22
7871,12
7872,9
7873,27
7874,6
7875,13
7876,5
7877,22
7878,12
7879,17
7880,8
7881,22
7882,8
7883,12
7884,8
7885,9
7886,29
7887,9
7888,27
7889,16
7890,29
7891,22
7892,12
7893,22
7894,8
7895,5
7896,13
7897,9
7898,13
7899,6
7900,29
7901,22
7902,8
7903,22
7904,16
7905,22
7906,5
7907,19
7908,5
7909,13
7910,6
7911,7
7912,6
7913,27
7914,6
7915,29
7916,6
7917,29
7918,9
7919,8
7920,16
7921,29
7922,22
7923,19
7924,5
7925,22
7926,12
7927,22
7928,19
7929,12
7930,17
7931,12
7932,22
7933,29
7934,7
7935,6
7936,21
7937,6
7938,7
7939,6
7940,29
7941,22
7942,5
7943,22
7944,8
7945,12
7946,19
7947,5
7948,13
7949,5
7950,8
7951,12
7952,8
7953,9
7954,12
7955,17
7956,15
7957,17
7958,15
7959,17
7960,22
7961,5
7962,8
7963,20
7964,8
7965,12
7966,19
7967,22
7968,8
7969,22
7970,5
7971,13
7972,9
7973,13
7974,9
7975,8
7976,12
7977,19
7978,22
7979,19
7980,22
7981,5
7982,8
7983,20
7984,21
7985,6
7986,27
7987,16
7988,8
7989,12
7990,8
7991,17
7992,8
7993,16
7994,29
7995,9
7996,13
7997,5
7998,8
7999,16
8000,8
8001,17
8002,15
8003,17
8004,12
8005,9
8006,12
8007,19
8008,5
8009,8
8010,20
8011,29
8012,20
8013,29
8014,9
8015,29
8016,16
8017,27
8018,9
8019,29
8020,22
8021,12
8022,19
8023,22
8024,12
8025,17
8026,15
8027,17
8028,12
8029,9
8030,13
8031,9
8032,27
8033,6
8034,27
8035,16
8036,29
8037,9
8038,8
8039,20
8040,7
8041,6
8042,21
8043,20
8044,29
8045,7
8046,6
8047,13
8048,5
8049,8
8050,17
8051,12
8052,8
8053,12
8054,9
8055,29
8056,22
8057,5
8058,22
8059,8
8060,16
8061,29
8062,22
8063,29
8064,22
8065,8
8066,17
8067,15
8068,17
8069,12
8070,9
8071,27
8072,9
8073,27
8074,16
8075,27
8076,9
8077,8
8078,20
8079,8
8080,20
8081,7
8082,29
8083,7
8084,20
8085,24
8086,25
8087,24
8088,18
8089,25
8090,18
8091,2
8092,4
8093,28
8094,25
8095,28
8096,4
8097,14
8098,24
8099,10
8100,14
8101,26
8102,14
8103,26
8104,14
8105,10
8106,14
8107,10
8108,24
8109,30
8110,3
8111,30
8112,4
8113,14
8114,30
8115,14
8116,10
8117,14
8118,24
8119,30
8120,26
8121,14
8122,30
8123,24
8124,25
8125,24
8126,18
8127,30
8128,26
8129,18
8130,2
8131,18
8132,26
8133,14
8134,26
8135,1
8136,30
8137,3
8138,1
8139,3
8140,1
8141,3
8142,1
8143,3
8144,1
8145,30
8146,3
8147,30
8148,3
8149,30
8150,14
8151,24
8152,25
8153,18
8154,26
8155,14
8156,10
8157,24
8158,30
8159,1
8160,26
8161,30
8162,18
8163,25
8164,24
8165,14
8166,30
8167,1
8168,26
8169,30
8170,26
8171,1
8172,23
8173,10
8174,24
8175,14
8176,30
8177,26
8178,1
8179,26
8180,18
8181,2
8182,18
8183,25
8184,18
8185,24
8186,10
8187,24
8188,11
8189,2
8190,18
8191,30
8192,26
8193,30
8194,18
8195,26
8196,30
8197,24
8198,18
8199,2
8200,11
8201,23
8202,10
8203,14
8204,10
8205,14
8206,30
8207,4
8208,28
8209,4
8210,2
8211,18
8212,24
8213,14
8214,26
8215,14
8216,24
8217,18
8218,4
8219,30
8220,24
8221,14
8222,26
8223,14
8224,10
8225,14
8226,30
8227,14
8228,26
8229,1
8230,23
8231,1
8232,23
8233,10
8234,14
8235,26
8236,14
8237,10
8238,23
8239,11
8240,24
8241,14
8242,4
8243,14
8244,24
8245,30
8246,18
8247,4
8248,28
8249,4
8250,30
8251,4
8252,28
8253,25
8254,18
8255,26
8256,30
8257,14
8258,26
8259,30
8260,4
8261,2
8262,11
8263,2
8264,11
8265,23
8266,10
8267,24
8268,11
8269,24
8270,10
8271,14
8272,30
8273,1
8274,23
8275,11
8276,23
8277,11
8278,24
8279,18
8280,26
8281,18
8282,4
8283,18
8284,26
8285,18
8286,26
8287,1
8288,26
8289,14
8290,30
8291,3
8292,30
8293,24
8294,11
8295,2
8296,4
8297,30
8298,4
8299,18
8300,26
8301,30
8302,14
8303,4
8304,2
8305,18
8306,24
8307,18
8308,26
8309,30
8310,4
8311,28
8312,4
8313,2
8314,11
8315,23
8316,11
8317,2
8318,11
8319,24
8320,10
8321,23
8322,10
8323,24
8324,30
8325,26
8326,1
8327,23
8328,1
8329,30
8330,4
8331,2
8332,11
8333,23
8334,11
8335,24
8336,11
8337,24
8338,10
8339,14
8340,24
8341,20
8342,29
8343,22
8344,17
8345,12
8346,22
8347,17
8348,8
8349,9
8350,8
8351,5
8352,19
8353,22
8354,16
8355,8
8356,12
8357,9
8358,12
8359,19
8360,12
8361,9
8362,27
8363,6
8364,27
8365,6
8366,13
8367,6
8368,13
8369,9
8370,13
8371,5
8372,19
8373,22
8374,8
8375,20
8376,21
8377,6
8378,13
8379,6
8380,29
8381,6
8382,7
8383,6
8384,27
8385,16
8386,29
8387,20
8388,21
8389,6
8390,27
8391,9
8392,27
8393,9
8394,8
8395,16
8396,29
8397,22
8398,12
8399,17
8400,8
8401,20
8402,7
8403,6
8404,21
8405,20
8406,7
8407,20
8408,8
8409,9
8410,27
8411,9
8412,29
8413,20
8414,29
8415,20
8416,21
8417,20
8418,21
8419,20
8420,29
8421,7
8422,20
8423,8
8424,12
8425,8
8426,22
8427,8
8428,5
8429,13
8430,5
8431,13
8432,5
8433,8
8434,22
8435,19
8436,5
8437,22
8438,19
8439,5
8440,8
8441,20
8442,24
8443,10
8444,14
8445,24
8446,30
8447,24
8448,10
8449,23
8450,10
8451,23
8452,10
8453,23
8454,10
8455,14
8456,10
8457,14
8458,10
8459,24
8460,11
8461,23
8462,11
8463,23
8464,11
8465,23
8466,11
8467,2
8468,4
8469,28
8470,25
8471,18
8472,26
8473,30
8474,4
8475,30
8476,24
8477,20
8478,8
8479,9
8480,8
8481,17
8482,22
8483,17
8484,8
8485,20
8486,21
8487,6
8488,29
8489,22
8490,12
8491,9
8492,29
8493,16
8494,8
8495,5
8496,19
8497,22
8498,16
8499,29
8500,16
8501,29
8502,22
8503,12
8504,8
8505,20
8506,21
8507,6
8508,21
8509,6
8510,7
8511,6
8512,29
8513,16
8514,22
8515,19
8516,22
8517,17
8518,8
8519,17
8520,12
8521,8
8522,20
8523,24
8524,30
8525,26
8526,1
8527,3
8528,1
8529,26
8530,30
8531,18
8532,2
8533,11
8534,24
8535,18
8536,2
8537,4
8538,14
8539,26
8540,14
8541,10
8542,14
8543,30
8544,26
8545,1
8546,30
8547,14
8548,30
8549,18
8550,24
8551,20
8552,8
8553,16
8554,27
8555,6
8556,13
8557,9
8558,29
8559,16
8560,29
8561,6
8562,29
8563,6
8564,13
8565,5
8566,19
8567,5
8568,13
8569,9
8570,12
8571,19
8572,22
8573,16
8574,29
8575,7
8576,29
8577,6
8578,21
8579,20
8580,29
8581,20
8582,24
8583,18
8584,30
8585,3
8586,1
8587,26
8588,30
8589,4
8590,18
8591,30
8592,4
8593,18
8594,24
8595,30
8596,1
8597,3
8598,1
8599,3
8600,30
8601,14
8602,10
8603,24
8604,18
8605,24
8606,11
8607,2
8608,4
8609,30
8610,14
8611,30
8612,18
8613,24
8614,10
8615,24
8616,10
8617,23
8618,10
8619,24
8620,20
8621,21
8622,20
8623,29
8624,6
8625,27
8626,6
8627,27
8628,16
8629,29
8630,20
8631,7
8632,6
8633,29
8634,16
8635,8
8636,5
8637,22
8638,16
8639,29
8640,7
8641,29
8642,6
8643,29
8644,9
8645,29
8646,22
8647,17
8648,12
8649,19
8650,5
8651,8
8652,5
8653,8
8654,9
8655,8
8656,5
8657,22
8658,8
8659,20
8660,21
8661,20
8662,29
8663,6
8664,7
8665,6
8666,27
8667,6
8668,7
8669,20
8670,7
8671,29
8672,20
8673,29
8674,20
8675,29
8676,9
8677,13
8678,6
8679,13
8680,9
8681,27
8682,9
8683,29
8684,9
8685,12
8686,17
8687,15
8688,17
8689,12
8690,22
8691,29
8692,16
8693,27
8694,6
8695,13
8696,6
8697,21
8698,6
8699,29
8700,16
8701,22
8702,8
8703,17
8704,8
8705,5
8706,8
8707,16
8708,29
8709,7
8710,6
8711,21
8712,6
8713,29
8714,9
8715,8
8716,5
8717,22
8718,17
8719,22
8720,29
8721,20
8722,21
8723,20
8724,29
8725,20
8726,24
8727,20
8728,8
8729,17
8730,15
8731,17
8732,8
8733,20
8734,8
8735,20
8736,21
8737,6
8738,7
8739,20
8740,8
8741,16
8742,22
8743,17
8744,15
8745,17
8746,15
8747,17
8748,15
8749,17
8750,15
8751,17
8752,15
8753,17
8754,12
8755,9
8756,12
8757,17
8758,8
8759,16
8760,8
8761,16
8762,22
8763,8
8764,12
8765,22
8766,29
8767,7
8768,20
8769,7
8770,20
8771,24
8772,20
8773,24
8774,30
8775,26
8776,14
8777,24
8778,11
8779,23
8780,11
8781,24
8782,25
8783,18
8784,30
8785,24
8786,11
8787,24
8788,20
8789,24
8790,30
8791,14
8792,24
8793,11
8794,24
8795,11
8796,24
8797,20
8798,8
8799,22
8800,5
8801,8
8802,17
8803,15
8804,17
8805,8
8806,17
8807,8
8808,22
8809,29
8810,7
8811,20
8812,24
8813,18
8814,24
8815,18
8816,2
8817,11
8818,24
8819,14
8820,26
8821,30
8822,24
8823,10
8824,14
8825,30
8826,4
8827,2
8828,4
8829,30
8830,24
8831,30
8832,1
8833,30
8834,14
8835,10
8836,24
8837,18
8838,2
8839,18
8840,24
8841,30
8842,14
8843,26
8844,18
8845,24
8846,10
8847,24
8848,14
8849,4
8850,18
8851,4
8852,18
8853,25
8854,18
8855,24
8856,10
8857,23
8858,1
8859,26
8860,30
8861,26
8862,18
8863,4
8864,2
8865,4
8866,18
8867,24
8868,14
8869,26
8870,1
8871,23
8872,1
8873,30
8874,26
8875,1
8876,3
8877,1
8878,26
8879,14
8880,4
8881,28
8882,4
8883,14
8884,26
8885,18
8886,2
8887,11
8888,23
8889,10
8890,24
8891,10
8892,14
8893,10
8894,24
8895,11
8896,23
8897,10
8898,23
8899,1
8900,30
8901,18
8902,2
8903,4
8904,14
8905,26
8906,18
8907,4
8908,28
8909,4
8910,14
8911,24
8912,10
8913,23
8914,10
8915,14
8916,30
8917,3
8918,1
8919,3
8920,30
8921,26
8922,1
8923,23
8924,11
8925,24
8926,30
8927,18
8928,2
8929,18
8930,26
8931,1
8932,23
8933,11
8934,23
8935,11
8936,24
8937,10
8938,24
8939,10
8940,24
8941,18
8942,24
8943,18
8944,30
8945,24
8946,18
8947,2
8948,18
8949,24
8950,25
8951,18
8952,30
8953,26
8954,18
8955,26
8956,30
8957,26
8958,30
8959,3
8960,1
8961,26
8962,1
8963,30
8964,14
8965,10
8966,23
8967,1
8968,26
8969,30
8970,18
8971,25
8972,28
8973,25
8974,28
8975,25
8976,24
8977,30
8978,24
8979,20
8980,24
8981,18
8982,25
8983,24
8984,10
8985,23
8986,1
8987,23
8988,10
8989,23
8990,10
8991,24
8992,30
8993,18
8994,2
8995,4
8996,28
8997,4
8998,2
8999,11
9000,2
9001,11
9002,23
9003,10
9004,14
9005,30
9006,26
9007,14
9008,24
9009,18
9010,2
9011,18
9012,4
9013,2
9014,11
9015,24
9016,14
9017,10
9018,24
9019,14
9020,26
9021,18
9022,25
9023,28
9024,4
9025,28
9026,25
9027,28
9028,4
9029,18
9030,4
9031,28
9032,4
9033,2
9034,11
9035,2
9036,18
9037,26
9038,18
9039,2
9040,11
9041,2
9042,18
9043,4
9044,30
9045,1
9046,26
9047,14
9048,10
9049,23
9050,10
9051,23
9052,11
9053,23
9054,1
9055,30
9056,26
9057,18
9058,24
9059,20
9060,8
9061,5
9062,8
9063,16
9064,22
9065,5
9066,8
9067,5
9068,8
9069,20
9070,7
9071,6
9072,27
9073,16
9074,29
9075,7
9076,20
9077,8
9078,12
9079,19
9080,12
9081,9
9082,12
9083,17
9084,15
9085,17
9086,22
9087,19
9088,22
9089,19
9090,22
9091,29
9092,20
9093,29
9094,20
9095,8
9096,22
9097,17
9098,15
9099,17
9100,8
9101,20
9102,8
9103,9
9104,8
9105,20
9106,7
9107,29
9108,16
9109,8
9110,17
9111,8
9112,16
9113,29
9114,22
9115,29
9116,6
9117,13
9118,5
9119,22
9120,19
9121,22
9122,19
9123,12
9124,19
9125,22
9126,8
9127,22
9128,8
9129,20
9130,7
9131,29
9132,20
9133,24
9134,14
9135,10
9136,14
9137,30
9138,4
9139,18
9140,24
9141,11
9142,23
9143,10
9144,14
9145,30
9146,4
9147,14
9148,24
9149,14
9150,10
9151,14
9152,10
9153,23
9154,11
9155,2
9156,4
9157,18
9158,30
9159,26
9160,1
9161,30
9162,24
9163,25
9164,24
9165,25
9166,24
9167,14
9168,4
9169,14
9170,4
9171,14
9172,24
9173,30
9174,1
9175,30
9176,3
9177,30
9178,18
9179,30
9180,4
9181,30
9182,3
9183,30
9184,18
9185,26
9186,30
9187,26
9188,30
9189,4
9190,30
9191,4
9192,2
9193,4
9194,14
9195,26
9196,1
9197,26
9198,18
9199,26
9200,18
9201,4
9202,30
9203,26
9204,30
9205,26
9206,14
9207,30
9208,26
9209,18
9210,2
9211,18
9212,4
9213,2
9214,4
9215,28
9216,25
9217,28
9218,4
9219,30
9220,4
9221,14
9222,10
9223,24
9224,14
9225,26
9226,14
9227,4
9228,28
9229,25
9230,18
9231,30
9232,4
9233,18
9234,2
9235,18
9236,25
9237,18
9238,26
9239,14
9240,30
9241,4
9242,14
9243,10
9244,24
9245,11
9246,23
9247,11
9248,24
9249,30
9250,18
9251,4
9252,28
9253,25
9254,24
9255,10
9256,24
9257,14
9258,4
9259,30
9260,1
9261,26
9262,30
9263,4
9264,14
9265,4
9266,30
9267,26
9268,1
9269,26
9270,30
9271,4
9272,14
9273,24
9274,10
9275,23
9276,1
9277,23
9278,11
9279,24
9280,10
9281,14
9282,26
9283,18
9284,2
9285,11
9286,24
9287,30
9288,3
9289,30
9290,4
9291,18
9292,2
9293,18
9294,26
9295,30
9296,3
9297,30
9298,3
9299,30
9300,3
9301,1
9302,23
9303,11
9304,23
9305,10
9306,14
9307,30
9308,1
9309,3
9310,30
9311,26
9312,18
9313,26
9314,1
9315,26
9316,30
9317,3
9318,30
9319,14
9320,30
9321,26
9322,14
9323,4
9324,18
9325,26
9326,14
9327,10
9328,23
9329,11
9330,2
9331,18
9332,26
9333,14
9334,24
9335,30
9336,18
9337,4
9338,2
9339,18
9340,30
9341,26
9342,30
9343,18
9344,24
9345,14
9346,26
9347,14
9348,4
9349,28
9350,4
9351,28
9352,25
9353,28
9354,25
9355,24
9356,25
9357,28
9358,4
9359,2
9360,18
9361,25
9362,24
9363,18
9364,26
9365,30
9366,18
9367,25
9368,24
9369,10
9370,14
9371,26
9372,1
9373,30
9374,26
9375,18
9376,24
9377,20
9378,24
9379,11
9380,2
9381,18
9382,26
9383,30
9384,3
9385,30
9386,24
9387,10
9388,24
9389,14
9390,30
9391,1
9392,23
9393,1
9394,23
9395,1
9396,3
9397,30
9398,26
9399,18
9400,25
9401,28
9402,25
9403,28
9404,4
9405,30
9406,3
9407,30
9408,24
9409,20
9410,7
9411,29
9412,16
9413,22
9414,12
9415,8
9416,12
9417,17
9418,15
9419,17
9420,8
9421,20
9422,24
9423,18
9424,2
9425,11
9426,2
9427,4
9428,28
9429,25
9430,24
9431,25
9432,18
9433,24
9434,18
9435,25
9436,24
9437,30
9438,4
9439,18
9440,24
9441,20
9442,8
9443,22
9444,29
9445,20
9446,21
9447,6
9448,21
9449,20
9450,7
9451,6
9452,13
9453,6
9454,7
9455,29
9456,6
9457,7
9458,29
9459,16
9460,27
9461,16
9462,29
9463,9
9464,13
9465,5
9466,13
9467,9
9468,13
9469,9
9470,12
9471,8
9472,16
9473,8
9474,20
9475,24
9476,25
9477,28
9478,25
9479,18
9480,30
9481,3
9482,1
9483,23
9484,1
9485,23
9486,11
9487,23
9488,11
9489,24
9490,20
9491,7
9492,29
9493,9
9494,12
9495,19
9496,12
9497,9
9498,8
9499,16
9500,8
9501,22
9502,5
9503,8
9504,12
9505,19
9506,5
9507,22
9508,17
9509,8
9510,17
9511,22
9512,12
9513,9
9514,29
9515,22
9516,29
9517,20
9518,21
9519,20
9520,29
9521,7
9522,20
9523,21
9524,20
9525,21
9526,20
9527,8
9528,5
9529,22
9530,8
9531,16
9532,22
9533,17
9534,15
9535,17
9536,22
9537,16
9538,27
9539,6
9540,21
9541,20
9542,8
9543,16
9544,27
9545,9
9546,13
9547,5
9548,8
9549,5
9550,13
9551,5
9552,13
9553,5
9554,8
9555,22
9556,17
9557,15
9558,17
9559,8
9560,17
9561,22
9562,5
9563,8
9564,16
9565,29
9566,20
9567,21
9568,20
9569,7
9570,20
9571,24
9572,18
9573,4
9574,2
9575,11
9576,2
9577,11
9578,23
9579,10
9580,24
9581,14
9582,30
9583,4
9584,2
9585,4
9586,14
9587,26
9588,18
9589,26
9590,30
9591,24
9592,14
9593,10
9594,24
9595,30
9596,26
9597,1
9598,23
9599,1
9600,30
9601,24
9602,25
9603,28
9604,4
9605,28
9606,25
9607,28
9608,25
9609,28
9610,4
9611,14
9612,24
9613,14
9614,10
9615,23
9616,1
9617,23
9618,11
9619,24
9620,11
9621,24
9622,18
9623,30
9624,14
9625,10
9626,23
9627,1
9628,26
9629,1
9630,3
9631,1
9632,23
9633,1
9634,3
9635,1
9636,3
9637,30
9638,1
9639,23
9640,11
9641,23
9642,1
9643,3
9644,30
9645,18
9646,30
9647,24
9648,20
9649,7
9650,29
9651,20
9652,8
9653,22
9654,29
9655,20
9656,8
9657,17
9658,15
9659,17
9660,15
9661,17
9662,22
9663,12
9664,9
9665,29
9666,16
9667,8
9668,22
9669,5
9670,8
9671,5
9672,22
9673,16
9674,22
9675,17
9676,22
9677,17
9678,22
9679,16
9680,27
9681,9
9682,29
9683,9
9684,8
9685,16
9686,22
9687,5
9688,19
9689,22
9690,17
9691,12
9692,17
9693,12
9694,8
9695,22
9696,17
9697,12
9698,17
9699,15
9700,17
9701,8
9702,16
9703,22
9704,12
9705,9
9706,29
9707,9
9708,13
9709,9
9710,13
9711,9
9712,8
9713,12
9714,19
9715,5
9716,8
9717,20
9718,7
9719,6
9720,27
9721,9
9722,8
9723,22
9724,12
9725,22
9726,8
9727,22
9728,19
9729,22
9730,29
9731,16
9732,29
9733,9
9734,27
9735,9
9736,8
9737,22
9738,12
9739,22
9740,19
9741,22
9742,19
9743,22
9744,16
9745,22
9746,19
9747,22
9748,5
9749,19
9750,22
9751,19
9752,5
9753,13
9754,5
9755,13
9756,9
9757,12
9758,17
9759,12
9760,22
9761,16
9762,29
9763,20
9764,21
9765,6
9766,7
9767,6
9768,13
9769,6
9770,7
9771,20
9772,24
9773,30
9774,1
9775,26
9776,18
9777,30
9778,14
9779,30
9780,14
9781,26
9782,14
9783,30
9784,26
9785,14
9786,26
9787,30
9788,3
9789,30
9790,4
9791,2
9792,11
9793,24
9794,30
9795,26
9796,14
9797,26
9798,18
9799,26
9800,18
9801,25
9802,28
9803,25
9804,18
9805,2
9806,11
9807,2
9808,11
9809,23
9810,10
9811,23
9812,11
9813,24
9814,11
9815,23
9816,10
9817,14
9818,30
9819,18
9820,26
9821,18
9822,2
9823,4
9824,2
9825,4
9826,14
9827,24
9828,18
9829,30
9830,18
9831,2
9832,11
9833,2
9834,11
9835,2
9836,11
9837,23
9838,10
9839,24
9840,18
9841,26
9842,30
9843,4
9844,30
9845,3
9846,30
9847,4
9848,30
9849,3
9850,1
9851,3
9852,30
9853,4
9854,2
9855,4
9856,28
9857,25
9858,18
9859,2
9860,4
9861,14
9862,10
9863,24
9864,20
9865,21
9866,6
9867,13
9868,9
9869,27
9870,16
9871,8
9872,20
9873,7
9874,20
9875,21
9876,20
9877,24
9878,18
9879,25
9880,28
9881,25
9882,28
9883,4
9884,18
9885,24
9886,20
9887,21
9888,20
9889,21
9890,20
9891,24
9892,10
9893,24
9894,25
9895,28
9896,4
9897,2
9898,4
9899,14
9900,10
9901,24
9902,30
9903,26
9904,18
9905,26
9906,14
9907,4
9908,28
9909,25
9910,18
9911,25
9912,24
9913,20
9914,29
9915,16
9916,22
9917,16
9918,27
9919,6
9920,7
9921,20
9922,29
9923,9
9924,8
9925,17
9926,22
9927,5
9928,19
9929,5
9930,13
9931,5
9932,13
9933,6
9934,7
9935,29
9936,7
9937,6
9938,27
9939,16
9940,8
9941,9
9942,8
9943,22
9944,29
9945,16
9946,29
9947,20
9948,7
9949,6
9950,29
9951,16
9952,8
9953,16
9954,29
9955,9
9956,8
9957,17
9958,12
9959,19
9960,12
9961,22
9962,16
9963,27
9964,6
9965,21
9966,20
9967,8
9968,5
9969,13
9970,6
9971,13
9972,5
9973,13
9974,9
9975,27
9976,9
9977,8
9978,5
9979,19
9980,5
9981,19
9982,5
9983,8
9984,16
9985,29
9986,20
9987,29
9988,9
9989,8
9990,16
9991,8
9992,12
9993,17
9994,12
9995,8
9996,5
9997,8
9998,12
9999,8
10000,5
10001,19
10002,5
10003,22
10004,19
10005,12
10006,9
10007,12
10008,9
10009,29
10010,16
10011,27
10012,16
10013,27
10014,16
10015,22
10016,19
10017,5
10018,19
10019,12
10020,8
10021,20
10022,21
10023,20
10024,7
10025,6
10026,13
10027,5
10028,22
10029,19
10030,12
10031,19
10032,12
10033,19
10034,12
10035,19
10036,22
10037,17
10038,12
10039,17
10040,8
10041,20
10042,29
10043,16
10044,29
10045,16
10046,29
10047,22
10048,12
10049,8
10050,16
10051,27
10052,9
10053,27
10054,16
10055,8
10056,12
10057,17
10058,15
10059,17
10060,15
10061,17
10062,22
10063,16
10064,8
10065,20
10066,7
10067,20
10068,8
10069,17
10070,15
10071,17
10072,15
10073,17
10074,12
10075,9
10076,8
10077,22
10078,29
10079,7
10080,6
10081,13
10082,5
10083,13
10084,5
10085,22
10086,17
10087,22
10088,19
10089,22
10090,12
10091,17
10092,15
10093,17
10094,8
10095,22
10096,16
10097,27
10098,16
10099,8
10100,16
10101,22
10102,17
10103,8
10104,22
10105,5
10106,22
10107,5
10108,13
10109,6
10110,29
10111,16
10112,8
10113,5
10114,13
10115,5
10116,19
10117,12
10118,19
10119,5
10120,8
10121,16
10122,29
10123,22
10124,5
10125,19
10126,22
10127,17
10128,15
10129,17
10130,8
10131,22
10132,29
10133,9
10134,29
10135,9
10136,27
10137,9
10138,29
10139,6
10140,13
10141,9
10142,8
10143,5
10144,8
10145,9
10146,13
10147,9
10148,13
10149,9
10150,27
10151,6
10152,13
10153,5
10154,19
10155,5
10156,13
10157,6
10158,13
10159,6
10160,13
10161,9
10162,27
10163,6
10164,13
10165,5
10166,19
10167,12
10168,9
10169,8
10170,22
10171,19
10172,22
10173,17
10174,8
10175,5
10176,19
10177,22
10178,19
10179,22
10180,17
10181,12
10182,9
10183,12
10184,8
10185,12
10186,22
10187,5
10188,22
10189,5
10190,13
10191,9
10192,27
10193,9
10194,29
10195,6
10196,21
10197,6
10198,29
10199,9
10200,12
10201,22
10202,19
10203,12
10204,22
10205,16
10206,8
10207,9
10208,27
10209,9
10210,29
10211,20
10212,21
10213,20
10214,7
10215,20
10216,24
10217,14
10218,30
10219,18
10220,24
10221,10
10222,23
10223,10
10224,23
10225,11
10226,23
10227,11
10228,24
10229,10
10230,24
10231,20
10232,24
10233,25
10234,28
10235,25
10236,28
10237,25
10238,24
10239,25
10240,24
10241,30
10242,18
10243,30
10244,26
10245,1
10246,30
10247,14
10248,26
10249,30
10250,14
10251,24
10252,30
10253,14
10254,10
10255,23
10256,1
10257,23
10258,10
10259,14
10260,10
10261,14
10262,30
10263,1
10264,30
10265,18
10266,2
10267,18
10268,30
10269,26
10270,30
10271,26
10272,30
10273,26
10274,14
10275,30
10276,14
10277,26
10278,14
10279,10
10280,14
10281,10
10282,14
10283,10
10284,14
10285,4
10286,28
10287,4
10288,2
10289,18
10290,25
10291,24
10292,18
10293,4
10294,30
10295,24
10296,18
10297,4
10298,30
10299,24
10300,14
10301,24
10302,25
10303,28
10304,25
10305,18
10306,26
10307,14
10308,10
10309,23
10310,10
10311,24
10312,10
10313,23
10314,1
10315,26
10316,14
10317,30
10318,26
10319,14
10320,30
10321,18
10322,30
10323,26
10324,30
10325,4
10326,28
10327,25
10328,28
10329,25
10330,28
10331,4
10332,28
10333,25
10334,28
10335,25
10336,18
10337,26
10338,1
10339,26
10340,18
10341,24
10342,25
10343,24
10344,10
10345,24
10346,30
10347,4
10348,28
10349,4
10350,30
10351,14
10352,24
10353,10
10354,24
10355,18
10356,26
10357,18
10358,24
10359,14
10360,4
10361,14
10362,10
10363,23
10364,1
10365,3
10366,30
10367,4
10368,14
10369,10
10370,24
10371,14
10372,26
10373,18
10374,24
10375,11
10376,24
10377,30
10378,1
10379,3
10380,1
10381,30
10382,14
10383,4
10384,30
10385,18
10386,2
10387,11
10388,23
10389,10
10390,23
10391,10
10392,23
10393,10
10394,14
10395,10
10396,23
10397,1
10398,30
10399,26
10400,30
10401,3
10402,1
10403,30
10404,1
10405,3
10406,1
10407,23
10408,11
10409,2
10410,18
10411,2
10412,4
10413,28
10414,25
10415,24
10416,30
10417,3
10418,30
10419,24
10420,30
10421,14
10422,30
10423,26
10424,30
10425,3
10426,1
10427,30
10428,1
10429,23
10430,1
10431,26
10432,1
10433,23
10434,11
10435,23
10436,10
10437,24
10438,18
10439,25
10440,18
10441,26
10442,18
10443,2
10444,18
10445,24
10446,10
10447,14
10448,30
10449,24
10450,10
10451,23
10452,11
10453,23
10454,11
10455,2
10456,4
10457,28
10458,4
10459,18
10460,30
10461,3
10462,1
10463,30
10464,26
10465,14
10466,30
10467,1
10468,30
10469,14
10470,24
10471,11
10472,2
10473,18
10474,24
10475,30
10476,26
10477,14
10478,24
10479,18
10480,4
10481,14
10482,4
10483,28
10484,25
10485,18
10486,30
10487,18
10488,25
10489,18
10490,25
10491,28
10492,4
10493,18
10494,24
10495,25
10496,28
10497,25
10498,28
10499,4
10500,30
10501,3
10502,30
10503,26
10504,14
10505,4
10506,28
10507,25
10508,18
10509,24
10510,20
10511,29
10512,9
10513,12
10514,22
10515,5
10516,19
10517,12
10518,19
10519,12
10520,9
10521,12
10522,19
10523,5
10524,13
10525,9
10526,29
10527,7
10528,6
10529,7
10530,20
10531,21
10532,20
10533,21
10534,6
10535,29
10536,16
10537,8
10538,12
10539,8
10540,22
10541,8
10542,20
10543,7
10544,29
10545,22
10546,5
10547,22
10548,8
10549,9
10550,29
10551,22
10552,16
10553,8
10554,12
10555,9
10556,27
10557,6
10558,21
10559,6
10560,27
10561,16
10562,8
10563,12
10564,22
10565,16
10566,22
10567,5
10568,8
10569,20
10570,29
10571,22
10572,29
10573,9
10574,29
10575,22
10576,16
10577,22
10578,19
10579,22
10580,5
10581,8
10582,22
10583,5
10584,22
10585,16
10586,29
10587,16
10588,22
10589,12
10590,22
10591,8
10592,12
10593,9
10594,27
10595,6
10596,29
10597,7
10598,29
10599,7
10600,29
10601,6
10602,29
10603,6
10604,7
10605,29
10606,6
10607,21
10608,6
10609,27
10610,16
10611,8
10612,22
10613,17
10614,15
10615,17
10616,15
10617,17
10618,12
10619,22
10620,5
10621,8
10622,17
10623,8
10624,22
10625,29
10626,9
10627,12
10628,19
10629,5
10630,22
10631,29
10632,22
10633,16
10634,29
10635,16
10636,27
10637,16
10638,27
10639,6
10640,7
10641,6
10642,29
10643,7
10644,20
10645,21
10646,6
10647,21
10648,6
10649,21
10650,6
10651,21
10652,6
10653,21
10654,20
10655,24
10656,30
10657,1
10658,30
10659,14
10660,30
10661,14
10662,30
10663,18
10664,25
10665,28
10666,4
10667,14
10668,24
10669,14
10670,4
10671,30
10672,3
10673,30
10674,26
10675,18
10676,24
10677,30
10678,18
10679,24
10680,25
10681,28
10682,25
10683,24
10684,11
10685,2
10686,18
10687,24
10688,14
10689,24
10690,25
10691,28
10692,4
10693,2
10694,18
10695,25
10696,18
10697,25
10698,18
10699,24
10700,20
10701,8
10702,5
10703,22
10704,5
10705,22
10706,19
10707,22
10708,5
10709,19
10710,5
10711,13
10712,9
10713,8
10714,22
10715,12
10716,9
10717,29
10718,7
10719,6
10720,21
10721,20
10722,24
10723,25
10724,24
10725,18
10726,26
10727,14
10728,24
10729,18
10730,2
10731,11
10732,24
10733,18
10734,26
10735,18
10736,30
10737,1
10738,3
10739,1
10740,23
10741,10
10742,23
10743,1
10744,30
10745,26
10746,30
10747,26
10748,14
10749,10
10750,14
10751,30
10752,1
10753,26
10754,14
10755,26
10756,14
10757,4
10758,30
10759,18
10760,4
10761,28
10762,4
10763,28
10764,25
10765,18
10766,25
10767,24
10768,30
10769,24
10770,30
10771,14
10772,24
10773,14
10774,24
10775,25
10776,24
10777,10
10778,23
10779,10
10780,24
10781,30
10782,18
10783,2
10784,4
10785,28
10786,25
10787,24
10788,11
10789,2
10790,4
10791,18
10792,24
10793,11
10794,24
10795,10
10796,14
10797,10
10798,14
10799,10
10800,24
10801,25
10802,28
10803,25
10804,28
10805,25
10806,28
10807,4
10808,14
10809,30
10810,1
10811,3
10812,30
10813,18
10814,25
10815,24
10816,20
10817,8
10818,12
10819,17
10820,22
10821,5
10822,22
10823,5
10824,19
10825,5
10826,13
10827,6
10828,27
10829,9
10830,8
10831,17
10832,22
10833,17
10834,15
10835,17
10836,8
10837,22
10838,29
10839,6
10840,13
10841,9
10842,13
10843,5
10844,13
10845,6
10846,29
10847,22
10848,29
10849,9
10850,13
10851,5
10852,19
10853,5
10854,22
10855,5
10856,8
10857,22
10858,19
10859,22
10860,29
10861,7
10862,29
10863,22
10864,8
10865,17
10866,22
10867,16
10868,27
10869,16
10870,27
10871,6
10872,21
10873,20
10874,21
10875,20
10876,29
10877,7
10878,6
10879,7
10880,20
10881,29
10882,22
10883,5
10884,19
10885,22
10886,19
10887,22
10888,19
10889,5
10890,19
10891,5
10892,22
10893,29
10894,9
10895,12
10896,17
10897,22
10898,12
10899,17
10900,15
10901,17
10902,22
10903,5
10904,13
10905,6
10906,7
10907,20
10908,29
10909,9
10910,29
10911,20
10912,21
10913,20
10914,29
10915,20
10916,24
10917,20
10918,7
10919,6
10920,29
10921,20
10922,24
10923,20
10924,7
10925,20
10926,24
10927,11
10928,2
10929,11
10930,24
10931,14
10932,10
10933,24
10934,20
10935,29
10936,7
10937,20
10938,8
10939,9
10940,8
10941,9
10942,13
10943,9
10944,13
10945,5
10946,22
10947,12
10948,22
10949,17
10950,8
10951,20
10952,29
10953,6
10954,27
10955,16
10956,22
10957,17
10958,8
10959,5
10960,19
10961,5
10962,19
10963,22
10964,17
10965,8
10966,17
10967,8
10968,5
10969,13
10970,9
10971,13
10972,6
10973,21
10974,20
10975,8
10976,16
10977,29
10978,20
10979,8
10980,17
10981,15
10982,17
10983,8
10984,12
10985,19
10986,22
10987,16
10988,22
10989,12
10990,22
10991,8
10992,17
10993,8
10994,22
10995,12
10996,17
10997,15
10998,17
10999,22
11000,17
11001,12
11002,9
11003,29
11004,16
11005,27
11006,16
11007,22
11008,19
11009,5
11010,8
11011,12
11012,19
11013,22
11014,5
11015,8
11016,16
11017,29
11018,16
11019,29
11020,7
11021,29
11022,7
11023,20
11024,24
11025,18
11026,4
11027,28
11028,25
11029,24
11030,14
11031,10
11032,14
11033,30
11034,4
11035,2
11036,4
11037,30
11038,14
11039,10
11040,24
11041,18
11042,2
11043,18
11044,4
11045,18
11046,26
11047,14
11048,4
11049,2
11050,18
11051,4
11052,30
11053,26
11054,18
11055,25
11056,28
11057,25
11058,18
11059,2
11060,18
11061,24
11062,25
11063,18
11064,2
11065,4
11066,2
11067,18
11068,4
11069,2
11070,18
11071,26
11072,30
11073,1
11074,30
11075,3
11076,1
11077,30
11078,24
11079,30
11080,18
11081,26
11082,18
11083,25
11084,24
11085,30
11086,3
11087,30
11088,24
11089,25
11090,28
11091,25
11092,24
11093,25
11094,18
11095,30
11096,18
11097,25
11098,24
11099,11
11100,24
11101,14
11102,30
11103,18
11104,25
11105,28
11106,25
11107,28
11108,4
11109,28
11110,25
11111,24
11112,25
11113,24
11114,10
11115,14
11116,10
11117,23
11118,11
11119,2
11120,18
11121,24
11122,18
11123,30
11124,4
11125,2
11126,11
11127,2
11128,18
11129,30
11130,4
11131,18
11132,4
11133,18
11134,2
11135,4
11136,2
11137,11
11138,23
11139,1
11140,3
11141,1
11142,3
11143,1
11144,3
11145,30
11146,1
11147,3
11148,30
11149,4
11150,30
11151,3
11152,30
11153,14
11154,26
11155,1
11156,30
11157,14
11158,4
11159,18
11160,2
11161,18
11162,26
11163,18
11164,4
11165,18
11166,4
11167,28
11168,25
11169,18
11170,25
11171,24
11172,14
11173,10
11174,14
11175,4
11176,2
11177,4
11178,30
11179,26
11180,18
11181,26
11182,1
11183,26
11184,1
11185,23
11186,10
11187,14
11188,4
11189,28
11190,25
11191,18
11192,24
11193,30
11194,24
11195,18
11196,30
11197,1
11198,3
11199,30
11200,1
11201,3
11202,1
11203,3
11204,1
11205,3
11206,1
11207,26
11208,14
11209,26
11210,30
11211,18
11212,26
11213,1
11214,30
11215,3
11216,1
11217,30
11218,4
11219,30
11220,26
11221,1
11222,23
11223,11
11224,23
11225,11
11226,24
11227,30
11228,4
11229,14
11230,24
11231,30
11232,3
11233,1
11234,23
11235,1
11236,3
11237,1
11238,3
11239,30
11240,18
11241,26
11242,14
11243,4
11244,18
11245,25
11246,18
11247,25
11248,24
11249,10
11250,23
11251,10
11252,23
11253,10
11254,24
11255,20
11256,29
11257,6
11258,7
11259,29
11260,22
11261,17
11262,12
11263,22
11264,12
11265,8
11266,17
11267,12
11268,19
11269,5
11270,22
11271,19
11272,22
11273,17
11274,12
11275,22
11276,16
11277,27
11278,9
11279,13
11280,5
11281,22
11282,8
11283,9
11284,27
11285,9
11286,27
11287,6
11288,21
11289,20
11290,29
11291,7
11292,29
11293,20
11294,24
11295,30
11296,18
11297,24
11298,20
11299,29
11300,6
11301,21
11302,20
11303,24
11304,10
11305,14
11306,26
11307,14
11308,24
11309,20
11310,8
11311,5
11312,8
11313,12
11314,19
11315,5
11316,13
11317,6
11318,13
11319,5
11320,22
11321,17
11322,8
11323,12
11324,17
11325,22
11326,19
11327,12
11328,17
11329,15
11330,17
11331,22
11332,16
11333,27
11334,6
11335,7
11336,6
11337,29
11338,7
11339,29
11340,7
11341,6
11342,29
11343,22
11344,16
11345,22
11346,17
11347,15
11348,17
11349,12
11350,19
11351,5
11352,19
11353,5
11354,19
11355,22
11356,16
11357,29
11358,16
11359,29
11360,9
11361,12
11362,19
11363,12
11364,8
11365,17
11366,12
11367,8
11368,22
11369,17
11370,12
11371,8
11372,20
11373,29
11374,6
11375,21
11376,20
11377,8
11378,12
11379,22
11380,8
11381,16
11382,27
11383,6
11384,27
11385,16
11386,22
11387,12
11388,17
11389,22
11390,19
11391,22
11392,19
11393,22
11394,12
11395,22
11396,12
11397,17
11398,22
11399,12
11400,17
11401,8
11402,17
11403,15
11404,17
11405,22
11406,29
11407,20
11408,24
11409,30
11410,3
11411,30
11412,24
11413,20
11414,7
11415,6
11416,27
11417,9
11418,27
11419,6
11420,27
11421,9
11422,8
11423,12
11424,19
11425,22
11426,29
11427,20
11428,7
11429,29
11430,22
11431,12
11432,19
11433,22
11434,8
11435,12
11436,9
11437,27
11438,6
11439,27
11440,16
11441,22
11442,19
11443,12
11444,19
11445,22
11446,16
11447,22
11448,16
11449,27
11450,9
11451,12
11452,9
11453,29
11454,9
11455,12
11456,8
11457,9
11458,12
11459,19
11460,12
11461,8
11462,17
11463,15
11464,17
11465,15
11466,17
11467,8
11468,9
11469,8
11470,22
11471,8
11472,16
11473,29
11474,16
11475,22
11476,29
11477,9
11478,27
11479,9
11480,8
11481,20
11482,24
11483,30
11484,24
11485,20
11486,8
11487,22
11488,29
11489,22
11490,29
11491,9
11492,12
11493,9
11494,12
11495,19
11496,12
11497,19
11498,22
11499,29
11500,9
11501,8
11502,5
11503,8
11504,17
11505,12
11506,17
11507,12
11508,8
11509,17
11510,22
11511,29
11512,16
11513,29
11514,6
11515,29
11516,6
11517,21
11518,20
11519,8
11520,22
11521,12
11522,22
11523,17
11524,15
11525,17
11526,22
11527,5
11528,19
11529,22
11530,12
11531,8
11532,9
11533,12
11534,22
11535,29
11536,7
11537,6
11538,13
11539,6
11540,27
11541,6
11542,27
11543,6
11544,29
11545,9
11546,29
11547,22
11548,17
11549,22
11550,16
11551,29
11552,9
11553,13
11554,5
11555,19
11556,12
11557,17
11558,15
11559,17
11560,22
11561,8
11562,12
11563,22
11564,16
11565,8
11566,9
11567,13
11568,9
11569,8
11570,5
11571,13
11572,5
11573,19
11574,5
11575,13
11576,5
11577,8
11578,16
11579,22
11580,16
11581,22
11582,8
11583,16
11584,27
11585,16
11586,22
11587,19
11588,5
11589,22
11590,16
11591,27
11592,6
11593,21
11594,20
11595,21
11596,6
11597,29
11598,9
11599,12
11600,9
11601,12
11602,17
11603,22
11604,19
11605,12
11606,22
11607,5
11608,8
11609,12
11610,9
11611,12
11612,19
11613,22
11614,5
11615,13
11616,6
11617,27
11618,6
11619,21
11620,20
11621,24
11622,11
11623,2
11624,11
11625,2
11626,11
11627,24
11628,14
11629,4
11630,28
11631,25
11632,28
11633,25
11634,18
11635,25
11636,28
11637,25
11638,18
11639,30
11640,18
11641,30
11642,3
11643,1
11644,26
11645,18
11646,4
11647,2
11648,18
11649,2
11650,18
11651,26
11652,14
11653,10
11654,14
11655,26
11656,30
11657,14
11658,24
11659,18
11660,30
11661,24
11662,11
11663,2
11664,11
11665,23
11666,1
11667,26
11668,30
11669,18
11670,4
11671,2
11672,11
11673,24
11674,11
11675,23
11676,1
11677,23
11678,11
11679,24
11680,18
11681,30
11682,26
11683,1
11684,3
11685,30
11686,1
11687,26
11688,18
11689,2
11690,18
11691,25
11692,18
11693,24
11694,11
11695,24
11696,30
11697,24
11698,30
11699,3
11700,30
11701,4
11702,30
11703,3
11704,1
11705,23
11706,11
11707,2
11708,11
11709,23
11710,11
11711,23
11712,1
11713,23
11714,1
11715,23
11716,1
11717,23
11718,1
11719,23
11720,1
11721,23
11722,11
11723,24
11724,25
11725,28
11726,4
11727,30
11728,1
11729,30
11730,3
11731,30
11732,4
11733,14
11734,10
11735,14
11736,10
11737,14
11738,26
11739,1
11740,30
11741,14
11742,24
11743,11
11744,23
11745,1
11746,3
11747,1
11748,23
11749,11
11750,2
11751,11
11752,2
11753,18
11754,2
11755,4
11756,30
11757,26
11758,30
11759,14
11760,26
11761,14
11762,24
11763,25
11764,24
11765,10
11766,23
11767,10
11768,24
11769,18
11770,24
11771,25
11772,28
11773,25
11774,24
11775,25
11776,24
11777,18
11778,26
11779,14
11780,24
11781,11
11782,23
11783,1
11784,23
11785,11
11786,23
11787,10
11788,14
11789,24
11790,30
11791,1
11792,26
11793,1
11794,23
11795,10
11796,24
11797,11
11798,2
11799,18
11800,30
11801,18
11802,2
11803,18
11804,4
11805,30
11806,26
11807,18
11808,26
11809,30
11810,1
11811,3
11812,30
11813,24
11814,11
11815,23
11816,1
11817,26
11818,30
11819,3
11820,30
11821,24
11822,30
11823,14
11824,24
11825,14
11826,10
11827,14
11828,26
11829,18
11830,24
11831,30
11832,18
11833,26
11834,30
11835,4
11836,30
11837,24
11838,18
11839,30
11840,4
11841,28
11842,4
11843,28
11844,4
11845,18
11846,30
11847,18
11848,2
11849,18
11850,2
11851,11
11852,23
11853,11
11854,23
11855,10
11856,14
11857,30
11858,1
11859,26
11860,1
11861,23
11862,11
11863,2
11864,11
11865,24
11866,20
11867,29
11868,20
11869,7
11870,20
11871,8
11872,5
11873,13
11874,9
11875,27
11876,6
11877,27
11878,6
11879,7
11880,29
11881,9
11882,13
11883,9
11884,27
11885,16
11886,8
11887,22
11888,29
11889,9
11890,8
11891,16
11892,27
11893,16
11894,29
11895,22
11896,5
11897,8
11898,17
11899,12
11900,17
11901,12
11902,17
11903,8
11904,5
11905,19
11906,12
11907,9
11908,27
11909,9
11910,29
11911,16
11912,22
11913,17
11914,15
11915,17
11916,12
11917,9
11918,8
11919,20
11920,29
11921,22
11922,29
11923,7
11924,6
11925,21
11926,20
11927,21
11928,20
11929,29
11930,22
11931,8
11932,9
11933,8
11934,22
11935,29
11936,7
11937,20
11938,8
11939,16
11940,27
11941,16
11942,27
11943,16
11944,29
11945,20
11946,8
11947,12
11948,17
11949,22
11950,17
11951,15
11952,17
11953,8
11954,17
11955,22
11956,8
11957,5
11958,22
11959,12
11960,19
11961,5
11962,8
11963,20
11964,7
11965,20
11966,8
11967,20
11968,21
11969,20
11970,24
11971,25
11972,24
11973,20
11974,7
11975,29
11976,7
11977,20
11978,21
11979,6
11980,7
11981,29
11982,6
11983,13
11984,5
11985,13
11986,27
11987,9
11988,13
11989,6
11990,21
11991,6
11992,13
11993,5
11994,13
11995,9
11996,29
11997,20
11998,29
11999,22
12000,17
12001,15
12002,17
12003,22
12004,12
12005,19
12006,12
12007,19
12008,5
12009,8
12010,12
12011,22
12012,5
12013,13
12014,6
12015,21
12016,20
12017,21
12018,6
12019,13
12020,5
12021,13
12022,6
12023,7
12024,6
12025,29
12026,16
12027,27
12028,6
12029,29
12030,7
12031,20
12032,7
12033,6
12034,29
12035,9
12036,12
12037,19
12038,22
12039,5
12040,19
12041,12
12042,8
12043,20
12044,8
12045,22
12046,8
12047,16
12048,27
12049,9
12050,12
12051,9
12052,12
12053,22
12054,5
12055,22
12056,29
12057,6
12058,13
12059,6
12060,13
12061,9
12062,13
12063,9
12064,8
12065,20
12066,7
12067,29
12068,7
12069,29
12070,20
12071,8
12072,12
12073,9
12074,8
12075,9
12076,29
12077,9
12078,13
12079,5
12080,13
12081,9
12082,13
12083,6
12084,29
12085,22
12086,12
12087,19
12088,5
12089,8
12090,17
12091,22
12092,5
12093,8
12094,20
12095,7
12096,20
12097,21
12098,6
12099,21
12100,20
12101,8
12102,16
12103,29
12104,20
12105,29
12106,20
12107,8
12108,12
12109,22
12110,19
12111,12
12112,8
12113,9
12114,29
12115,7
12116,20
12117,29
12118,20
12119,24
12120,18
12121,4
12122,18
12123,26
12124,30
12125,18
12126,30
12127,26
12128,14
12129,26
12130,14
12131,26
12132,14
12133,30
12134,24
12135,20
12136,8
12137,20
12138,21
12139,6
12140,29
12141,22
12142,29
12143,20
12144,21
12145,6
12146,21
12147,20
12148,24
12149,11
12150,24
12151,10
12152,14
12153,26
12154,14
12155,26
12156,14
12157,30
12158,1
12159,23
12160,10
12161,14
12162,24
12163,20
12164,21
12165,6
12166,29
12167,20
12168,24
12169,20
12170,7
12171,6
12172,7
12173,29
12174,16
12175,29
12176,20
12177,29
12178,20
12179,7
12180,6
12181,27
12182,6
12183,29
12184,22
12185,17
12186,15
12187,17
12188,22
12189,17
12190,8
12191,20
12192,29
12193,20
12194,29
12195,22
12196,8
12197,17
12198,15
12199,17
12200,22
12201,17
12202,15
12203,17
12204,15
12205,17
12206,8
12207,12
12208,9
12209,29
12210,9
12211,29
12212,6
12213,7
12214,20
12215,29
12216,16
12217,22
12218,29
12219,20
12220,8
12221,22
12222,29
12223,20
12224,7
12225,29
12226,7
12227,6
12228,13
12229,5
12230,13
12231,6
12232,13
12233,5
12234,8
12235,12
12236,22
12237,16
12238,29
12239,16
12240,29
12241,7
12242,6
12243,29
12244,6
12245,27
12246,6
12247,7
12248,29
12249,22
12250,17
12251,15
12252,17
12253,22
12254,5
12255,22
12256,5
12257,8
12258,9
12259,12
12260,19
12261,5
12262,13
12263,5
12264,22
12265,5
12266,8
12267,16
12268,22
12269,12
12270,17
12271,22
12272,5
12273,8
12274,12
12275,8
12276,5
12277,8
12278,20
12279,7
12280,29
12281,22
12282,29
12283,7
12284,29
12285,16
12286,27
12287,6
12288,27
12289,16
12290,29
12291,7
12292,20
12293,7
12294,29
12295,20
12296,24
12297,30
12298,4
12299,2
12300,18
12301,26
12302,1
12303,30
12304,1
12305,23
12306,1
12307,3
12308,30
12309,4
12310,18
12311,30
12312,26
12313,1
12314,23
12315,1
12316,23
12317,1
12318,3
12319,30
12320,4
12321,30
12322,3
12323,1
12324,23
12325,1
12326,26
12327,14
12328,4
12329,14
12330,30
12331,1
12332,26
12333,1
12334,23
12335,1
12336,3
12337,30
12338,24
12339,25
12340,24
12341,11
12342,2
12343,18
12344,26
12345,30
12346,3
12347,30
12348,1
12349,26
12350,30
12351,4
12352,28
12353,25
12354,28
12355,25
12356,28
12357,25
12358,18
12359,4
12360,28
12361,25
12362,28
12363,4
12364,30
12365,26
12366,1
12367,30
12368,1
12369,26
12370,30
12371,1
12372,23
12373,10
12374,14
12375,26
12376,18
12377,2
12378,11
12379,2
12380,4
12381,14
12382,26
12383,1
12384,26
12385,1
12386,26
12387,1
12388,23
12389,10
12390,23
12391,1
12392,26
12393,18
12394,2
12395,11
12396,24
12397,20
12398,7
12399,6
12400,13
12401,5
12402,22
12403,8
12404,17
12405,8
12406,22
12407,8
12408,22
12409,17
12410,15
12411,17
12412,22
12413,5
12414,13
12415,6
12416,21
12417,6
12418,29
12419,9
12420,13
12421,6
12422,29
12423,22
12424,16
12425,22
12426,16
12427,22
12428,19
12429,12
12430,8
12431,9
12432,8
12433,22
12434,8
12435,16
12436,22
12437,12
12438,17
12439,22
12440,12
12441,19
12442,5
12443,22
12444,29
12445,16
12446,8
12447,9
12448,29
12449,9
12450,29
12451,16
12452,27
12453,6
12454,27
12455,6
12456,29
12457,22
12458,19
12459,5
12460,13
12461,5
12462,13
12463,6
12464,29
12465,16
12466,8
12467,16
12468,27
12469,6
12470,29
12471,20
12472,8
12473,22
12474,8
12475,20
12476,8
12477,17
12478,22
12479,19
12480,5
12481,19
12482,12
12483,22
12484,8
12485,17
12486,12
12487,8
12488,9
12489,12
12490,22
12491,19
12492,5
12493,8
12494,20
12495,8
12496,5
12497,8
12498,5
12499,8
12500,5
12501,13
12502,6
12503,21
12504,6
12505,13
12506,9
12507,29
12508,16
12509,22
12510,5
12511,8
12512,5
12513,8
12514,20
12515,8
12516,20
12517,8
12518,9
12519,27
12520,16
12521,22
12522,16
12523,8
12524,9
12525,27
12526,6
12527,21
12528,20
12529,8
12530,20
12531,24
12532,18
12533,4
12534,30
12535,24
12536,11
12537,23
12538,1
12539,23
12540,1
12541,30
12542,18
12543,30
12544,24
12545,20
12546,8
12547,17
12548,15
12549,17
12550,15
12551,17
12552,12
12553,9
12554,27
12555,16
12556,27
12557,9
12558,13
12559,6
12560,13
12561,5
12562,13
12563,9
12564,27
12565,9
12566,29
12567,16
12568,27
12569,6
12570,13
12571,5
12572,13
12573,9
12574,12
12575,17
12576,12
12577,19
12578,22
12579,16
12580,22
12581,17
12582,12
12583,8
12584,16
12585,29
12586,9
12587,29
12588,20
12589,21
12590,20
12591,8
12592,16
12593,22
12594,5
12595,13
12596,9
12597,13
12598,5
12599,8
12600,12
12601,8
12602,12
12603,9
12604,27
12605,6
12606,29
12607,22
12608,16
12609,29
12610,7
12611,20
12612,21
12613,6
12614,29
12615,20
12616,24
12617,20
12618,24
12619,20
12620,21
12621,20
12622,24
12623,25
12624,24
12625,14
12626,26
12627,18
12628,2
12629,4
12630,2
12631,11
12632,24
12633,25
12634,18
12635,24
12636,25
12637,18
12638,4
12639,28
12640,25
12641,18
12642,2
12643,18
12644,4
12645,30
12646,26
12647,1
12648,23
12649,10
12650,23
12651,10
12652,14
12653,24
12654,25
12655,18
12656,4
12657,30
12658,1
12659,30
12660,1
12661,3
12662,1
12663,23
12664,10
12665,14
12666,24
12667,14
12668,26
12669,30
12670,3
12671,30
12672,3
12673,1
12674,30
12675,1
12676,3
12677,30
12678,26
12679,1
12680,26
12681,18
12682,2
12683,11
12684,23
12685,1
12686,26
12687,14
12688,4
12689,30
12690,14
12691,26
12692,18
12693,26
12694,30
12695,26
12696,1
12697,30
12698,26
12699,30
12700,18
12701,30
12702,14
12703,30
12704,18
12705,26
12706,14
12707,26
12708,30
12709,1
12710,3
12711,30
12712,14
12713,10
12714,24
12715,14
12716,4
12717,18
12718,24
12719,11
12720,24
12721,25
12722,28
12723,4
12724,28
12725,25
12726,28
12727,25
12728,18
12729,26
12730,1
12731,23
12732,11
12733,2
12734,4
12735,28
12736,25
12737,28
12738,25
12739,28
12740,4
12741,28
12742,4
12743,28
12744,25
12745,18
12746,2
12747,4
12748,30
12749,24
12750,11
12751,24
12752,10
12753,23
12754,11
12755,2
12756,18
12757,25
12758,24
12759,30
12760,24
12761,10
12762,24
12763,25
12764,28
12765,25
12766,24
12767,20
12768,24
12769,30
12770,1
12771,30
12772,26
12773,18
12774,24
12775,10
12776,23
12777,10
12778,23
12779,1
12780,26
12781,30
12782,3
12783,1
12784,30
12785,18
12786,25
12787,28
12788,25
12789,28
12790,4
12791,28
12792,4
12793,30
12794,1
12795,3
12796,30
12797,14
12798,26
12799,1
12800,23
12801,11
12802,2
12803,18
12804,24
12805,10
12806,14
12807,30
12808,3
12809,30
12810,26
12811,30
12812,3
12813,1
12814,3
12815,1
12816,30
12817,14
12818,24
12819,18
12820,24
12821,18
12822,25
12823,18
12824,24
12825,10
12826,24
12827,11
12828,2
12829,11
12830,2
12831,4
12832,28
12833,25
12834,24
12835,18
12836,2
12837,4
12838,18
12839,26
12840,30
12841,18
12842,30
12843,18
12844,2
12845,4
12846,14
12847,24
12848,20
12849,24
12850,14
12851,10
12852,14
12853,4
12854,18
12855,2
12856,4
12857,30
12858,14
12859,30
12860,14
12861,30
12862,24
12863,25
12864,18
12865,2
12866,4
12867,14
12868,30
12869,1
12870,3
12871,30
12872,24
12873,18
12874,26
12875,30
12876,3
12877,30
12878,3
12879,1
12880,23
12881,1
12882,23
12883,10
12884,24
12885,14
12886,26
12887,18
12888,26
12889,1
12890,30
12891,4
12892,18
12893,26
12894,18
12895,24
12896,20
12897,8
12898,22
12899,17
12900,8
12901,9
12902,13
12903,9
12904,13
12905,9
12906,13
12907,5
12908,19
12909,22
12910,12
12911,8
12912,20
12913,24
12914,20
12915,29
12916,20
12917,8
12918,5
12919,22
12920,12
12921,19
12922,5
12923,8
12924,5
12925,19
12926,12
12927,17
12928,8
12929,9
12930,27
12931,9
12932,13
12933,9
12934,27
12935,9
12936,8
12937,9
12938,8
12939,9
12940,29
12941,9
12942,27
12943,9
12944,13
12945,5
12946,19
12947,5
12948,19
12949,12
12950,22
12951,17
12952,22
12953,19
12954,22
12955,17
12956,22
12957,5
12958,13
12959,5
12960,19
12961,5
12962,8
12963,20
12964,8
12965,12
12966,19
12967,5
12968,13
12969,6
12970,13
12971,5
12972,8
12973,22
12974,16
12975,27
12976,6
12977,29
12978,22
12979,5
12980,19
12981,12
12982,8
12983,22
12984,19
12985,12
12986,17
12987,8
12988,12
12989,22
12990,16
12991,22
12992,17
12993,8
12994,17
12995,8
12996,20
12997,24
12998,30
12999,4
13000,28
13001,25
13002,28
13003,25
13004,18
13005,26
13006,14
13007,30
13008,1
13009,23
13010,11
13011,24
13012,18
13013,2
13014,11
13015,2
13016,4
13017,18
13018,2
13019,4
13020,30
13021,1
13022,30
13023,1
13024,30
13025,14
13026,10
13027,24
13028,11
13029,24
13030,25
13031,24
13032,25
13033,28
13034,25
13035,24
13036,14
13037,4
13038,14
13039,24
13040,14
13041,24
13042,11
13043,24
13044,20
13045,21
13046,6
13047,21
13048,20
13049,21
13050,20
13051,21
13052,6
13053,7
13054,29
13055,20
13056,8
13057,22
13058,12
13059,8
13060,5
13061,22
13062,29
13063,9
13064,12
13065,9
13066,27
13067,6
13068,29
13069,6
13070,29
13071,6
13072,13
13073,6
13074,13
13075,6
13076,13
13077,6
13078,13
13079,6
13080,13
13081,9
13082,29
13083,22
13084,17
13085,12
13086,8
13087,5
13088,22
13089,12
13090,8
13091,12
13092,22
13093,29
13094,7
13095,6
13096,29
13097,16
13098,22
13099,19
13100,12
13101,19
13102,12
13103,8
13104,5
13105,8
13106,9
13107,13
13108,9
13109,12
13110,19
13111,5
13112,22
13113,12
13114,22
13115,17
13116,15
13117,17
13118,8
13119,20
13120,24
13121,11
13122,24
13123,30
13124,4
13125,18
13126,2
13127,4
13128,18
13129,25
13130,24
13131,10
13132,24
13133,25
13134,18
13135,25
13136,24
13137,18
13138,4
13139,28
13140,4
13141,28
13142,25
13143,18
13144,24
13145,20
13146,29
13147,7
13148,6
13149,13
13150,9
13151,27
13152,9
13153,29
13154,20
13155,21
13156,6
13157,13
13158,9
13159,29
13160,20
13161,8
13162,20
13163,7
13164,29
13165,6
13166,29
13167,7
13168,29
13169,22
13170,16
13171,27
13172,6
13173,7
13174,20
13175,21
13176,6
13177,7
13178,29
13179,16
13180,29
13181,7
13182,29
13183,7
13184,29
13185,7
13186,6
13187,13
13188,5
13189,22
13190,29
13191,16
13192,29
13193,16
13194,27
13195,6
13196,13
13197,6
13198,7
13199,6
13200,29
13201,16
13202,8
13203,12
13204,22
13205,16
13206,27
13207,9
13208,13
13209,5
13210,13
13211,9
13212,29
13213,16
13214,8
13215,16
13216,8
13217,17
13218,22
13219,17
13220,15
13221,17
13222,15
13223,17
13224,12
13225,8
13226,5
13227,19
13228,22
13229,16
13230,27
13231,6
13232,27
13233,16
13234,29
13235,6
13236,21
13237,20
13238,8
13239,22
13240,29
13241,16
13242,29
13243,22
13244,17
13245,8
13246,9
13247,12
13248,17
13249,22
13250,12
13251,22
13252,16
13253,8
13254,20
13255,24
13256,20
13257,21
13258,20
13259,8
13260,5
13261,22
13262,5
13263,13
13264,9
13265,13
13266,9
13267,27
13268,9
13269,27
13270,6
13271,27
13272,6
13273,13
13274,5
13275,8
13276,5
13277,13
13278,5
13279,19
13280,22
13281,8
13282,20
13283,29
13284,20
13285,24
13286,10
13287,14
13288,30
13289,4
13290,18
13291,4
13292,28
13293,25
13294,24
13295,10
13296,24
13297,25
13298,24
13299,25
13300,18
13301,26
13302,1
13303,26
13304,14
13305,26
13306,1
13307,23
13308,1
13309,30
13310,1
13311,30
13312,3
13313,30
13314,4
13315,28
13316,4
13317,30
13318,3
13319,30
13320,3
13321,30
13322,18
13323,25
13324,18
13325,4
13326,2
13327,11
13328,2
13329,11
13330,23
13331,11
13332,24
13333,14
13334,26
13335,1
13336,23
13337,1
13338,3
13339,1
13340,26
13341,1
13342,3
13343,1
13344,26
13345,1
13346,26
13347,30
13348,1
13349,23
13350,11
13351,23
13352,1
13353,3
13354,1
13355,3
13356,30
13357,14
13358,26
13359,18
13360,4
13361,28
13362,4
13363,18
13364,24
13365,11
13366,24
13367,10
13368,24
13369,10
13370,14
13371,24
13372,20
13373,24
13374,30
13375,3
13376,1
13377,30
13378,14
13379,4
13380,28
13381,4
13382,28
13383,4
13384,14
13385,4
13386,2
13387,11
13388,23
13389,10
13390,23
13391,10
13392,24
13393,10
13394,14
13395,26
13396,1
13397,23
13398,1
13399,30
13400,14
13401,30
13402,14
13403,24
13404,10
13405,24
13406,11
13407,2
13408,11
13409,23
13410,10
13411,24
13412,14
13413,26
13414,18
13415,30
13416,1
13417,23
13418,11
13419,24
13420,30
13421,26
13422,14
13423,26
13424,18
13425,30
13426,3
13427,1
13428,23
13429,11
13430,24
13431,25
13432,28
13433,25
13434,24
13435,18
13436,30
13437,4
13438,30
13439,26
13440,18
13441,26
13442,30
13443,14
13444,26
13445,30
13446,14
13447,10
13448,14
13449,26
13450,18
13451,2
13452,18
13453,25
13454,18
13455,25
13456,18
13457,24
13458,14
13459,4
13460,28
13461,4
13462,2
13463,4
13464,28
13465,4
13466,30
13467,14
13468,4
13469,18
13470,4
13471,30
13472,14
13473,4
13474,30
13475,1
13476,30
13477,24
13478,25
13479,18
13480,4
13481,14
13482,26
13483,30
13484,26
13485,1
13486,26
13487,30
13488,1
13489,3
13490,1
13491,23
13492,11
13493,23
13494,11
13495,2
13496,4
13497,30
13498,26
13499,30
13500,4
13501,18
13502,24
13503,18
13504,30
13505,26
13506,14
13507,24
13508,18
13509,24
13510,30
13511,24
13512,30
13513,24
13514,30
13515,26
13516,1
13517,30
13518,18
13519,24
13520,10
13521,23
13522,1
13523,30
13524,18
13525,25
13526,24
13527,11
13528,23
13529,1
13530,3
13531,30
13532,24
13533,20
13534,29
13535,22
13536,17
13537,8
13538,9
13539,27
13540,16
13541,8
13542,16
13543,29
13544,9
13545,27
13546,16
13547,22
13548,16
13549,8
13550,17
13551,8
13552,5
13553,19
13554,12
13555,22
13556,16
13557,29
13558,16
13559,27
13560,6
13561,21
13562,6
13563,27
13564,6
13565,21
13566,20
13567,21
13568,20
13569,29
13570,22
13571,12
13572,8
13573,5
13574,8
13575,16
13576,29
13577,16
13578,27
13579,16
13580,29
13581,22
13582,12
13583,22
13584,5
13585,13
13586,9
13587,29
13588,20
13589,21
13590,6
13591,29
13592,20
13593,7
13594,20
13595,24
13596,20
13597,7
13598,20
13599,7
13600,6
13601,13
13602,9
13603,8
13604,17
13605,8
13606,5
13607,19
13608,12
13609,9
13610,27
13611,6
13612,27
13613,6
13614,29
13615,20
13616,8
13617,16
13618,27
13619,9
13620,12
13621,19
13622,12
13623,8
13624,17
13625,22
13626,5
13627,13
13628,5
13629,22
13630,19
13631,12
13632,22
13633,8
13634,12
13635,8
13636,20
13637,24
13638,30
13639,24
13640,20
13641,29
13642,7
13643,6
13644,29
13645,9
13646,27
13647,6
13648,21
13649,20
13650,29
13651,22
13652,29
13653,9
13654,27
13655,16
13656,29
13657,7
13658,29
13659,9
13660,29
13661,9
13662,29
13663,20
13664,29
13665,20
13666,29
13667,22
13668,8
13669,12
13670,8
13671,17
13672,15
13673,17
13674,22
13675,5
13676,8
13677,17
13678,12
13679,9
13680,27
13681,9
13682,13
13683,9
13684,8
13685,5
13686,8
13687,17
13688,12
13689,22
13690,29
13691,9
13692,29
13693,6
13694,7
13695,20
13696,21
13697,20
13698,7
13699,20
13700,8
13701,17
13702,22
13703,12
13704,9
13705,13
13706,9
13707,27
13708,6
13709,13
13710,9
13711,12
13712,8
13713,5
13714,22
13715,5
13716,19
13717,5
13718,22
13719,29
13720,16
13721,29
13722,20
13723,21
13724,6
13725,21
13726,20
13727,29
13728,16
13729,8
13730,12
13731,17
13732,15
13733,17
13734,22
13735,8
13736,5
13737,22
13738,17
13739,15
13740,17
13741,12
13742,22
13743,17
13744,15
13745,17
13746,22
13747,8
13748,12
13749,9
13750,13
13751,5
13752,8
13753,22
13754,5
13755,19
13756,5
13757,19
13758,12
13759,19
13760,22
13761,5
13762,19
13763,12
13764,8
13765,5
13766,22
13767,16
13768,29
13769,7
13770,29
13771,9
13772,13
13773,5
13774,13
13775,5
13776,13
13777,5
13778,19
13779,5
13780,19
13781,12
13782,9
13783,12
13784,9
13785,29
13786,20
13787,21
13788,6
13789,7
13790,20
13791,29
13792,20
13793,29
13794,22
13795,17
13796,12
13797,9
13798,13
13799,5
13800,19
13801,22
13802,17
13803,8
13804,5
13805,13
13806,6
13807,27
13808,9
13809,29
13810,20
13811,8
13812,16
13813,29
13814,16
13815,29
13816,22
13817,5
13818,13
13819,9
13820,29
13821,6
13822,13
13823,5
13824,8
13825,17
13826,22
13827,29
13828,6
13829,7
13830,29
13831,22
13832,16
13833,22
13834,8
13835,9
13836,13
13837,6
13838,7
13839,20
13840,21
13841,20
13842,8
13843,17
13844,12
13845,22
13846,29
13847,9
13848,8
13849,20
13850,24
13851,18
13852,26
13853,18
13854,24
13855,14
13856,30
13857,24
13858,18
13859,24
13860,10
13861,23
13862,10
13863,24
13864,25
13865,28
13866,25
13867,18
13868,25
13869,28
13870,25
13871,18
13872,4
13873,14
13874,24
13875,25
13876,28
13877,4
13878,18
13879,24
13880,20
13881,7
13882,29
13883,9
13884,8
13885,22
13886,19
13887,5
13888,8
13889,12
13890,22
13891,19
13892,5
13893,8
13894,22
13895,16
13896,29
13897,20
13898,8
13899,12
13900,8
13901,17
13902,22
13903,8
13904,9
13905,8
13906,9
13907,12
13908,17
13909,8
13910,16
13911,8
13912,9
13913,13
13914,6
13915,29
13916,22
13917,8
13918,17
13919,22
13920,17
13921,15
13922,17
13923,22
13924,12
13925,19
13926,12
13927,19
13928,12
13929,17
13930,15
13931,17
13932,12
13933,19
13934,22
13935,17
13936,15
13937,17
13938,12
13939,19
13940,5
13941,19
13942,12
13943,17
13944,12
13945,19
13946,22
13947,29
13948,6
13949,7
13950,29
13951,22
13952,29
13953,9
13954,8
13955,12
13956,9
13957,27
13958,9
13959,13
13960,6
13961,21
13962,6
13963,7
13964,20
13965,8
13966,16
13967,29
13968,16
13969,27
13970,16
13971,27
13972,6
13973,7
13974,20
13975,7
13976,29
13977,6
13978,7
13979,20
13980,21
13981,6
13982,29
13983,22
13984,17
13985,8
13986,20
13987,21
13988,6
13989,27
13990,9
13991,27
13992,9
13993,29
13994,9
13995,29
13996,20
13997,24
13998,25
13999,24
14000,20
14001,7
14002,29
14003,7
14004,20
14005,24
14006,14
14007,24
14008,30
14009,1
14010,30
14011,24
14012,14
14013,26
14014,30
14015,24
14016,20
14017,21
14018,20
14019,8
14020,22
14021,19
14022,22
14023,16
14024,29
14025,7
14026,29
14027,7
14028,29
14029,7
14030,20
14031,29
14032,16
14033,27
14034,16
14035,27
14036,6
14037,27
14038,9
14039,8
14040,17
14041,12
14042,17
14043,12
14044,9
14045,13
14046,5
14047,8
14048,16
14049,27
14050,16
14051,29
14052,7
14053,20
14054,7
14055,29
14056,9
14057,12
14058,9
14059,29
14060,16
14061,8
14062,16
14063,27
14064,9
14065,13
14066,9
14067,29
14068,9
14069,8
14070,9
14071,8
14072,5
14073,19
14074,12
14075,19
14076,22
14077,12
14078,9
14079,13
14080,9
14081,27
14082,16
14083,22
14084,8
14085,9
14086,8
14087,20
14088,24
14089,14
14090,10
14091,24
14092,18
14093,25
14094,18
14095,26
14096,1
14097,23
14098,1
14099,23
14100,10
14101,14
14102,26
14103,14
14104,24
14105,14
14106,4
14107,30
14108,18
14109,2
14110,11
14111,23
14112,10
14113,14
14114,4
14115,30
14116,4
14117,18
14118,26
14119,14
14120,26
14121,30
14122,4
14123,28
14124,25
14125,18
14126,2
14127,4
14128,2
14129,4
14130,28
14131,25
14132,18
14133,26
14134,30
14135,18
14136,26
14137,30
14138,4
14139,28
14140,4
14141,28
14142,4
14143,28
14144,25
14145,24
14146,18
14147,24
14148,20
14149,7
14150,20
14151,29
14152,22
14153,17
14154,12
14155,8
14156,22
14157,29
14158,9
14159,8
14160,22
14161,19
14162,22
14163,8
14164,5
14165,8
14166,16
14167,22
14168,12
14169,17
14170,12
14171,22
14172,16
14173,27
14174,9
14175,29
14176,9
14177,27
14178,9
14179,12
14180,9
14181,29
14182,6
14183,13
14184,9
14185,29
14186,6
14187,21
14188,6
14189,29
14190,16
14191,8
14192,17
14193,15
14194,17
14195,12
14196,22
14197,16
14198,27
14199,9
14200,12
14201,19
14202,12
14203,22
14204,29
14205,7
14206,20
14207,8
14208,22
14209,19
14210,12
14211,9
14212,13
14213,5
14214,13
14215,5
14216,13
14217,6
14218,27
14219,6
14220,7
14221,6
14222,27
14223,6
14224,27
14225,6
14226,29
14227,7
14228,6
14229,29
14230,6
14231,27
14232,16
14233,22
14234,29
14235,16
14236,27
14237,6
14238,29
14239,7
14240,20
14241,29
14242,9
14243,8
14244,12
14245,17
14246,12
14247,22
14248,16
14249,22
14250,8
14251,9
14252,13
14253,9
14254,12
14255,8
14256,5
14257,19
14258,12
14259,17
14260,12
14261,19
14262,12
14263,22
14264,12
14265,22
14266,17
14267,12
14268,19
14269,22
14270,17
14271,22
14272,8
14273,20
14274,8
14275,22
14276,17
14277,12
14278,17
14279,15
14280,17
14281,15
14282,17
14283,15
14284,17
14285,22
14286,5
14287,13
14288,9
14289,13
14290,5
14291,19
14292,22
14293,12
14294,22
14295,17
14296,15
14297,17
14298,15
14299,17
14300,15
14301,17
14302,8
14303,9
14304,8
14305,20
14306,8
14307,5
14308,22
14309,19
14310,22
14311,12
14312,9
14313,29
14314,22
14315,8
14316,9
14317,12
14318,17
14319,8
14320,17
14321,22
14322,16
14323,29
14324,7
14325,20
14326,21
14327,6
14328,27
14329,6
14330,21
14331,6
14332,27
14333,9
14334,8
14335,16
14336,22
14337,29
14338,9
14339,29
14340,16
14341,8
14342,16
14343,27
14344,16
14345,29
14346,16
14347,27
14348,16
14349,22
14350,5
14351,8
14352,16
14353,27
14354,16
14355,29
14356,7
14357,29
14358,20
14359,29
14360,6
14361,7
14362,20
14363,8
14364,17
14365,8
14366,17
14367,15
14368,17
14369,15
14370,17
14371,22
14372,12
14373,17
14374,12
14375,9
14376,12
14377,19
14378,12
14379,8
14380,12
14381,22
14382,12
14383,9
14384,13
14385,9
14386,13
14387,5
14388,22
14389,8
14390,9
14391,12
14392,22
14393,16
14394,27
14395,9
14396,8
14397,5
14398,19
14399,22
14400,16
14401,22
14402,29
14403,7
14404,6
14405,21
14406,6
14407,21
14408,20
14409,24
14410,10
14411,14
14412,24
14413,18
14414,26
14415,1
14416,3
14417,1
14418,30
14419,26
14420,14
14421,30
14422,3
14423,1
14424,3
14425,30
14426,14
14427,26
14428,30
14429,4
14430,2
14431,4
14432,14
14433,10
14434,14
14435,24
14436,25
14437,28
14438,4
14439,30
14440,24
14441,11
14442,2
14443,11
14444,2
14445,18
14446,26
14447,14
14448,30
14449,1
14450,30
14451,24
14452,10
14453,23
14454,10
14455,24
14456,18
14457,25
14458,24
14459,20
14460,24
14461,30
14462,26
14463,18
14464,24
14465,30
14466,4
14467,28
14468,25
14469,24
14470,25
14471,28
14472,25
14473,24
14474,10
14475,24
14476,10
14477,14
14478,26
14479,18
14480,26
14481,14
14482,24
14483,10
14484,24
14485,25
14486,18
14487,24
14488,25
14489,24
14490,14
14491,30
14492,3
14493,1
14494,30
14495,1
14496,3
14497,30
14498,4
14499,14
14500,10
14501,23
14502,10
14503,14
14504,30
14505,1
14506,26
14507,30
14508,26
14509,18
14510,2
14511,18
14512,25
14513,24
14514,11
14515,24
14516,11
14517,24
14518,10
14519,14
14520,30
14521,3
14522,1
14523,26
14524,18
14525,24
14526,30
14527,3
14528,30
14529,18
14530,24
14531,20
14532,21
14533,20
14534,8
14535,9
14536,13
14537,9
14538,13
14539,6
14540,29
14541,22
14542,29
14543,7
14544,29
14545,16
14546,22
14547,17
14548,12
14549,19
14550,5
14551,19
14552,22
14553,8
14554,5
14555,19
14556,5
14557,8
14558,22
14559,16
14560,29
14561,6
14562,21
14563,6
14564,27
14565,9
14566,29
14567,6
14568,7
14569,29
14570,20
14571,7
14572,29
14573,20
14574,7
14575,29
14576,22
14577,12
14578,17
14579,22
14580,19
14581,22
14582,29
14583,20
14584,29
14585,20
14586,21
14587,6
14588,21
14589,6
14590,13
14591,5
14592,13
14593,5
14594,22
14595,16
14596,22
14597,8
14598,22
14599,19
14600,12
14601,8
14602,16
14603,29
14604,9
14605,8
14606,5
14607,8
14608,16
14609,22
14610,19
14611,22
14612,8
14613,22
14614,8
14615,16
14616,22
14617,5
14618,13
14619,9
14620,8
14621,9
14622,29
14623,7
14624,29
14625,22
14626,19
14627,5
14628,13
14629,9
14630,29
14631,7
14632,20
14633,29
14634,22
14635,16
14636,29
14637,6
14638,27
14639,16
14640,8
14641,16
14642,27
14643,9
14644,13
14645,5
14646,8
14647,17
14648,8
14649,20
14650,29
14651,16
14652,8
14653,16
14654,8
14655,16
14656,8
14657,9
14658,8
14659,16
14660,8
14661,5
14662,22
14663,17
14664,22
14665,19
14666,5
14667,19
14668,12
14669,19
14670,22
14671,29
14672,6
14673,21
14674,20
14675,8
14676,9
14677,8
14678,12
14679,8
14680,5
14681,22
14682,8
14683,9
14684,29
14685,6
14686,29
14687,6
14688,21
14689,20
14690,7
14691,6
14692,13
14693,9
14694,29
14695,9
14696,8
14697,16
14698,22
14699,29
14700,6
14701,29
14702,9
14703,29
14704,6
14705,7
14706,6
14707,27
14708,9
14709,13
14710,9
14711,13
14712,6
14713,29
14714,7
14715,29
14716,7
14717,20
14718,7
14719,20
14720,7
14721,29
14722,9
14723,12
14724,9
14725,13
14726,9
14727,13
14728,6
14729,7
14730,29
14731,6
14732,7
14733,29
14734,9
14735,27
14736,6
14737,7
14738,6
14739,13
14740,9
14741,8
14742,20
14743,8
14744,17
14745,8
14746,17
14747,15
14748,17
14749,8
14750,16
14751,8
14752,12
14753,9
14754,27
14755,6
14756,27
14757,16
14758,29
14759,9
14760,29
14761,9
14762,12
14763,9
14764,13
14765,6
14766,21
14767,6
14768,13
14769,5
14770,8
14771,17
14772,22
14773,5
14774,8
14775,17
14776,8
14777,12
14778,8
14779,9
14780,12
14781,9
14782,13
14783,5
14784,19
14785,22
14786,12
14787,22
14788,12
14789,19
14790,5
14791,13
14792,6
14793,21
14794,6
14795,21
14796,20
14797,8
14798,16
14799,27
14800,9
14801,29
14802,20
14803,8
14804,20
14805,7
14806,20
14807,29
14808,7
14809,6
14810,13
14811,9
14812,8
14813,16
14814,27
14815,9
14816,8
14817,5
14818,19
14819,12
14820,9
14821,13
14822,5
14823,22
14824,19
14825,22
14826,12
14827,22
14828,19
14829,12
14830,9
14831,27
14832,16
14833,8
14834,17
14835,15
14836,17
14837,22
14838,17
14839,8
14840,17
14841,15
14842,17
14843,12
14844,8
14845,9
14846,13
14847,9
14848,12
14849,8
14850,16
14851,8
14852,9
14853,27
14854,6
14855,21
14856,20
14857,29
14858,7
14859,29
14860,22
14861,12
14862,19
14863,12
14864,8
14865,22
14866,19
14867,5
14868,22
14869,8
14870,22
14871,8
14872,5
14873,13
14874,6
14875,7
14876,20
14877,24
14878,18
14879,24
14880,30
14881,3
14882,1
14883,30
14884,24
14885,20
14886,8
14887,5
14888,8
14889,22
14890,8
14891,17
14892,8
14893,16
14894,8
14895,5
14896,22
14897,19
14898,12
14899,17
14900,15
14901,17
14902,15
14903,17
14904,12
14905,17
14906,8
14907,17
14908,8
14909,9
14910,27
14911,6
14912,29
14913,20
14914,29
14915,6
14916,13
14917,9
14918,12
14919,9
14920,27
14921,16
14922,27
14923,9
14924,27
14925,16
14926,29
14927,9
14928,12
14929,19
14930,12
14931,17
14932,15
14933,17
14934,22
14935,5
14936,8
14937,5
14938,8
14939,17
14940,12
14941,8
14942,20
14943,29
14944,9
14945,8
14946,5
14947,22
14948,16
14949,22
14950,16
14951,29
14952,7
14953,6
14954,7
14955,29
14956,22
14957,16
14958,29
14959,9
14960,12
14961,9
14962,13
14963,5
14964,13
14965,9
14966,8
14967,17
14968,15
14969,17
14970,8
14971,17
14972,22
14973,12
14974,9
14975,13
14976,6
14977,13
14978,6
14979,29
14980,22
14981,5
14982,19
14983,5
14984,8
14985,17
14986,8
14987,5
14988,8
14989,9
14990,8
14991,5
14992,8
14993,5
14994,8
14995,12
14996,9
14997,8
14998,20
14999,7
15000,20
15001,29
15002,16
15003,29
15004,20
15005,29
15006,20
15007,24
15008,10
15009,23
15010,11
15011,2
15012,11
15013,24
15014,10
15015,14
15016,30
15017,4
15018,30
15019,18
15020,4
15021,2
15022,18
15023,26
15024,14
15025,26
15026,30
15027,26
15028,18
15029,2
15030,4
15031,2
15032,11
15033,23
15034,11
15035,24
15036,11
15037,24
15038,18
15039,26
15040,1
15041,30
15042,4
15043,14
15044,30
15045,1
15046,3
15047,30
15048,24
15049,25
15050,18
15051,26
15052,30
15053,26
15054,14
15055,10
15056,24
15057,25
15058,18
15059,26
15060,1
15061,26
15062,18
15063,2
15064,18
15065,4
15066,28
15067,25
15068,28
15069,4
15070,14
15071,30
15072,4
15073,2
15074,11
15075,23
15076,11
15077,23
15078,1
15079,26
15080,18
15081,2
15082,4
15083,28
15084,4
15085,28
15086,4
15087,18
15088,30
15089,14
15090,4
15091,14
15092,24
15093,11
15094,2
15095,18
15096,26
15097,1
15098,3
15099,30
15100,24
15101,11
15102,2
15103,4
15104,30
15105,14
15106,10
15107,24
15108,18
15109,25
15110,24
15111,14
15112,4
15113,2
15114,18
15115,30
15116,1
15117,30
15118,24
15119,20
15120,21
15121,20
15122,21
15123,20
15124,24
15125,25
15126,28
15127,25
15128,28
15129,4
15130,14
15131,30
15132,26
15133,18
15134,30
15135,26
15136,18
15137,2
15138,18
15139,30
15140,14
15141,30
15142,4
15143,18
15144,24
15145,11
15146,24
15147,18
15148,26
15149,30
15150,4
15151,30
15152,14
15153,24
15154,18
15155,26
15156,14
15157,26
15158,14
15159,4
15160,2
15161,18
15162,26
15163,1
15164,26
15165,14
15166,10
15167,14
15168,24
15169,14
15170,26
15171,14
15172,24
15173,14
15174,26
15175,1
15176,26
15177,14
15178,26
15179,18
15180,26
15181,1
15182,30
15183,18
15184,26
15185,30
15186,24
15187,25
15188,28
15189,25
15190,28
15191,4
15192,30
15193,3
15194,1
15195,30
15196,3
15197,1
15198,23
15199,1
15200,3
15201,1
15202,3
15203,30
15204,18
15205,25
15206,24
15207,30
15208,24
15209,11
15210,23
15211,11
15212,23
15213,11
15214,24
15215,14
15216,30
15217,14
15218,4
15219,30
15220,18
15221,2
15222,11
15223,2
15224,18
15225,24
15226,10
15227,23
15228,1
15229,3
15230,1
15231,30
15232,3
15233,1
15234,30
15235,24
15236,14
15237,24
15238,14
15239,26
15240,1
15241,26
15242,18
15243,24
15244,25
15245,24
15246,14
15247,4
15248,14
15249,26
15250,1
15251,26
15252,30
15253,14
15254,24
15255,25
15256,18
15257,26
15258,14
15259,26
15260,18
15261,25
15262,24
15263,20
15264,7
15265,6
15266,29
15267,7
15268,29
15269,16
15270,22
15271,16
15272,29
15273,16
15274,22
15275,17
15276,22
15277,29
15278,6
15279,27
15280,16
15281,27
15282,6
15283,13
15284,6
15285,27
15286,6
15287,21
15288,20
15289,21
15290,20
15291,21
15292,6
15293,27
15294,6
15295,21
15296,6
15297,7
15298,29
15299,7
15300,20
15301,7
15302,20
15303,21
15304,20
15305,8
15306,16
15307,29
15308,20
15309,8
15310,22
15311,29
15312,20
15313,29
15314,20
15315,8
15316,12
15317,22
15318,16
15319,8
15320,16
15321,27
15322,9
15323,29
15324,7
15325,29
15326,22
15327,8
15328,22
15329,17
15330,15
15331,17
15332,22
15333,19
15334,22
15335,16
15336,27
15337,6
15338,21
15339,20
15340,8
15341,12
15342,8
15343,22
15344,12
15345,9
15346,27
15347,6
15348,27
15349,16
15350,29
15351,9
15352,13
15353,6
15354,7
15355,6
15356,21
15357,6
15358,13
15359,5
15360,8
15361,9
15362,29
15363,9
15364,12
15365,9
15366,27
15367,9
15368,27
15369,16
15370,22
15371,19
15372,5
15373,22
15374,12
15375,17
15376,22
15377,12
15378,8
15379,9
15380,8
15381,20
15382,8
15383,5
15384,13
15385,9
15386,8
15387,20
15388,24
15389,20
15390,7
15391,6
15392,7
15393,20
15394,21
15395,20
15396,24
15397,18
15398,24
15399,11
15400,23
15401,11
15402,2
15403,4
15404,28
15405,4
15406,30
15407,1
15408,3
15409,30
15410,14
15411,26
15412,1
15413,26
15414,18
15415,26
15416,18
15417,24
15418,14
15419,30
15420,1
15421,26
15422,14
15423,30
15424,18
15425,24
15426,10
15427,14
15428,4
15429,30
15430,24
15431,25
15432,24
15433,14
15434,26
15435,1
15436,23
15437,11
15438,24
15439,14
15440,30
15441,1
15442,30
15443,26
15444,1
15445,23
15446,1
15447,23
15448,11
15449,2
15450,4
15451,28
15452,25
15453,18
15454,25
15455,24
15456,20
15457,8
15458,20
15459,29
15460,20
15461,24
15462,14
15463,10
15464,23
15465,11
15466,24
15467,30
15468,26
15469,14
15470,24
15471,18
15472,30
15473,18
15474,30
15475,3
15476,30
15477,26
15478,30
15479,1
15480,30
15481,1
15482,3
15483,30
15484,14
15485,24
15486,11
15487,23
15488,11
15489,2
15490,4
15491,2
15492,4
15493,14
15494,24
15495,30
15496,18
15497,2
15498,18
15499,26
15500,1
15501,26
15502,1
15503,30
15504,3
15505,1
15506,3
15507,1
15508,30
15509,18
15510,30
15511,4
15512,18
15513,24
15514,14
15515,26
15516,1
15517,3
15518,30
15519,26
15520,30
15521,18
15522,26
15523,18
15524,4
15525,30
15526,24
15527,30
15528,4
15529,28
15530,25
15531,28
15532,4
15533,14
15534,4
15535,18
15536,26
15537,30
15538,3
15539,30
15540,24
15541,18
15542,30
15543,18
15544,2
15545,4
15546,28
15547,4
15548,28
15549,4
15550,14
15551,24
15552,30
15553,26
15554,1
15555,26
15556,18
15557,30
15558,4
15559,28
15560,25
15561,28
15562,25
15563,18
15564,30
15565,24
15566,30
15567,3
15568,1
15569,30
15570,4
15571,30
15572,24
15573,18
15574,30
15575,24
15576,20
15577,29
15578,7
15579,29
15580,7
15581,20
15582,24
15583,30
15584,4
15585,14
15586,30
15587,24
15588,18
15589,26
15590,30
15591,26
15592,30
15593,24
15594,18
15595,26
15596,14
15597,4
15598,14
15599,30
15600,1
15601,26
15602,1
15603,23
15604,10
15605,24
15606,14
15607,24
15608,20
15609,8
15610,9
15611,29
15612,20
15613,8
15614,9
15615,13
15616,9
15617,29
15618,22
15619,12
15620,17
15621,12
15622,19
15623,12
15624,9
15625,27
15626,6
15627,27
15628,9
15629,8
15630,17
15631,15
15632,17
15633,12
15634,17
15635,8
15636,20
15637,29
15638,6
15639,13
15640,9
15641,13
15642,6
15643,27
15644,16
15645,22
15646,8
15647,16
15648,22
15649,16
15650,29
15651,22
15652,5
15653,19
15654,12
15655,19
15656,12
15657,17
15658,8
15659,5
15660,22
15661,17
15662,12
15663,8
15664,17
15665,22
15666,8
15667,17
15668,15
15669,17
15670,8
15671,22
15672,29
15673,6
15674,27
15675,9
15676,13
15677,6
15678,29
15679,6
15680,7
15681,29
15682,7
15683,6
15684,13
15685,6
15686,29
15687,16
15688,22
15689,29
15690,20
15691,24
15692,25
15693,24
15694,18
15695,24
15696,20
15697,8
15698,16
15699,29
15700,16
15701,27
15702,6
15703,27
15704,6
15705,21
15706,20
15707,21
15708,20
15709,21
15710,20
15711,29
15712,6
15713,7
15714,20
15715,7
15716,29
15717,6
15718,13
15719,5
15720,13
15721,5
15722,19
15723,22
15724,5
15725,19
15726,22
15727,19
15728,5
15729,22
15730,16
15731,8
15732,17
15733,22
15734,5
15735,22
15736,8
15737,22
15738,12
15739,17
15740,15
15741,17
15742,8
15743,17
15744,12
15745,19
15746,12
15747,8
15748,12
15749,17
15750,8
15751,5
15752,13
15753,5
15754,8
15755,5
15756,22
15757,17
15758,8
15759,22
15760,19
15761,5
15762,8
15763,20
15764,24
15765,20
15766,7
15767,20
15768,24
15769,10
15770,23
15771,1
15772,30
15773,18
15774,2
15775,18
15776,25
15777,28
15778,4
15779,14
15780,10
15781,14
15782,10
15783,14
15784,4
15785,2
15786,4
15787,2
15788,4
15789,2
15790,18
15791,4
15792,2
15793,4
15794,2
15795,11
15796,24
15797,25
15798,24
15799,30
15800,18
15801,25
15802,18
15803,26
15804,14
15805,30
15806,14
15807,26
15808,14
15809,30
15810,26
15811,30
15812,18
15813,26
15814,18
15815,24
15816,11
15817,24
15818,14
15819,26
15820,14
15821,24
15822,18
15823,4
15824,30
15825,1
15826,26
15827,14
15828,30
15829,14
15830,26
15831,14
15832,30
15833,18
15834,24
15835,10
15836,23
15837,11
15838,24
15839,25
15840,28
15841,25
15842,24
15843,10
15844,24
15845,20
15846,24
15847,25
15848,18
15849,2
15850,11
15851,24
15852,14
15853,10
15854,23
15855,11
15856,23
15857,11
15858,23
15859,10
15860,23
15861,10
15862,23
15863,10
15864,24
15865,14
15866,10
15867,23
15868,11
15869,24
15870,18
15871,26
15872,14
15873,30
15874,26
15875,18
15876,24
15877,20
15878,8
15879,17
15880,15
15881,17
15882,12
15883,19
15884,12
15885,8
15886,12
15887,19
15888,5
15889,22
15890,29
15891,9
15892,8
15893,22
15894,5
15895,13
15896,9
15897,13
15898,5
15899,8
15900,9
15901,27
15902,9
15903,29
15904,16
15905,29
15906,22
15907,12
15908,19
15909,12
15910,19
15911,5
15912,13
15913,9
15914,13
15915,6
15916,27
15917,6
15918,27
15919,9
15920,12
15921,19
15922,22
15923,19
15924,12
15925,22
15926,5
15927,22
15928,12
15929,9
15930,29
15931,20
15932,24
15933,14
15934,24
15935,20
15936,29
15937,22
15938,12
15939,22
15940,12
15941,8
15942,12
15943,22
15944,19
15945,12
15946,9
15947,27
15948,16
15949,22
15950,12
15951,9
15952,13
15953,9
15954,13
15955,6
15956,13
15957,5
15958,8
15959,16
15960,22
15961,29
15962,22
15963,5
15964,13
15965,5
15966,22
15967,16
15968,22
15969,19
15970,12
15971,22
15972,16
15973,29
15974,9
15975,13
15976,5
15977,22
15978,5
15979,8
15980,16
15981,29
15982,9
15983,29
15984,16
15985,22
15986,5
15987,13
15988,6
15989,27
15990,16
15991,27
15992,9
15993,13
15994,6
15995,29
15996,9
15997,8
15998,20
15999,29
16000,7
16001,6
16002,21
16003,20
16004,24
16005,20
16006,29
16007,16
16008,27
16009,16
16010,27
16011,16
16012,22
16013,19
16014,5
16015,22
16016,5
16017,19
16018,12
16019,22
16020,19
16021,5
16022,19
16023,5
16024,8
16025,20
16026,29
16027,22
16028,17
16029,12
16030,17
16031,12
16032,8
16033,9
16034,29
16035,6
16036,27
16037,9
16038,29
16039,6
16040,29
16041,16
16042,22
16043,8
16044,9
16045,12
16046,8
16047,17
16048,12
16049,8
16050,22
16051,29
16052,16
16053,29
16054,20
16055,8
16056,16
16057,22
16058,19
16059,12
16060,19
16061,22
16062,5
16063,8
16064,17
16065,15
16066,17
16067,22
16068,19
16069,12
16070,17
16071,12
16072,22
16073,5
16074,22
16075,8
16076,5
16077,22
16078,17
16079,12
16080,22
16081,17
16082,22
16083,5
16084,8
16085,20
16086,29
16087,7
16088,20
16089,29
16090,6
16091,21
16092,20
16093,29
16094,7
16095,29
16096,9
16097,27
16098,9
16099,29
16100,9
16101,29
16102,16
16103,29
16104,6
16105,7
16106,29
16107,6
16108,7
16109,6
16110,27
16111,6
16112,21
16113,20
16114,21
16115,6
16116,21
16117,20
16118,29
16119,9
16120,8
16121,17
16122,12
16123,17
16124,22
16125,5
16126,8
16127,12
16128,22
16129,17
16130,15
16131,17
16132,22
16133,16
16134,22
16135,19
16136,5
16137,13
16138,6
16139,13
16140,9
16141,27
16142,16
16143,29
16144,22
16145,5
16146,13
16147,5
16148,19
16149,22
16150,17
16151,8
16152,5
16153,8
16154,20
16155,8
16156,16
16157,22
16158,5
16159,22
16160,19
16161,5
16162,22
16163,29
16164,22
16165,8
16166,17
16167,15
16168,17
16169,22
16170,19
16171,12
16172,9
16173,8
16174,16
16175,8
16176,20
16177,24
16178,14
16179,30
16180,1
16181,23
16182,10
16183,23
16184,10
16185,14
16186,4
16187,14
16188,4
16189,30
16190,14
16191,10
16192,14
16193,24
16194,18
16195,4
16196,28
16197,4
16198,2
16199,4
16200,28
16201,25
16202,28
16203,25
16204,28
16205,4
16206,18
16207,25
16208,18
16209,2
16210,4
16211,2
16212,4
16213,2
16214,11
16215,23
16216,10
16217,14
16218,26
16219,30
16220,4
16221,2
16222,11
16223,23
16224,10
16225,14
16226,26
16227,14
16228,30
16229,4
16230,2
16231,4
16232,2
16233,4
16234,30
16235,1
16236,23
16237,10
16238,23
16239,10
16240,23
16241,11
16242,23
16243,11
16244,2
16245,4
16246,14
16247,30
16248,1
16249,30
16250,3
16251,1
16252,3
16253,30
16254,1
16255,3
16256,30
16257,3
16258,1
16259,3
16260,1
16261,3
16262,1
16263,3
16264,1
16265,30
16266,14
16267,24
16268,14
16269,10
16270,14
16271,10
16272,23
16273,1
16274,26
16275,30
16276,4
16277,14
16278,24
16279,20
16280,8
16281,5
16282,19
16283,22
16284,5
16285,22
16286,16
16287,29
16288,6
16289,7
16290,6
16291,29
16292,9
16293,13
16294,5
16295,8
16296,16
16297,22
16298,12
16299,8
16300,22
16301,17
16302,22
16303,19
16304,5
16305,19
16306,22
16307,16
16308,29
16309,20
16310,24
16311,30
16312,1
16313,26
16314,14
16315,30
16316,26
16317,30
16318,24
16319,14
16320,30
16321,3
16322,30
16323,4
16324,18
16325,25
16326,18
16327,25
16328,24
16329,10
16330,24
16331,18
16332,4
16333,18
16334,4
16335,2
16336,18
16337,26
16338,14
16339,24
16340,10
16341,23
16342,1
16343,26
16344,30
16345,4
16346,2
16347,11
16348,23
16349,1
16350,30
16351,26
16352,30
16353,3
16354,1
16355,30
16356,26
16357,18
16358,26
16359,14
16360,10
16361,24
16362,18
16363,26
16364,14
16365,30
16366,4
16367,2
16368,4
16369,30
16370,4
16371,30
16372,26
16373,18
16374,30
16375,4
16376,14
16377,30
16378,26
16379,30
16380,4
16381,18
16382,30
16383,26
16384,1
16385,23
16386,10
16387,23
16388,1
16389,30
16390,4
16391,30
16392,24
16393,14
16394,26
16395,1
16396,23
16397,11
16398,23
16399,1
16400,26
16401,18
16402,26
16403,1
16404,26
16405,18
16406,4
16407,30
16408,4
16409,30
16410,4
16411,30
16412,3
16413,30
16414,24
16415,10
16416,24
16417,14
16418,26
16419,1
16420,23
16421,1
16422,23
16423,11
16424,24
16425,11
16426,23
16427,1
16428,3
16429,30
16430,4
16431,30
16432,24
16433,11
16434,2
16435,4
16436,18
16437,30
16438,26
16439,1
16440,3
16441,30
16442,4
16443,14
16444,26
16445,1
16446,26
16447,30
16448,4
16449,28
16450,25
16451,24
16452,10
16453,14
16454,30
16455,4
16456,30
16457,24
16458,10
16459,24
16460,11
16461,2
16462,11
16463,24
16464,25
16465,18
16466,2
16467,4
16468,28
16469,4
16470,14
16471,30
16472,26
16473,14
16474,4
16475,18
16476,2
16477,11
16478,23
16479,1
16480,23
16481,10
16482,23
16483,1
16484,3
16485,30
16486,26
16487,14
16488,10
16489,23
16490,11
16491,24
16492,14
16493,30
16494,26
16495,1
16496,3
16497,30
16498,1
16499,30
16500,1
16501,23
16502,10
16503,14
16504,4
16505,14
16506,4
16507,18
16508,25
16509,28
16510,25
16511,24
16512,18
16513,2
16514,18
16515,24
16516,14
16517,10
16518,23
16519,1
16520,26
16521,1
16522,30
16523,18
16524,26
16525,30
16526,24
16527,30
16528,4
16529,18
16530,25
16531,18
16532,26
16533,1
16534,30
16535,18
16536,4
16537,2
16538,18
16539,25
16540,24
16541,14
16542,26
16543,1
16544,30
16545,4
16546,28
16547,25
16548,28
16549,25
16550,24
16551,20
16552,29
16553,6
16554,13
16555,5
16556,19
16557,12
16558,9
16559,13
16560,6
16561,21
16562,6
16563,13
16564,9
16565,27
16566,9
16567,12
16568,22
16569,29
16570,6
16571,27
16572,16
16573,8
16574,22
16575,29
16576,6
16577,29
16578,16
16579,27
16580,6
16581,29
16582,16
16583,8
16584,20
16585,29
16586,7
16587,29
16588,7
16589,20
16590,8
16591,20
16592,29
16593,22
16594,12
16595,17
16596,22
16597,5
16598,19
16599,5
16600,13
16601,5
16602,8
16603,20
16604,8
16605,16
16606,8
16607,16
16608,8
16609,16
16610,29
16611,6
16612,29
16613,6
16614,21
16615,20
16616,21
16617,20
16618,7
16619,29
16620,22
16621,29
16622,7
16623,20
16624,21
16625,20
16626,7
16627,29
16628,20
16629,7
16630,20
16631,8
16632,20
16633,29
16634,6
16635,21
16636,6
16637,21
16638,20
16639,24
16640,11
16641,24
16642,11
16643,2
16644,4
16645,2
16646,18
16647,4
16648,18
16649,30
16650,26
16651,30
16652,1
16653,26
16654,1
16655,26
16656,1
16657,23
16658,1
16659,30
16660,24
16661,10
16662,23
16663,11
16664,23
16665,1
16666,23
16667,10
16668,23
16669,10
16670,24
16671,18
16672,26
16673,18
16674,25
16675,24
16676,10
16677,14
16678,24
16679,10
16680,23
16681,10
16682,14
16683,30
16684,14
16685,26
16686,1
16687,26
16688,1
16689,26
16690,1
16691,3
16692,1
16693,3
16694,1
16695,23
16696,10
16697,23
16698,10
16699,24
16700,10
16701,24
16702,18
16703,30
16704,24
16705,10
16706,14
16707,30
16708,24
16709,20
16710,7
16711,6
16712,29
16713,20
16714,24
16715,10
16716,14
16717,24
16718,11
16719,24
16720,10
16721,14
16722,4
16723,14
16724,4
16725,2
16726,4
16727,28
16728,4
16729,30
16730,1
16731,23
16732,11
16733,2
16734,18
16735,25
16736,24
16737,14
16738,24
16739,14
16740,10
16741,14
16742,24
16743,14
16744,26
16745,30
16746,1
16747,23
16748,1
16749,23
16750,10
16751,24
16752,11
16753,23
16754,1
16755,26
16756,1
16757,23
16758,1
16759,26
16760,18
16761,4
16762,28
16763,4
16764,18
16765,25
16766,18
16767,24
16768,25
16769,28
16770,25
16771,18
16772,4
16773,2
16774,18
16775,24
16776,11
16777,23
16778,11
16779,24
16780,11
16781,2
16782,4
16783,2
16784,11
16785,24
16786,10
16787,14
16788,26
16789,30
16790,14
16791,26
16792,18
16793,4
16794,14
16795,24
16796,14
16797,26
16798,14
16799,30
16800,18
16801,2
16802,18
16803,4
16804,28
16805,4
16806,18
16807,4
16808,18
16809,4
16810,18
16811,26
16812,14
16813,30
16814,24
16815,20
16816,21
16817,20
16818,8
16819,20
16820,7
16821,6
16822,7
16823,6
16824,29
16825,20
16826,8
16827,16
16828,22
16829,16
16830,8
16831,20
16832,8
16833,22
16834,19
16835,22
16836,19
16837,22
16838,5
16839,8
16840,9
16841,8
16842,5
16843,19
16844,5
16845,8
16846,17
16847,15
16848,17
16849,12
16850,19
16851,5
16852,19
16853,12
16854,19
16855,22
16856,16
16857,8
16858,9
16859,27
16860,6
16861,21
16862,6
16863,29
16864,9
16865,12
16866,17
16867,12
16868,22
16869,12
16870,17
16871,15
16872,17
16873,8
16874,9
16875,13
16876,6
16877,13
16878,9
16879,12
16880,8
16881,16
16882,29
16883,7
16884,6
16885,29
16886,22
16887,17
16888,22
16889,29
16890,20
16891,29
16892,16
16893,8
16894,5
16895,22
16896,17
16897,22
16898,8
16899,16
16900,27
16901,6
16902,7
16903,20
16904,21
16905,20
16906,24
16907,11
16908,2
16909,18
16910,24
16911,30
16912,26
16913,30
16914,3
16915,30
16916,1
16917,30
16918,26
16919,14
16920,24
16921,11
16922,2
16923,18
16924,4
16925,30
16926,24
16927,20
16928,29
16929,20
16930,29
16931,20
16932,29
16933,16
16934,27
16935,6
16936,7
16937,20
16938,7
16939,20
16940,21
16941,6
16942,29
16943,16
16944,8
16945,16
16946,8
16947,22
16948,19
16949,12
16950,22
16951,8
16952,22
16953,8
16954,17
16955,8
16956,22
16957,5
16958,13
16959,9
16960,8
16961,17
16962,12
16963,9
16964,8
16965,20
16966,29
16967,7
16968,6
16969,27
16970,16
16971,22
16972,12
16973,17
16974,8
16975,22
16976,17
16977,15
16978,17
16979,15
16980,17
16981,8
16982,16
16983,8
16984,17
16985,8
16986,9
16987,27
16988,6
16989,29
16990,6
16991,13
16992,5
16993,8
16994,20
16995,29
16996,20
16997,24
16998,10
16999,14
17000,10
17001,24
17002,10
17003,14
17004,10
17005,24
17006,20
17007,21
17008,20
17009,24
17010,30
17011,3
17012,1
17013,23
17014,11
17015,23
17016,10
17017,23
17018,11
17019,23
17020,10
17021,23
17022,10
17023,14
17024,30
17025,1
17026,26
17027,30
17028,14
17029,26
17030,30
17031,3
17032,1
17033,23
17034,1
17035,23
17036,1
17037,23
17038,10
17039,24
17040,10
17041,24
17042,11
17043,23
17044,1
17045,30
17046,26
17047,18
17048,26
17049,1
17050,3
17051,30
17052,4
17053,2
17054,18
17055,30
17056,14
17057,26
17058,30
17059,3
17060,1
17061,3
17062,1
17063,26
17064,14
17065,4
17066,2
17067,4
17068,2
17069,11
17070,24
17071,30
17072,24
17073,30
17074,1
17075,3
17076,30
17077,1
17078,23
17079,10
17080,23
17081,1
17082,3
17083,30
17084,18
17085,30
17086,4
17087,18
17088,24
17089,14
17090,30
17091,4
17092,2
17093,4
17094,30
17095,26
17096,14
17097,30
17098,14
17099,24
17100,18
17101,25
17102,24
17103,14
17104,30
17105,24
17106,25
17107,18
17108,24
17109,20
17110,21
17111,6
17112,7
17113,29
17114,9
17115,12
17116,22
17117,19
17118,5
17119,19
17120,5
17121,8
17122,5
17123,8
17124,16
17125,29
17126,22
17127,17
17128,8
17129,16
17130,8
17131,5
17132,19
17133,22
17134,29
17135,22
17136,19
17137,22
17138,16
17139,29
17140,22
17141,8
17142,22
17143,8
17144,16
17145,22
17146,17
17147,12
17148,22
17149,29
17150,6
17151,27
17152,6
17153,7
17154,29
17155,16
17156,22
17157,8
17158,17
17159,12
17160,17
17161,15
17162,17
17163,8
17164,22
17165,16
17166,22
17167,12
17168,8
17169,22
17170,12
17171,17
17172,15
17173,17
17174,8
17175,22
17176,5
17177,19
17178,22
17179,12
17180,8
17181,20
17182,29
17183,6
17184,7
17185,20
17186,29
17187,7
17188,6
17189,27
17190,16
17191,27
17192,16
17193,29
17194,22
17195,19
17196,12
17197,19
17198,5
17199,13
17200,6
17201,7
17202,6
17203,21
17204,20
17205,8
17206,22
17207,16
17208,8
17209,17
17210,22
17211,8
17212,12
17213,19
17214,12
17215,22
17216,8
17217,12
17218,8
17219,16
17220,22
17221,5
17222,19
17223,22
17224,17
17225,8
17226,16
17227,27
17228,16
17229,22
17230,19
17231,5
17232,22
17233,16
17234,29
17235,16
17236,8
17237,16
17238,8
17239,16
17240,27
17241,9
17242,8
17243,5
17244,8
17245,16
17246,22
17247,8
17248,9
17249,27
17250,6
17251,7
17252,29
17253,6
17254,29
17255,16
17256,29
17257,20
17258,29
17259,9
17260,8
17261,9
17262,27
17263,16
17264,27
17265,6
17266,7
17267,6
17268,29
17269,22
17270,29
17271,16
17272,29
17273,20
17274,8
17275,20
17276,24
17277,30
17278,18
17279,25
17280,28
17281,4
17282,14
17283,10
17284,23
17285,10
17286,24
17287,20
17288,8
17289,16
17290,29
17291,6
17292,27
17293,6
17294,27
17295,9
17296,13
17297,9
17298,27
17299,9
17300,8
17301,20
17302,29
17303,22
17304,8
17305,17
17306,8
17307,17
17308,8
17309,16
17310,22
17311,29
17312,20
17313,7
17314,20
17315,24
17316,25
17317,18
17318,2
17319,11
17320,24
17321,18
17322,24
17323,30
17324,3
17325,30
17326,14
17327,30
17328,3
17329,30
17330,18
17331,30
17332,4
17333,30
17334,4
17335,14
17336,10
17337,23
17338,10
17339,23
17340,11
17341,2
17342,18
17343,4
17344,18
17345,26
17346,14
17347,26
17348,30
17349,4
17350,14
17351,24
17352,14
17353,10
17354,23
17355,11
17356,23
17357,11
17358,2
17359,18
17360,2
17361,4
17362,30
17363,18
17364,25
17365,28
17366,4
17367,28
17368,4
17369,14
17370,26
17371,18
17372,4
17373,28
17374,25
17375,18
17376,26
17377,1
17378,3
17379,30
17380,4
17381,14
17382,4
17383,30
17384,24
17385,25
17386,18
17387,24
17388,11
17389,24
17390,20
17391,21
17392,6
17393,13
17394,9
17395,12
17396,22
17397,19
17398,5
17399,13
17400,5
17401,19
17402,22
17403,8
17404,12
17405,17
17406,8
17407,17
17408,12
17409,8
17410,16
17411,22
17412,17
17413,12
17414,19
17415,22
17416,19
17417,22
17418,8
17419,12
17420,22
17421,16
17422,22
17423,17
17424,8
17425,20
17426,7
17427,20
17428,7
17429,20
17430,7
17431,20
17432,8
17433,16
17434,8
17435,9
17436,13
17437,6
17438,13
17439,9
17440,8
17441,20
17442,21
17443,6
17444,29
17445,20
17446,24
17447,30
17448,14
17449,24
17450,25
17451,18
17452,24
17453,14
17454,30
17455,24
17456,25
17457,18
17458,4
17459,18
17460,26
17461,14
17462,4
17463,18
17464,25
17465,18
17466,30
17467,4
17468,30
17469,24
17470,25
17471,24
17472,25
17473,24
17474,30
17475,3
17476,30
17477,3
17478,30
17479,24
17480,20
17481,21
17482,6
17483,7
17484,20
17485,24
17486,10
17487,24
17488,18
17489,4
17490,14
17491,4
17492,2
17493,18
17494,24
17495,11
17496,2
17497,11
17498,23
17499,1
17500,3
17501,30
17502,24
17503,20
17504,7
17505,6
17506,7
17507,20
17508,8
17509,22
17510,5
17511,22
17512,29
17513,9
17514,12
17515,19
17516,22
17517,17
17518,12
17519,17
17520,15
17521,17
17522,12
17523,19
17524,12
17525,8
17526,16
17527,29
17528,20
17529,7
17530,6
17531,29
17532,20
17533,24
17534,14
17535,10
17536,23
17537,1
17538,26
17539,1
17540,23
17541,1
17542,3
17543,1
17544,30
17545,18
17546,26
17547,1
17548,23
17549,10
17550,14
17551,26
17552,1
17553,3
17554,30
17555,4
17556,2
17557,4
17558,18
17559,30
17560,14
17561,30
17562,26
17563,30
17564,3
17565,1
17566,3
17567,30
17568,4
17569,2
17570,18
17571,2
17572,18
17573,2
17574,11
17575,23
17576,1
17577,30
17578,3
17579,30
17580,26
17581,14
17582,10
17583,23
17584,1
17585,23
17586,1
17587,26
17588,18
17589,26
17590,30
17591,26
17592,14
17593,30
17594,24
17595,18
17596,26
17597,1
17598,26
17599,30
17600,3
17601,30
17602,24
17603,11
17604,24
17605,30
17606,3
17607,30
17608,1
17609,26
17610,1
17611,26
17612,1
17613,23
17614,1
17615,30
17616,24
17617,25
17618,28
17619,4
17620,2
17621,11
17622,24
17623,18
17624,24
17625,30
17626,3
17627,30
17628,24
17629,30
17630,24
17631,25
17632,24
17633,20
17634,24
17635,30
17636,1
17637,30
17638,3
17639,1
17640,26
17641,1
17642,26
17643,18
17644,24
17645,11
17646,23
17647,10
17648,14
17649,4
17650,28
17651,25
17652,24
17653,25
17654,18
17655,24
17656,14
17657,24
17658,18
17659,30
17660,4
17661,14
17662,24
17663,10
17664,24
17665,20
17666,24
17667,30
17668,18
17669,2
17670,11
17671,2
17672,11
17673,24
17674,14
17675,10
17676,24
17677,30
17678,3
17679,30
17680,4
17681,14
17682,26
17683,1
17684,26
17685,14
17686,30
17687,26
17688,30
17689,26
17690,18
17691,30
17692,3
17693,30
17694,4
17695,14
17696,30
17697,3
17698,1
17699,26
17700,1
17701,30
17702,14
17703,26
17704,18
17705,30
17706,24
17707,25
17708,24
17709,30
17710,18
17711,26
17712,14
17713,10
17714,24
17715,18
17716,24
17717,30
17718,4
17719,2
17720,4
17721,30
17722,4
17723,14
17724,30
17725,3
17726,30
17727,1
17728,26
17729,1
17730,3
17731,1
17732,23
17733,10
17734,14
17735,24
17736,30
17737,3
17738,1
17739,23
17740,11
17741,24
17742,11
17743,23
17744,10
17745,24
17746,11
17747,23
17748,11
17749,24
17750,20
17751,21
17752,20
17753,24
17754,30
17755,1
17756,23
17757,1
17758,23
17759,10
17760,24
17761,11
17762,23
17763,11
17764,24
17765,11
17766,2
17767,4
17768,14
17769,30
17770,3
17771,30
17772,26
17773,30
17774,24
17775,14
17776,26
17777,30
17778,26
17779,14
17780,4
17781,14
17782,30
17783,18
17784,26
17785,30
17786,26
17787,1
17788,30
17789,4
17790,2
17791,4
17792,14
17793,26
17794,18
17795,26
17796,1
17797,23
17798,1
17799,30
17800,1
17801,26
17802,1
17803,30
17804,14
17805,26
17806,18
17807,2
17808,4
17809,14
17810,30
17811,1
17812,30
17813,14
17814,30
17815,26
17816,30
17817,26
17818,1
17819,3
17820,30
17821,1
17822,26
17823,1
17824,3
17825,1
17826,3
17827,1
17828,30
17829,3
17830,30
17831,26
17832,30
17833,3
17834,30
17835,4
17836,18
17837,25
17838,28
17839,25
17840,24
17841,25
17842,18
17843,26
17844,30
17845,1
17846,30
17847,4
17848,14
17849,30
17850,14
17851,24
17852,14
17853,10
17854,14
17855,4
17856,2
17857,4
17858,2
17859,4
17860,30
17861,24
17862,20
17863,7
17864,29
17865,22
17866,5
17867,19
17868,22
17869,19
17870,22
17871,16
17872,8
17873,22
17874,16
17875,29
17876,7
17877,20
17878,24
17879,30
17880,4
17881,14
17882,10
17883,23
17884,11
17885,23
17886,1
17887,3
17888,30
17889,18
17890,2
17891,11
17892,24
17893,11
17894,2
17895,4
17896,28
17897,25
17898,24
17899,18
17900,24
17901,18
17902,26
17903,1
17904,26
17905,30
17906,26
17907,1
17908,3
17909,30
17910,24
17911,14
17912,26
17913,1
17914,23
17915,11
17916,2
17917,4
17918,2
17919,18
17920,30
17921,14
17922,26
17923,14
17924,26
17925,14
17926,4
17927,28
17928,4
17929,28
17930,25
17931,28
17932,4
17933,18
17934,2
17935,4
17936,14
17937,26
17938,1
17939,23
17940,10
17941,24
17942,11
17943,24
17944,10
17945,14
17946,24
17947,11
17948,2
17949,18
17950,30
17951,26
17952,18
17953,26
17954,30
17955,26
17956,14
17957,10
17958,14
17959,4
17960,18
17961,25
17962,28
17963,25
17964,18
17965,4
17966,2
17967,18
17968,26
17969,18
17970,25
17971,24
17972,20
17973,7
17974,29
17975,20
17976,21
17977,20
17978,21
17979,6
17980,27
17981,16
17982,29
17983,20
17984,8
17985,17
17986,22
17987,19
17988,22
17989,16
17990,8
17991,16
17992,27
17993,16
17994,8
17995,16
17996,22
17997,16
17998,8
17999,22
18000,5
18001,22
18002,5
18003,13
18004,5
18005,22
18006,19
18007,22
18008,8
18009,16
18010,8
18011,12
18012,9
18013,29
18014,9
18015,8
18016,22
18017,16
18018,22
18019,16
18020,22
18021,8
18022,16
18023,27
18024,16
18025,27
18026,16
18027,22
18028,29
18029,6
18030,29
18031,20
18032,29
18033,9
18034,12
18035,22
18036,17
18037,22
18038,12
18039,19
18040,5
18041,22
18042,17
18043,15
18044,17
18045,15
18046,17
18047,15
18048,17
18049,15
18050,17
18051,22
18052,8
18053,20
18054,7
18055,6
18056,13
18057,6
18058,27
18059,6
18060,29
18061,6
18062,29
18063,22
18064,19
18065,5
18066,22
18067,29
18068,16
18069,29
18070,6
18071,7
18072,20
18073,24
18074,10
18075,24
18076,20
18077,7
18078,29
18079,22
18080,17
18081,12
18082,17
18083,8
18084,22
18085,12
18086,8
18087,16
18088,8
18089,12
18090,19
18091,5
18092,22
18093,17
18094,22
18095,5
18096,22
18097,12
18098,17
18099,15
18100,17
18101,8
18102,20
18103,7
18104,29
18105,9
18106,8
18107,5
18108,13
18109,9
18110,13
18111,9
18112,27
18113,9
18114,12
18115,22
18116,29
18117,6
18118,29
18119,7
18120,6
18121,29
18122,7
18123,6
18124,13
18125,9
18126,12
18127,9
18128,29
18129,6
18130,27
18131,16
18132,27
18133,9
18134,8
18135,22
18136,5
18137,22
18138,29
18139,20
18140,7
18141,20
18142,7
18143,6
18144,21
18145,20
18146,24
18147,30
18148,14
18149,24
18150,30
18151,18
18152,25
18153,24
18154,14
18155,24
18156,11
18157,24
18158,25
18159,18
18160,2
18161,18
18162,24
18163,30
18164,18
18165,2
18166,11
18167,2
18168,18
18169,4
18170,30
18171,24
18172,25
18173,28
18174,4
18175,18
18176,25
18177,18
18178,25
18179,18
18180,26
18181,1
18182,3
18183,1
18184,23
18185,11
18186,24
18187,20
18188,8
18189,20
18190,21
18191,6
18192,7
18193,6
18194,21
18195,20
18196,24
18197,25
18198,28
18199,4
18200,14
18201,4
18202,14
18203,4
18204,30
18205,18
18206,4
18207,14
18208,10
18209,24
18210,11
18211,24
18212,20
18213,24
18214,25
18215,18
18216,4
18217,2
18218,18
18219,26
18220,18
18221,24
18222,20
18223,21
18224,20
18225,29
18226,9
18227,29
18228,6
18229,27
18230,6
18231,7
18232,6
18233,27
18234,9
18235,13
18236,5
18237,8
18238,16
18239,27
18240,6
18241,21
18242,6
18243,7
18244,29
18245,6
18246,7
18247,6
18248,7
18249,20
18250,24
18251,20
18252,7
18253,29
18254,7
18255,29
18256,7
18257,29
18258,9
18259,12
18260,19
18261,5
18262,13
18263,9
18264,12
18265,17
18266,12
18267,9
18268,13
18269,5
18270,13
18271,6
18272,27
18273,9
18274,12
18275,17
18276,22
18277,8
18278,16
18279,27
18280,6
18281,29
18282,20
18283,7
18284,29
18285,22
18286,19
18287,5
18288,8
18289,9
18290,27
18291,16
18292,29
18293,6
18294,21
18295,6
18296,21
18297,20
18298,8
18299,17
18300,8
18301,16
18302,29
18303,22
18304,16
18305,27
18306,9
18307,27
18308,16
18309,8
18310,20
18311,29
18312,22
18313,5
18314,13
18315,6
18316,13
18317,9
18318,27
18319,16
18320,22
18321,12
18322,8
18323,9
18324,13
18325,9
18326,12
18327,19
18328,12
18329,9
18330,29
18331,20
18332,21
18333,6
18334,7
18335,6
18336,7
18337,20
18338,21
18339,20
18340,7
18341,20
18342,29
18343,20
18344,24
18345,10
18346,14
18347,26
18348,18
18349,24
18350,10
18351,14
18352,4
18353,30
18354,1
18355,26
18356,1
18357,30
18358,18
18359,26
18360,1
18361,23
18362,10
18363,24
18364,18
18365,25
18366,18
18367,24
18368,14
18369,10
18370,14
18371,26
18372,1
18373,23
18374,1
18375,23
18376,11
18377,23
18378,10
18379,24
18380,18
18381,4
18382,30
18383,24
18384,30
18385,4
18386,30
18387,3
18388,30
18389,18
18390,25
18391,18
18392,30
18393,24
18394,11
18395,2
18396,4
18397,14
18398,30
18399,26
18400,18
18401,4
18402,30
18403,18
18404,26
18405,1
18406,26
18407,14
18408,30
18409,3
18410,1
18411,23
18412,1
18413,3
18414,30
18415,26
18416,1
18417,26
18418,1
18419,23
18420,11
18421,2
18422,11
18423,2
18424,4
18425,14
18426,26
18427,14
18428,26
18429,30
18430,26
18431,1
18432,3
18433,30
18434,26
18435,30
18436,18
18437,24
18438,18
18439,30
18440,14
18441,26
18442,1
18443,3
18444,1
18445,26
18446,14
18447,24
18448,25
18449,24
18450,14
18451,4
18452,18
18453,24
18454,30
18455,14
18456,24
18457,18
18458,26
18459,1
18460,3
18461,30
18462,26
18463,30
18464,18
18465,24
18466,20
18467,8
18468,16
18469,29
18470,20
18471,7
18472,6
18473,13
18474,5
18475,13
18476,6
18477,29
18478,6
18479,7
18480,29
18481,7
18482,6
18483,7
18484,6
18485,29
18486,9
18487,12
18488,19
18489,22
18490,16
18491,8
18492,12
18493,22
18494,16
18495,22
18496,5
18497,19
18498,12
18499,9
18500,8
18501,16
18502,29
18503,9
18504,12
18505,19
18506,12
18507,22
18508,5
18509,8
18510,22
18511,12
18512,17
18513,15
18514,17
18515,22
18516,29
18517,22
18518,16
18519,22
18520,8
18521,9
18522,27
18523,9
18524,27
18525,16
18526,29
18527,7
18528,29
18529,6
18530,21
18531,6
18532,29
18533,9
18534,29
18535,6
18536,13
18537,9
18538,8
18539,16
18540,8
18541,17
18542,12
18543,17
18544,8
18545,20
18546,8
18547,17
18548,8
18549,16
18550,27
18551,16
18552,8
18553,17
18554,12
18555,19
18556,12
18557,22
18558,16
18559,27
18560,9
18561,12
18562,9
18563,13
18564,6
18565,27
18566,9
18567,27
18568,16
18569,27
18570,9
18571,8
18572,20
18573,7
18574,6
18575,13
18576,9
18577,8
18578,17
18579,12
18580,17
18581,12
18582,9
18583,8
18584,9
18585,27
18586,9
18587,27
18588,9
18589,27
18590,16
18591,22
18592,19
18593,22
18594,5
18595,8
18596,16
18597,22
18598,17
18599,8
18600,20
18601,21
18602,20
18603,8
18604,22
18605,8
18606,20
18607,8
18608,12
18609,17
18610,22
18611,12
18612,22
18613,12
18614,8
18615,17
18616,22
18617,17
18618,22
18619,19
18620,5
18621,13
18622,5
18623,22
18624,17
18625,8
18626,17
18627,15
18628,17
18629,8
18630,17
18631,12
18632,22
18633,29
18634,22
18635,29
18636,16
18637,27
18638,16
18639,8
18640,9
18641,13
18642,5
18643,13
18644,9
18645,27
18646,9
18647,12
18648,8
18649,17
18650,8
18651,9
18652,29
18653,20
18654,8
18655,9
18656,27
18657,16
18658,27
18659,6
18660,29
18661,20
18662,7
18663,29
18664,22
18665,8
18666,9
18667,27
18668,16
18669,22
18670,16
18671,22
18672,19
18673,12
18674,8
18675,17
18676,15
18677,17
18678,22
18679,5
18680,22
18681,12
18682,22
18683,17
18684,15
18685,17
18686,15
18687,17
18688,8
18689,16
18690,29
18691,16
18692,22
18693,5
18694,8
18695,20
18696,21
18697,6
18698,21
18699,6
18700,13
18701,5
18702,13
18703,6
18704,27
18705,16
18706,29
18707,9
18708,27
18709,9
18710,13
18711,9
18712,27
18713,16
18714,29
18715,7
18716,6
18717,29
18718,9
18719,29
18720,22
18721,12
18722,19
18723,5
18724,13
18725,6
18726,21
18727,20
18728,21
18729,20
18730,29
18731,7
18732,29
18733,6
18734,21
18735,6
18736,13
18737,9
18738,8
18739,5
18740,8
18741,9
18742,12
18743,9
18744,13
18745,5
18746,22
18747,5
18748,8
18749,16
18750,8
18751,16
18752,27
18753,6
18754,7
18755,6
18756,27
18757,6
18758,27
18759,6
18760,27
18761,6
18762,29
18763,16
18764,27
18765,9
18766,8
18767,20
18768,21
18769,6
18770,29
18771,7
18772,29
18773,6
18774,21
18775,6
18776,13
18777,6
18778,21
18779,20
18780,21
18781,6
18782,27
18783,9
18784,13
18785,9
18786,29
18787,20
18788,7
18789,20
18790,8
18791,22
18792,5
18793,19
18794,22
18795,8
18796,12
18797,9
18798,29
18799,6
18800,7
18801,6
18802,7
18803,6
18804,21
18805,6
18806,13
18807,9
18808,12
18809,19
18810,22
18811,5
18812,8
18813,12
18814,22
18815,5
18816,8
18817,5
18818,19
18819,22
18820,8
18821,20
18822,8
18823,22
18824,16
18825,29
18826,6
18827,21
18828,20
18829,21
18830,6
18831,7
18832,20
18833,8
18834,9
18835,8
18836,16
18837,22
18838,12
18839,19
18840,12
18841,8
18842,17
18843,12
18844,9
18845,29
18846,7
18847,20
18848,7
18849,20
18850,21
18851,6
18852,21
18853,6
18854,13
18855,9
18856,29
18857,22
18858,29
18859,9
18860,29
18861,22
18862,8
18863,5
18864,19
18865,5
18866,19
18867,5
18868,13
18869,9
18870,8
18871,5
18872,8
18873,22
18874,19
18875,5
18876,22
18877,29
18878,16
18879,8
18880,20
18881,24
18882,14
18883,26
18884,18
18885,26
18886,14
18887,24
18888,30
18889,3
18890,30
18891,18
18892,24
18893,14
18894,4
18895,30
18896,18
18897,26
18898,18
18899,2
18900,11
18901,2
18902,18
18903,4
18904,30
18905,14
18906,4
18907,18
18908,26
18909,30
18910,18
18911,4
18912,18
18913,2
18914,4
18915,14
18916,10
18917,14
18918,24
18919,10
18920,14
18921,24
18922,10
18923,23
18924,1
18925,3
18926,1
18927,3
18928,1
18929,3
18930,30
18931,14
18932,4
18933,28
18934,4
18935,18
18936,26
18937,1
18938,30
18939,1
18940,23
18941,11
18942,23
18943,1
18944,26
18945,14
18946,10
18947,14
18948,26
18949,18
18950,30
18951,14
18952,24
18953,11
18954,2
18955,4
18956,28
18957,4
18958,30
18959,24
18960,11
18961,23
18962,10
18963,14
18964,26
18965,14
18966,24
18967,18
18968,4
18969,2
18970,4
18971,28
18972,25
18973,24
18974,30
18975,26
18976,18
18977,2
18978,18
18979,25
18980,18
18981,30
18982,3
18983,1
18984,30
18985,26
18986,30
18987,24
18988,10
18989,14
18990,26
18991,1
18992,30
18993,4
18994,28
18995,25
18996,28
18997,4
18998,18
18999,30
19000,24
19001,25
19002,18
19003,2
19004,11
19005,2
19006,18
19007,30
19008,3
19009,1
19010,26
19011,1
19012,3
19013,1
19014,3
19015,30
19016,1
19017,30
19018,14
19019,4
19020,28
19021,25
19022,24
19023,30
19024,14
19025,26
19026,30
19027,4
19028,28
19029,4
19030,18
19031,30
19032,1
19033,26
19034,1
19035,30
19036,3
19037,30
19038,4
19039,30
19040,1
19041,3
19042,1
19043,30
19044,18
19045,24
19046,14
19047,30
19048,4
19049,18
19050,2
19051,11
19052,2
19053,18
19054,30
19055,3
19056,30
19057,3
19058,30
19059,26
19060,14
19061,24
19062,14
19063,24
19064,18
19065,2
19066,4
19067,30
19068,14
19069,26
19070,18
19071,25
19072,28
19073,4
19074,28
19075,4
19076,30
19077,4
19078,30
19079,18
19080,4
19081,14
19082,24
19083,20
19084,7
19085,20
19086,21
19087,6
19088,21
19089,20
19090,24
19091,10
19092,24
19093,25
19094,24
19095,18
19096,26
19097,14
19098,24
19099,25
19100,18
19101,30
19102,18
19103,4
19104,28
19105,4
19106,28
19107,4
19108,30
19109,1
19110,23
19111,1
19112,30
19113,14
19114,26
19115,14
19116,26
19117,14
19118,30
19119,18
19120,24
19121,18
19122,2
19123,18
19124,4
19125,18
19126,2
19127,4
19128,30
19129,1
19130,26
19131,30
19132,26
19133,30
19134,4
19135,30
19136,4
19137,18
19138,24
19139,10
19140,24
19141,25
19142,28
19143,4
19144,14
19145,26
19146,1
19147,30
19148,24
19149,10
19150,14
19151,24
19152,25
19153,18
19154,25
19155,18
19156,25
19157,28
19158,4
19159,2
19160,11
19161,24
19162,30
19163,4
19164,28
19165,4
19166,14
19167,10
19168,14
19169,26
19170,30
19171,14
19172,10
19173,24
19174,30
19175,14
19176,24
19177,20
19178,7
19179,29
19180,7
19181,29
19182,22
19183,17
19184,15
19185,17
19186,22
19187,16
19188,22
19189,19
19190,5
19191,22
19192,29
19193,22
19194,16
19195,22
19196,5
19197,22
19198,8
19199,17
19200,12
19201,22
19202,8
19203,16
19204,8
19205,20
19206,8
19207,22
19208,17
19209,12
19210,9
19211,27
19212,16
19213,8
19214,5
19215,19
19216,12
19217,8
19218,5
19219,13
19220,9
19221,29
19222,6
19223,7
19224,29
19225,9
19226,27
19227,6
19228,7
19229,29
19230,7
19231,6
19232,21
19233,6
19234,27
19235,16
19236,29
19237,9
19238,29
19239,22
19240,16
19241,29
19242,16
19243,29
19244,20
19245,21
19246,20
19247,7
19248,20
19249,21
19250,6
19251,7
19252,20
19253,21
19254,6
19255,29
19256,20
19257,8
19258,9
19259,12
19260,22
19261,12
19262,8
19263,16
19264,27
19265,6
19266,29
19267,6
19268,13
19269,6
19270,27
19271,16
19272,27
19273,9
19274,27
19275,16
19276,29
19277,7
19278,29
19279,20
19280,8
19281,5
19282,22
19283,17
19284,12
19285,19
19286,12
19287,9
19288,12
19289,22
19290,19
19291,5
19292,13
19293,9
19294,13
19295,6
19296,21
19297,20
19298,8
19299,17
19300,12
19301,17
19302,15
19303,17
19304,15
19305,17
19306,8
19307,12
19308,9
19309,27
19310,16
19311,29
19312,7
19313,29
19314,16
19315,8
19316,20
19317,24
19318,10
19319,23
19320,11
19321,24
19322,30
19323,18
19324,2
19325,4
19326,14
19327,26
19328,18
19329,4
19330,2
19331,11
19332,2
19333,4
19334,18
19335,2
19336,4
19337,30
19338,18
19339,4
19340,2
19341,4
19342,28
19343,4
19344,30
19345,1
19346,26
19347,18
19348,2
19349,4
19350,2
19351,4
19352,30
19353,18
19354,26
19355,1
19356,30
19357,1
19358,26
19359,1
19360,3
19361,1
19362,30
19363,4
19364,28
19365,25
19366,18
19367,30
19368,14
19369,10
19370,14
19371,24
19372,11
19373,2
19374,11
19375,2
19376,18
19377,30
19378,3
19379,30
19380,24
19381,30
19382,3
19383,1
19384,3
19385,30
19386,1
19387,26
19388,14
19389,24
19390,10
19391,14
19392,10
19393,23
19394,10
19395,14
19396,30
19397,18
19398,30
19399,3
19400,30
19401,24
19402,14
19403,30
19404,14
19405,24
19406,30
19407,3
19408,1
19409,23
19410,10
19411,24
19412,18
19413,30
19414,26
19415,30
19416,26
19417,30
19418,24
19419,30
19420,14
19421,30
19422,14
19423,4
19424,18
19425,4
19426,18
19427,24
19428,20
19429,24
19430,20
19431,29
19432,22
19433,8
19434,5
19435,19
19436,12
19437,9
19438,27
19439,9
19440,13
19441,6
19442,27
19443,6
19444,7
19445,29
19446,16
19447,29
19448,7
19449,20
19450,21
19451,20
19452,8
19453,9
19454,12
19455,8
19456,17
19457,12
19458,19
19459,12
19460,8
19461,5
19462,22
19463,29
19464,16
19465,27
19466,9
19467,13
19468,9
19469,12
19470,19
19471,5
19472,13
19473,5
19474,19
19475,12
19476,19
19477,5
19478,19
19479,5
19480,13
19481,5
19482,19
19483,12
19484,22
19485,16
19486,22
19487,8
19488,16
19489,22
19490,19
19491,22
19492,5
19493,19
19494,5
19495,13
19496,5
19497,22
19498,17
19499,22
19500,8
19501,5
19502,13
19503,6
19504,7
19505,6
19506,29
19507,22
19508,5
19509,13
19510,6
19511,13
19512,5
19513,13
19514,6
19515,29
19516,20
19517,7
19518,6
19519,29
19520,20
19521,8
19522,5
19523,22
19524,29
19525,16
19526,29
19527,16
19528,22
19529,5
19530,13
19531,6
19532,7
19533,20
19534,7
19535,6
19536,21
19537,20
19538,24
19539,10
19540,14
19541,24
19542,25
19543,28
19544,25
19545,28
19546,4
19547,14
19548,10
19549,23
19550,11
19551,23
19552,11
19553,23
19554,11
19555,23
19556,10
19557,24
19558,30
19559,14
19560,30
19561,24
19562,10
19563,24
19564,25
19565,24
19566,30
19567,3
19568,30
19569,18
19570,2
19571,18
19572,25
19573,24
19574,20
19575,21
19576,20
19577,7
19578,29
19579,16
19580,27
19581,16
19582,22
19583,29
19584,16
19585,8
19586,17
19587,8
19588,5
19589,13
19590,5
19591,19
19592,5
19593,13
19594,9
19595,27
19596,9
19597,13
19598,5
19599,8
19600,12
19601,22
19602,29
19603,9
19604,12
19605,9
19606,27
19607,6
19608,21
19609,20
19610,8
19611,16
19612,29
19613,6
19614,7
19615,6
19616,21
19617,6
19618,7
19619,20
19620,24
19621,20
19622,7
19623,6
19624,27
19625,9
19626,13
19627,9
19628,13
19629,9
19630,13
19631,9
19632,12
19633,22
19634,17
19635,8
19636,16
19637,27
19638,16
19639,27
19640,16
19641,22
19642,19
19643,12
19644,8
19645,20
19646,21
19647,6
19648,27
19649,9
19650,27
19651,9
19652,8
19653,17
19654,22
19655,17
19656,22
19657,19
19658,22
19659,8
19660,12
19661,17
19662,12
19663,17
19664,8
19665,9
19666,8
19667,9
19668,12
19669,19
19670,5
19671,13
19672,5
19673,8
19674,16
19675,8
19676,20
19677,8
19678,5
19679,19
19680,5
19681,22
19682,16
19683,22
19684,29
19685,20
19686,24
19687,11
19688,24
19689,20
19690,7
19691,6
19692,7
19693,20
19694,29
19695,16
19696,29
19697,22
19698,17
19699,22
19700,19
19701,22
19702,29
19703,9
19704,13
19705,6
19706,27
19707,9
19708,12
19709,17
19710,12
19711,9
19712,29
19713,20
19714,7
19715,20
19716,29
19717,9
19718,27
19719,16
19720,27
19721,9
19722,13
19723,9
19724,29
19725,16
19726,8
19727,9
19728,29
19729,9
19730,8
19731,5
19732,22
19733,8
19734,5
19735,8
19736,5
19737,22
19738,19
19739,5
19740,13
19741,6
19742,13
19743,6
19744,13
19745,5
19746,19
19747,22
19748,12
19749,19
19750,5
19751,22
19752,12
19753,9
19754,29
19755,7
19756,6
19757,27
19758,16
19759,27
19760,9
19761,12
19762,19
19763,12
19764,8
19765,17
19766,15
19767,17
19768,22
19769,8
19770,20
19771,7
19772,6
19773,7
19774,20
19775,8
19776,22
19777,29
19778,22
19779,19
19780,22
19781,29
19782,16
19783,29
19784,9
19785,27
19786,9
19787,29
19788,9
19789,12
19790,22
19791,17
19792,15
19793,17
19794,12
19795,22
19796,8
19797,22
19798,5
19799,22
19800,17
19801,12
19802,8
19803,20
19804,7
19805,6
19806,29
19807,20
19808,24
19809,14
19810,24
19811,20
19812,21
19813,6
19814,7
19815,20
19816,21
19817,6
19818,7
19819,20
19820,21
19821,20
19822,8
19823,5
19824,13
19825,9
19826,12
19827,19
19828,12
19829,9
19830,13
19831,9
19832,13
19833,6
19834,21
19835,6
19836,21
19837,6
19838,29
19839,16
19840,27
19841,6
19842,13
19843,5
19844,19
19845,22
19846,16
19847,8
19848,9
19849,27
19850,9
19851,27
19852,6
19853,13
19854,9
19855,27
19856,9
19857,8
19858,5
19859,19
19860,22
19861,12
19862,9
19863,12
19864,17
19865,22
19866,8
19867,5
19868,22
19869,8
19870,20
19871,7
19872,29
19873,16
19874,22
19875,16
19876,8
19877,9
19878,8
19879,22
19880,19
19881,12
19882,17
19883,15
19884,17
19885,15
19886,17
19887,8
19888,9
19889,12
19890,8
19891,17
19892,8
19893,5
19894,19
19895,5
19896,22
19897,17
19898,22
19899,29
19900,6
19901,7
19902,20
19903,29
19904,20
19905,21
19906,6
19907,21
19908,20
19909,21
19910,6
19911,29
19912,7
19913,29
19914,22
19915,29
19916,20
19917,24
19918,25
19919,18
19920,24
19921,20
19922,21
19923,6
19924,7
19925,6
19926,7
19927,6
19928,27
19929,9
19930,8
19931,22
19932,5
19933,22
19934,5
19935,22
19936,12
19937,22
19938,16
19939,29
19940,16
19941,8
19942,17
19943,22
19944,16
19945,22
19946,5
19947,22
19948,29
19949,7
19950,6
19951,27
19952,16
19953,27
19954,9
19955,29
19956,22
19957,17
19958,8
19959,16
19960,27
19961,16
19962,27
19963,6
19964,7
19965,29
19966,22
19967,8
19968,16
19969,27
19970,16
19971,8
19972,5
19973,8
19974,5
19975,13
19976,5
19977,19
19978,12
19979,9
19980,27
19981,6
19982,29
19983,9
19984,8
19985,17
19986,22
19987,17
19988,8
19989,5
19990,22
19991,19
19992,5
19993,8
19994,22
19995,5
19996,22
19997,16
19998,8
