step,node
0,25
1,7
2,15
3,25
4,21
5,23
6,6
7,2
8,23
9,2
10,20
11,2
12,23
13,9
14,23
15,15
16,7
17,6
18,20
19,2
20,6
21,20
22,6
23,5
24,23
25,2
26,9
27,25
28,9
29,25
30,15
31,5
32,23
33,2
34,9
35,23
36,8
37,5
38,27
39,19
40,27
41,19
42,2
43,9
44,15
45,21
46,15
47,21
48,15
49,21
50,25
51,9
52,2
53,25
54,9
55,25
56,7
57,6
58,23
59,5
60,6
61,27
62,6
63,5
64,6
65,8
66,14
67,13
68,4
69,16
70,28
71,17
72,1
73,4
74,17
75,4
76,13
77,4
78,12
79,13
80,3
81,26
82,3
83,30
84,12
85,13
86,3
87,12
88,26
89,3
90,12
91,16
92,4
93,24
94,4
95,28
96,4
97,28
98,14
99,8
100,23
101,8
102,14
103,13
104,12
105,30
106,3
107,30
108,12
109,4
110,10
111,4
112,12
113,17
114,18
115,4
116,10
117,24
118,1
119,17
120,28
121,17
122,18
123,29
124,18
125,4
126,17
127,1
128,4
129,12
130,17
131,28
132,14
133,8
134,11
135,15
136,23
137,8
138,6
139,2
140,25
141,2
142,6
143,2
144,25
145,21
146,15
147,25
148,9
149,2
150,25
151,15
152,7
153,19
154,2
155,23
156,9
157,25
158,15
159,11
160,8
161,11
162,6
163,5
164,15
165,7
166,6
167,5
168,6
169,5
170,27
171,6
172,11
173,6
174,2
175,19
176,27
177,19
178,27
179,5
180,23
181,15
182,25
183,2
184,23
185,21
186,23
187,5
188,23
189,5
190,8
191,11
192,8
193,14
194,28
195,14
196,17
197,18
198,29
199,12
200,17
201,12
202,16
203,12
204,13
205,3
206,16
207,10
208,1
209,16
210,22
211,16
212,22
213,16
214,13
215,3
216,13
217,14
218,28
219,14
220,17
221,28
222,4
223,17
224,14
225,28
226,16
227,22
228,16
229,28
230,4
231,17
232,12
233,30
234,12
235,3
236,16
237,28
238,4
239,28
240,4
241,28
242,17
243,12
244,3
245,26
246,12
247,30
248,12
249,13
250,16
251,3
252,13
253,4
254,12
255,4
256,16
257,13
258,16
259,4
260,24
261,10
262,16
263,12
264,13
265,4
266,24
267,10
268,1
269,24
270,26
271,24
272,1
273,10
274,4
275,28
276,17
277,18
278,4
279,12
280,3
281,13
282,4
283,12
284,29
285,18
286,4
287,13
288,4
289,28
290,16
291,1
292,24
293,4
294,10
295,16
296,1
297,17
298,18
299,17
300,28
301,14
302,28
303,4
304,28
305,14
306,13
307,14
308,13
309,4
310,1
311,17
312,28
313,17
314,1
315,4
316,24
317,4
318,28
319,17
320,12
321,13
322,3
323,16
324,28
325,16
326,22
327,16
328,1
329,10
330,16
331,12
332,13
333,3
334,26
335,3
336,30
337,12
338,13
339,3
340,16
341,10
342,24
343,1
344,24
345,1
346,16
347,13
348,3
349,30
350,12
351,16
352,22
353,16
354,22
355,16
356,12
357,26
358,3
359,13
360,12
361,13
362,12
363,16
364,12
365,30
366,12
367,30
368,3
369,13
370,4
371,16
372,1
373,4
374,12
375,26
376,3
377,13
378,14
379,28
380,17
381,14
382,28
383,16
384,1
385,10
386,24
387,1
388,24
389,26
390,12
391,29
392,18
393,29
394,18
395,29
396,18
397,17
398,4
399,18
400,29
401,12
402,17
403,1
404,4
405,10
406,24
407,10
408,16
409,4
410,12
411,4
412,28
413,4
414,10
415,4
416,28
417,17
418,28
419,16
420,13
421,4
422,24
423,4
424,13
425,3
426,12
427,13
428,4
429,10
430,4
431,28
432,4
433,10
434,4
435,10
436,24
437,26
438,24
439,4
440,17
441,14
442,28
443,16
444,1
445,17
446,12
447,16
448,4
449,17
450,28
451,16
452,3
453,13
454,4
455,28
456,14
457,13
458,16
459,3
460,26
461,12
462,16
463,13
464,4
465,16
466,28
467,14
468,28
469,14
470,17
471,28
472,14
473,8
474,14
475,17
476,12
477,16
478,12
479,29
480,12
481,13
482,4
483,17
484,14
485,17
486,12
487,4
488,1
489,4
490,28
491,4
492,16
493,22
494,16
495,1
496,17
497,14
498,8
499,14
500,8
501,6
502,7
503,19
504,27
505,5
506,27
507,6
508,27
509,5
510,23
511,9
512,2
513,19
514,27
515,6
516,7
517,6
518,8
519,11
520,15
521,5
522,8
523,11
524,6
525,5
526,23
527,9
528,23
529,6
530,8
531,14
532,13
533,12
534,29
535,12
536,17
537,4
538,28
539,16
540,28
541,4
542,16
543,12
544,13
545,3
546,16
547,28
548,4
549,13
550,12
551,4
552,12
553,26
554,24
555,26
556,3
557,13
558,12
559,26
560,12
561,13
562,12
563,16
564,3
565,13
566,16
567,13
568,4
569,12
570,4
571,17
572,18
573,4
574,13
575,14
576,28
577,14
578,13
579,4
580,17
581,4
582,13
583,14
584,8
585,14
586,8
587,5
588,8
589,5
590,27
591,5
592,27
593,6
594,5
595,27
596,6
597,2
598,6
599,27
600,5
601,27
602,5
603,15
604,9
605,23
606,15
607,9
608,15
609,21
610,25
611,9
612,2
613,9
614,25
615,21
616,25
617,2
618,19
619,7
620,15
621,25
622,9
623,25
624,9
625,15
626,23
627,6
628,20
629,2
630,19
631,2
632,20
633,2
634,23
635,6
636,20
637,2
638,19
639,8
640,6
641,27
642,19
643,27
644,5
645,6
646,27
647,6
648,27
649,19
650,27
651,6
652,11
653,6
654,8
655,11
656,15
657,21
658,15
659,11
660,6
661,2
662,19
663,8
664,11
665,6
666,20
667,6
668,11
669,6
670,27
671,5
672,6
673,23
674,6
675,20
676,2
677,9
678,15
679,21
680,15
681,25
682,9
683,2
684,9
685,23
686,8
687,5
688,23
689,6
690,8
691,23
692,8
693,6
694,27
695,5
696,27
697,6
698,5
699,15
700,25
701,21
702,25
703,9
704,25
705,7
706,15
707,5
708,27
709,19
710,2
711,9
712,2
713,25
714,7
715,15
716,25
717,15
718,21
719,15
720,11
721,15
722,5
723,6
724,27
725,6
726,7
727,15
728,11
729,6
730,8
731,23
732,6
733,11
734,15
735,21
736,23
737,6
738,2
739,23
740,6
741,11
742,6
743,11
744,8
745,19
746,7
747,15
748,11
749,15
750,23
751,2
752,6
753,11
754,6
755,23
756,21
757,15
758,25
759,2
760,9
761,23
762,2
763,23
764,2
765,6
766,7
767,6
768,11
769,6
770,5
771,23
772,21
773,23
774,6
775,5
776,6
777,11
778,6
779,7
780,15
781,11
782,8
783,5
784,27
785,5
786,23
787,21
788,25
789,9
790,15
791,25
792,7
793,15
794,23
795,21
796,25
797,7
798,6
799,20
800,2
801,6
802,8
803,6
804,27
805,6
806,20
807,6
808,20
809,6
810,20
811,6
812,7
813,15
814,9
815,25
816,15
817,11
818,15
819,5
820,6
821,23
822,2
823,19
824,2
825,9
826,2
827,20
828,2
829,19
830,7
831,6
832,2
833,25
834,7
835,6
836,8
837,19
838,8
839,11
840,6
841,2
842,25
843,15
844,21
845,23
846,9
847,23
848,8
849,6
850,23
851,9
852,2
853,20
854,6
855,2
856,9
857,23
858,8
859,11
860,8
861,6
862,8
863,14
864,8
865,11
866,8
867,19
868,2
869,20
870,6
871,2
872,6
873,7
874,15
875,7
876,15
877,9
878,15
879,7
880,19
881,2
882,20
883,6
884,11
885,6
886,2
887,23
888,8
889,11
890,8
891,19
892,2
893,6
894,5
895,15
896,11
897,8
898,19
899,7
900,25
901,2
902,6
903,2
904,25
905,7
906,15
907,21
908,23
909,6
910,8
911,19
912,2
913,23
914,8
915,23
916,6
917,7
918,6
919,23
920,21
921,23
922,8
923,14
924,17
925,18
926,17
927,12
928,3
929,30
930,12
931,26
932,24
933,1
934,10
935,24
936,1
937,17
938,1
939,17
940,4
941,12
942,16
943,4
944,28
945,17
946,14
947,28
948,4
949,24
950,26
951,24
952,1
953,4
954,13
955,12
956,26
957,12
958,26
959,24
960,10
961,4
962,28
963,14
964,17
965,1
966,4
967,16
968,1
969,16
970,3
971,12
972,16
973,13
974,14
975,17
976,12
977,26
978,3
979,12
980,4
981,1
982,4
983,28
984,17
985,14
986,17
987,4
988,12
989,17
990,18
991,4
992,13
993,12
994,17
995,14
996,8
997,6
998,2
999,25
1000,15
1001,25
1002,9
1003,25
1004,2
1005,23
1006,21
1007,23
1008,9
1009,23
1010,21
1011,15
1012,23
1013,15
1014,21
1015,15
1016,5
1017,8
1018,6
1019,7
1020,25
1021,9
1022,15
1023,5
1024,6
1025,11
1026,15
1027,25
1028,2
1029,20
1030,2
1031,19
1032,8
1033,23
1034,5
1035,27
1036,6
1037,27
1038,6
1039,7
1040,19
1041,8
1042,23
1043,8
1044,19
1045,7
1046,6
1047,20
1048,6
1049,7
1050,25
1051,21
1052,25
1053,15
1054,23
1055,9
1056,25
1057,15
1058,11
1059,15
1060,9
1061,25
1062,7
1063,15
1064,25
1065,21
1066,25
1067,15
1068,11
1069,6
1070,23
1071,2
1072,25
1073,7
1074,25
1075,15
1076,5
1077,15
1078,11
1079,6
1080,20
1081,2
1082,25
1083,15
1084,25
1085,21
1086,15
1087,23
1088,8
1089,14
1090,17
1091,28
1092,17
1093,1
1094,16
1095,12
1096,26
1097,12
1098,17
1099,14
1100,17
1101,18
1102,17
1103,14
1104,28
1105,4
1106,18
1107,29
1108,18
1109,17
1110,4
1111,24
1112,1
1113,17
1114,4
1115,17
1116,1
1117,10
1118,16
1119,22
1120,16
1121,12
1122,29
1123,18
1124,17
1125,18
1126,29
1127,12
1128,26
1129,12
1130,4
1131,28
1132,16
1133,4
1134,1
1135,16
1136,1
1137,10
1138,4
1139,24
1140,26
1141,3
1142,30
1143,3
1144,16
1145,28
1146,16
1147,1
1148,17
1149,14
1150,17
1151,28
1152,17
1153,28
1154,17
1155,18
1156,17
1157,14
1158,28
1159,4
1160,10
1161,1
1162,4
1163,10
1164,1
1165,16
1166,4
1167,10
1168,4
1169,12
1170,26
1171,12
1172,17
1173,18
1174,4
1175,10
1176,16
1177,12
1178,4
1179,16
1180,28
1181,14
1182,13
1183,14
1184,13
1185,12
1186,26
1187,3
1188,26
1189,12
1190,26
1191,12
1192,30
1193,3
1194,30
1195,12
1196,26
1197,12
1198,17
1199,12
1200,29
1201,18
1202,29
1203,12
1204,13
1205,3
1206,13
1207,12
1208,3
1209,13
1210,14
1211,13
1212,12
1213,13
1214,14
1215,13
1216,14
1217,13
1218,4
1219,13
1220,3
1221,12
1222,30
1223,3
1224,16
1225,28
1226,14
1227,13
1228,3
1229,12
1230,17
1231,14
1232,28
1233,14
1234,13
1235,16
1236,4
1237,13
1238,12
1239,13
1240,4
1241,16
1242,10
1243,24
1244,1
1245,17
1246,28
1247,4
1248,28
1249,4
1250,18
1251,17
1252,14
1253,13
1254,16
1255,10
1256,4
1257,17
1258,12
1259,30
1260,3
1261,16
1262,12
1263,3
1264,26
1265,12
1266,30
1267,3
1268,30
1269,12
1270,16
1271,10
1272,1
1273,24
1274,26
1275,3
1276,26
1277,12
1278,26
1279,24
1280,26
1281,12
1282,29
1283,12
1284,17
1285,28
1286,17
1287,12
1288,16
1289,28
1290,14
1291,28
1292,4
1293,13
1294,16
1295,22
1296,16
1297,13
1298,16
1299,13
1300,14
1301,28
1302,16
1303,10
1304,1
1305,10
1306,16
1307,22
1308,16
1309,22
1310,16
1311,13
1312,14
1313,13
1314,16
1315,22
1316,16
1317,3
1318,12
1319,4
1320,24
1321,10
1322,1
1323,10
1324,4
1325,24
1326,1
1327,17
1328,14
1329,28
1330,4
1331,24
1332,1
1333,17
1334,12
1335,3
1336,26
1337,24
1338,1
1339,17
1340,28
1341,14
1342,28
1343,4
1344,10
1345,1
1346,10
1347,4
1348,13
1349,12
1350,26
1351,12
1352,3
1353,12
1354,16
1355,3
1356,13
1357,4
1358,24
1359,4
1360,28
1361,17
1362,18
1363,17
1364,14
1365,8
1366,5
1367,27
1368,5
1369,8
1370,19
1371,27
1372,5
1373,23
1374,5
1375,8
1376,11
1377,8
1378,23
1379,2
1380,25
1381,9
1382,15
1383,25
1384,15
1385,25
1386,7
1387,19
1388,27
1389,19
1390,27
1391,19
1392,7
1393,25
1394,21
1395,15
1396,5
1397,15
1398,9
1399,23
1400,2
1401,20
1402,2
1403,25
1404,7
1405,6
1406,11
1407,8
1408,6
1409,7
1410,25
1411,15
1412,9
1413,25
1414,15
1415,5
1416,6
1417,5
1418,27
1419,6
1420,11
1421,15
1422,5
1423,23
1424,8
1425,19
1426,8
1427,19
1428,8
1429,5
1430,6
1431,11
1432,6
1433,23
1434,9
1435,25
1436,7
1437,6
1438,2
1439,9
1440,25
1441,15
1442,11
1443,6
1444,8
1445,5
1446,15
1447,5
1448,8
1449,19
1450,7
1451,6
1452,8
1453,5
1454,8
1455,6
1456,7
1457,25
1458,7
1459,19
1460,7
1461,15
1462,21
1463,25
1464,21
1465,25
1466,21
1467,15
1468,21
1469,23
1470,5
1471,27
1472,5
1473,23
1474,9
1475,25
1476,9
1477,15
1478,7
1479,15
1480,7
1481,19
1482,8
1483,14
1484,13
1485,3
1486,13
1487,12
1488,30
1489,12
1490,4
1491,28
1492,16
1493,1
1494,24
1495,26
1496,3
1497,16
1498,10
1499,16
1500,28
1501,16
1502,12
1503,29
1504,12
1505,30
1506,12
1507,30
1508,3
1509,30
1510,3
1511,26
1512,12
1513,17
1514,14
1515,13
1516,16
1517,3
1518,12
1519,16
1520,12
1521,26
1522,12
1523,16
1524,1
1525,16
1526,3
1527,16
1528,1
1529,16
1530,4
1531,1
1532,17
1533,18
1534,4
1535,16
1536,13
1537,14
1538,17
1539,1
1540,16
1541,3
1542,26
1543,24
1544,10
1545,16
1546,28
1547,4
1548,28
1549,4
1550,17
1551,14
1552,17
1553,1
1554,16
1555,12
1556,13
1557,14
1558,8
1559,5
1560,6
1561,7
1562,15
1563,9
1564,15
1565,9
1566,15
1567,5
1568,8
1569,6
1570,27
1571,5
1572,6
1573,20
1574,6
1575,23
1576,21
1577,25
1578,21
1579,15
1580,23
1581,9
1582,23
1583,2
1584,9
1585,23
1586,2
1587,23
1588,5
1589,27
1590,6
1591,11
1592,15
1593,9
1594,23
1595,2
1596,25
1597,15
1598,9
1599,15
1600,23
1601,6
1602,11
1603,8
1604,6
1605,8
1606,23
1607,15
1608,11
1609,6
1610,8
1611,14
1612,28
1613,17
1614,4
1615,16
1616,13
1617,4
1618,17
1619,28
1620,4
1621,18
1622,17
1623,4
1624,17
1625,14
1626,17
1627,28
1628,17
1629,14
1630,13
1631,3
1632,26
1633,12
1634,26
1635,12
1636,30
1637,3
1638,13
1639,4
1640,28
1641,4
1642,16
1643,13
1644,3
1645,12
1646,16
1647,1
1648,24
1649,1
1650,16
1651,22
1652,16
1653,10
1654,1
1655,4
1656,17
1657,18
1658,4
1659,10
1660,1
1661,24
1662,4
1663,17
1664,12
1665,13
1666,14
1667,28
1668,14
1669,8
1670,5
1671,27
1672,6
1673,7
1674,19
1675,7
1676,15
1677,25
1678,15
1679,7
1680,25
1681,7
1682,6
1683,2
1684,9
1685,15
1686,7
1687,6
1688,20
1689,2
1690,6
1691,8
1692,14
1693,17
1694,14
1695,13
1696,16
1697,12
1698,17
1699,12
1700,17
1701,4
1702,17
1703,14
1704,13
1705,14
1706,28
1707,4
1708,12
1709,17
1710,4
1711,18
1712,4
1713,10
1714,4
1715,28
1716,14
1717,8
1718,6
1719,23
1720,15
1721,7
1722,25
1723,21
1724,15
1725,5
1726,23
1727,9
1728,2
1729,25
1730,2
1731,9
1732,15
1733,5
1734,6
1735,11
1736,15
1737,9
1738,25
1739,9
1740,25
1741,7
1742,15
1743,21
1744,25
1745,21
1746,23
1747,15
1748,7
1749,25
1750,7
1751,6
1752,7
1753,6
1754,27
1755,5
1756,23
1757,15
1758,7
1759,19
1760,2
1761,19
1762,7
1763,15
1764,9
1765,15
1766,25
1767,7
1768,19
1769,8
1770,14
1771,13
1772,12
1773,17
1774,4
1775,24
1776,26
1777,3
1778,13
1779,4
1780,1
1781,10
1782,4
1783,28
1784,4
1785,1
1786,24
1787,26
1788,3
1789,13
1790,3
1791,13
1792,4
1793,18
1794,4
1795,13
1796,4
1797,13
1798,12
1799,29
1800,18
1801,17
1802,12
1803,30
1804,3
1805,30
1806,12
1807,30
1808,3
1809,26
1810,24
1811,10
1812,4
1813,12
1814,29
1815,12
1816,17
1817,1
1818,16
1819,4
1820,12
1821,17
1822,28
1823,14
1824,28
1825,16
1826,28
1827,4
1828,18
1829,29
1830,12
1831,16
1832,3
1833,26
1834,24
1835,10
1836,16
1837,22
1838,16
1839,12
1840,3
1841,16
1842,12
1843,16
1844,22
1845,16
1846,13
1847,12
1848,26
1849,12
1850,29
1851,18
1852,17
1853,28
1854,16
1855,3
1856,30
1857,3
1858,26
1859,3
1860,30
1861,12
1862,16
1863,13
1864,14
1865,17
1866,18
1867,4
1868,24
1869,1
1870,4
1871,28
1872,17
1873,14
1874,13
1875,12
1876,29
1877,18
1878,4
1879,24
1880,4
1881,17
1882,28
1883,16
1884,22
1885,16
1886,12
1887,16
1888,1
1889,16
1890,22
1891,16
1892,22
1893,16
1894,12
1895,4
1896,28
1897,14
1898,13
1899,3
1900,16
1901,22
1902,16
1903,10
1904,1
1905,10
1906,1
1907,16
1908,10
1909,24
1910,10
1911,1
1912,16
1913,1
1914,24
1915,4
1916,1
1917,16
1918,1
1919,24
1920,4
1921,17
1922,12
1923,16
1924,13
1925,12
1926,16
1927,12
1928,3
1929,30
1930,12
1931,16
1932,3
1933,13
1934,12
1935,13
1936,3
1937,13
1938,16
1939,3
1940,12
1941,4
1942,12
1943,16
1944,10
1945,24
1946,4
1947,13
1948,16
1949,10
1950,16
1951,13
1952,12
1953,16
1954,1
1955,17
1956,12
1957,3
1958,16
1959,3
1960,26
1961,24
1962,1
1963,16
1964,12
1965,29
1966,18
1967,29
1968,18
1969,4
1970,12
1971,4
1972,12
1973,13
1974,3
1975,30
1976,12
1977,4
1978,12
1979,17
1980,28
1981,4
1982,13
1983,16
1984,4
1985,18
1986,29
1987,18
1988,29
1989,12
1990,4
1991,18
1992,17
1993,14
1994,8
1995,14
1996,28
1997,17
1998,12
1999,30
2000,12
2001,29
2002,18
2003,4
2004,18
2005,29
2006,18
2007,4
2008,13
2009,3
2010,26
2011,3
2012,26
2013,12
2014,16
2015,12
2016,16
2017,13
2018,14
2019,13
2020,16
2021,12
2022,26
2023,3
2024,12
2025,13
2026,16
2027,12
2028,26
2029,24
2030,26
2031,24
2032,1
2033,4
2034,17
2035,18
2036,29
2037,18
2038,4
2039,18
2040,17
2041,18
2042,4
2043,17
2044,12
2045,3
2046,13
2047,3
2048,13
2049,3
2050,30
2051,12
2052,29
2053,12
2054,16
2055,12
2056,16
2057,1
2058,24
2059,1
2060,17
2061,1
2062,24
2063,1
2064,10
2065,4
2066,13
2067,4
2068,28
2069,17
2070,18
2071,17
2072,1
2073,4
2074,13
2075,16
2076,4
2077,10
2078,1
2079,10
2080,4
2081,10
2082,16
2083,22
2084,16
2085,4
2086,18
2087,17
2088,28
2089,4
2090,13
2091,3
2092,26
2093,12
2094,3
2095,26
2096,3
2097,13
2098,16
2099,28
2100,14
2101,13
2102,12
2103,13
2104,14
2105,28
2106,4
2107,13
2108,16
2109,12
2110,4
2111,18
2112,17
2113,28
2114,14
2115,28
2116,4
2117,17
2118,12
2119,17
2120,1
2121,17
2122,28
2123,16
2124,28
2125,4
2126,24
2127,4
2128,13
2129,4
2130,17
2131,14
2132,8
2133,19
2134,7
2135,6
2136,8
2137,11
2138,15
2139,5
2140,27
2141,19
2142,7
2143,19
2144,27
2145,5
2146,23
2147,9
2148,15
2149,21
2150,23
2151,9
2152,23
2153,9
2154,15
2155,25
2156,2
2157,23
2158,6
2159,8
2160,11
2161,8
2162,5
2163,15
2164,21
2165,25
2166,7
2167,19
2168,2
2169,20
2170,6
2171,7
2172,19
2173,7
2174,19
2175,7
2176,25
2177,15
2178,5
2179,6
2180,20
2181,2
2182,19
2183,2
2184,9
2185,2
2186,20
2187,6
2188,27
2189,6
2190,20
2191,6
2192,7
2193,15
2194,21
2195,25
2196,2
2197,25
2198,7
2199,6
2200,5
2201,6
2202,23
2203,2
2204,25
2205,15
2206,11
2207,8
2208,14
2209,13
2210,12
2211,16
2212,22
2213,16
2214,28
2215,4
2216,18
2217,29
2218,12
2219,13
2220,14
2221,13
2222,14
2223,28
2224,17
2225,18
2226,29
2227,18
2228,17
2229,12
2230,3
2231,16
2232,22
2233,16
2234,28
2235,4
2236,10
2237,16
2238,13
2239,14
2240,8
2241,11
2242,15
2243,9
2244,25
2245,21
2246,15
2247,25
2248,2
2249,19
2250,2
2251,9
2252,23
2253,5
2254,8
2255,11
2256,6
2257,27
2258,6
2259,20
2260,6
2261,5
2262,27
2263,6
2264,20
2265,6
2266,20
2267,2
2268,20
2269,6
2270,27
2271,5
2272,27
2273,19
2274,7
2275,15
2276,23
2277,9
2278,15
2279,25
2280,15
2281,21
2282,23
2283,5
2284,15
2285,5
2286,6
2287,27
2288,5
2289,15
2290,11
2291,6
2292,7
2293,6
2294,8
2295,14
2296,28
2297,4
2298,1
2299,4
2300,12
2301,17
2302,14
2303,8
2304,19
2305,2
2306,25
2307,21
2308,23
2309,5
2310,27
2311,19
2312,2
2313,6
2314,11
2315,8
2316,5
2317,27
2318,5
2319,23
2320,15
2321,5
2322,15
2323,11
2324,6
2325,11
2326,8
2327,5
2328,8
2329,19
2330,27
2331,5
2332,15
2333,7
2334,19
2335,2
2336,25
2337,2
2338,20
2339,6
2340,27
2341,19
2342,2
2343,25
2344,21
2345,15
2346,25
2347,21
2348,25
2349,21
2350,15
2351,5
2352,27
2353,6
2354,11
2355,6
2356,7
2357,19
2358,2
2359,25
2360,15
2361,11
2362,6
2363,23
2364,9
2365,15
2366,23
2367,15
2368,7
2369,15
2370,23
2371,9
2372,25
2373,9
2374,23
2375,21
2376,25
2377,2
2378,9
2379,2
2380,23
2381,6
2382,5
2383,6
2384,2
2385,19
2386,8
2387,6
2388,23
2389,2
2390,23
2391,15
2392,9
2393,2
2394,20
2395,6
2396,11
2397,8
2398,19
2399,27
2400,19
2401,2
2402,25
2403,7
2404,19
2405,7
2406,6
2407,7
2408,25
2409,7
2410,19
2411,2
2412,6
2413,2
2414,19
2415,2
2416,19
2417,7
2418,19
2419,27
2420,5
2421,15
2422,23
2423,15
2424,7
2425,25
2426,7
2427,25
2428,15
2429,23
2430,8
2431,11
2432,8
2433,5
2434,8
2435,19
2436,2
2437,25
2438,7
2439,25
2440,7
2441,19
2442,2
2443,20
2444,2
2445,9
2446,2
2447,9
2448,25
2449,9
2450,2
2451,25
2452,7
2453,15
2454,9
2455,23
2456,21
2457,23
2458,8
2459,5
2460,6
2461,2
2462,6
2463,5
2464,23
2465,15
2466,23
2467,6
2468,8
2469,6
2470,7
2471,15
2472,5
2473,27
2474,5
2475,15
2476,21
2477,23
2478,6
2479,8
2480,11
2481,15
2482,7
2483,6
2484,7
2485,25
2486,7
2487,6
2488,27
2489,19
2490,2
2491,25
2492,9
2493,25
2494,2
2495,9
2496,15
2497,23
2498,6
2499,20
2500,6
2501,8
2502,19
2503,7
2504,6
2505,5
2506,8
2507,19
2508,7
2509,15
2510,23
2511,21
2512,23
2513,15
2514,23
2515,9
2516,25
2517,15
2518,11
2519,15
2520,11
2521,6
2522,27
2523,6
2524,5
2525,23
2526,6
2527,27
2528,5
2529,27
2530,5
2531,6
2532,20
2533,6
2534,2
2535,20
2536,6
2537,23
2538,9
2539,25
2540,15
2541,25
2542,2
2543,23
2544,2
2545,6
2546,11
2547,15
2548,23
2549,21
2550,25
2551,21
2552,23
2553,6
2554,8
2555,19
2556,27
2557,5
2558,27
2559,5
2560,27
2561,5
2562,8
2563,11
2564,8
2565,14
2566,28
2567,16
2568,1
2569,16
2570,13
2571,3
2572,26
2573,24
2574,4
2575,17
2576,1
2577,24
2578,1
2579,17
2580,1
2581,4
2582,13
2583,14
2584,28
2585,17
2586,12
2587,3
2588,12
2589,26
2590,3
2591,13
2592,14
2593,8
2594,23
2595,9
2596,15
2597,7
2598,19
2599,2
2600,9
2601,23
2602,8
2603,19
2604,27
2605,5
2606,23
2607,9
2608,23
2609,9
2610,2
2611,6
2612,7
2613,25
2614,2
2615,19
2616,27
2617,6
2618,7
2619,19
2620,27
2621,5
2622,15
2623,5
2624,8
2625,19
2626,7
2627,25
2628,9
2629,2
2630,6
2631,8
2632,5
2633,27
2634,19
2635,2
2636,19
2637,7
2638,19
2639,2
2640,23
2641,8
2642,11
2643,15
2644,11
2645,6
2646,5
2647,8
2648,6
2649,27
2650,19
2651,2
2652,6
2653,5
2654,6
2655,8
2656,19
2657,7
2658,25
2659,7
2660,19
2661,7
2662,15
2663,5
2664,15
2665,5
2666,27
2667,19
2668,7
2669,6
2670,7
2671,6
2672,5
2673,27
2674,19
2675,7
2676,25
2677,15
2678,7
2679,25
2680,7
2681,19
2682,8
2683,23
2684,9
2685,15
2686,21
2687,23
2688,21
2689,23
2690,15
2691,7
2692,19
2693,7
2694,25
2695,2
2696,6
2697,8
2698,14
2699,8
2700,11
2701,15
2702,7
2703,6
2704,2
2705,19
2706,2
2707,20
2708,6
2709,20
2710,6
2711,23
2712,21
2713,15
2714,25
2715,9
2716,25
2717,7
2718,19
2719,2
2720,9
2721,2
2722,20
2723,2
2724,25
2725,2
2726,9
2727,25
2728,21
2729,15
2730,25
2731,21
2732,25
2733,9
2734,25
2735,15
2736,5
2737,23
2738,15
2739,5
2740,8
2741,14
2742,17
2743,4
2744,12
2745,3
2746,26
2747,3
2748,26
2749,3
2750,12
2751,3
2752,12
2753,29
2754,18
2755,4
2756,1
2757,17
2758,4
2759,1
2760,17
2761,12
2762,13
2763,14
2764,17
2765,18
2766,4
2767,18
2768,4
2769,10
2770,16
2771,1
2772,16
2773,10
2774,4
2775,1
2776,10
2777,16
2778,13
2779,4
2780,28
2781,4
2782,24
2783,10
2784,4
2785,17
2786,28
2787,14
2788,28
2789,4
2790,1
2791,24
2792,10
2793,16
2794,10
2795,16
2796,22
2797,16
2798,12
2799,4
2800,28
2801,14
2802,28
2803,16
2804,12
2805,4
2806,17
2807,4
2808,16
2809,3
2810,16
2811,22
2812,16
2813,28
2814,16
2815,3
2816,13
2817,4
2818,28
2819,14
2820,28
2821,4
2822,17
2823,12
2824,30
2825,12
2826,13
2827,12
2828,30
2829,3
2830,16
2831,28
2832,16
2833,22
2834,16
2835,13
2836,16
2837,4
2838,17
2839,4
2840,1
2841,10
2842,4
2843,10
2844,24
2845,1
2846,17
2847,4
2848,12
2849,16
2850,3
2851,30
2852,12
2853,30
2854,3
2855,13
2856,3
2857,26
2858,24
2859,4
2860,18
2861,29
2862,12
2863,16
2864,22
2865,16
2866,12
2867,17
2868,28
2869,14
2870,8
2871,5
2872,27
2873,6
2874,2
2875,25
2876,21
2877,23
2878,6
2879,20
2880,6
2881,5
2882,15
2883,23
2884,2
2885,25
2886,15
2887,21
2888,23
2889,2
2890,9
2891,2
2892,19
2893,27
2894,5
2895,6
2896,5
2897,8
2898,11
2899,8
2900,23
2901,15
2902,21
2903,15
2904,23
2905,6
2906,5
2907,27
2908,19
2909,27
2910,6
2911,11
2912,8
2913,5
2914,15
2915,11
2916,8
2917,19
2918,8
2919,11
2920,8
2921,11
2922,8
2923,19
2924,8
2925,5
2926,23
2927,5
2928,23
2929,6
2930,23
2931,6
2932,20
2933,2
2934,25
2935,15
2936,5
2937,27
2938,5
2939,8
2940,5
2941,15
2942,11
2943,8
2944,5
2945,23
2946,9
2947,25
2948,21
2949,25
2950,15
2951,23
2952,6
2953,11
2954,8
2955,6
2956,2
2957,9
2958,25
2959,15
2960,5
2961,8
2962,23
2963,15
2964,9
2965,25
2966,2
2967,6
2968,7
2969,15
2970,23
2971,2
2972,25
2973,15
2974,11
2975,6
2976,7
2977,19
2978,8
2979,11
2980,6
2981,23
2982,8
2983,14
2984,17
2985,28
2986,14
2987,28
2988,4
2989,18
2990,4
2991,28
2992,4
2993,16
2994,4
2995,18
2996,29
2997,18
2998,17
2999,12
3000,13
3001,14
3002,28
3003,14
3004,13
3005,3
3006,30
3007,12
3008,29
3009,12
3010,3
3011,16
3012,4
3013,18
3014,4
3015,1
3016,10
3017,4
3018,18
3019,17
3020,4
3021,10
3022,24
3023,26
3024,24
3025,1
3026,16
3027,12
3028,17
3029,12
3030,16
3031,3
3032,26
3033,12
3034,30
3035,3
3036,12
3037,17
3038,12
3039,4
3040,13
3041,16
3042,3
3043,30
3044,12
3045,3
3046,16
3047,13
3048,16
3049,28
3050,17
3051,14
3052,13
3053,3
3054,13
3055,4
3056,18
3057,17
3058,28
3059,4
3060,1
3061,24
3062,26
3063,24
3064,10
3065,16
3066,28
3067,17
3068,12
3069,29
3070,12
3071,17
3072,28
3073,14
3074,17
3075,14
3076,17
3077,1
3078,10
3079,1
3080,24
3081,10
3082,24
3083,26
3084,24
3085,4
3086,24
3087,4
3088,16
3089,28
3090,16
3091,4
3092,10
3093,24
3094,4
3095,1
3096,10
3097,16
3098,3
3099,26
3100,3
3101,13
3102,14
3103,8
3104,19
3105,8
3106,23
3107,2
3108,20
3109,6
3110,8
3111,19
3112,8
3113,6
3114,27
3115,6
3116,5
3117,6
3118,11
3119,6
3120,7
3121,15
3122,21
3123,23
3124,9
3125,25
3126,2
3127,9
3128,2
3129,9
3130,2
3131,9
3132,23
3133,8
3134,11
3135,8
3136,14
3137,8
3138,19
3139,27
3140,5
3141,15
3142,21
3143,23
3144,15
3145,9
3146,2
3147,9
3148,15
3149,11
3150,6
3151,20
3152,6
3153,27
3154,19
3155,8
3156,23
3157,9
3158,25
3159,9
3160,2
3161,23
3162,9
3163,15
3164,5
3165,27
3166,6
3167,20
3168,2
3169,20
3170,6
3171,11
3172,6
3173,23
3174,5
3175,15
3176,11
3177,6
3178,2
3179,23
3180,9
3181,25
3182,2
3183,25
3184,9
3185,2
3186,19
3187,27
3188,5
3189,23
3190,21
3191,23
3192,6
3193,7
3194,25
3195,15
3196,5
3197,8
3198,6
3199,20
3200,6
3201,11
3202,8
3203,23
3204,2
3205,20
3206,2
3207,25
3208,2
3209,20
3210,6
3211,23
3212,15
3213,7
3214,6
3215,2
3216,23
3217,15
3218,23
3219,8
3220,14
3221,13
3222,16
3223,4
3224,1
3225,4
3226,12
3227,16
3228,10
3229,16
3230,3
3231,12
3232,3
3233,30
3234,3
3235,16
3236,12
3237,4
3238,28
3239,4
3240,17
3241,28
3242,16
3243,3
3244,12
3245,30
3246,3
3247,30
3248,12
3249,29
3250,12
3251,13
3252,16
3253,28
3254,17
3255,28
3256,17
3257,4
3258,28
3259,17
3260,12
3261,29
3262,12
3263,17
3264,28
3265,4
3266,1
3267,17
3268,4
3269,24
3270,10
3271,16
3272,13
3273,4
3274,12
3275,17
3276,14
3277,28
3278,16
3279,1
3280,24
3281,10
3282,16
3283,10
3284,4
3285,24
3286,1
3287,24
3288,4
3289,18
3290,29
3291,12
3292,30
3293,3
3294,16
3295,10
3296,16
3297,13
3298,14
3299,13
3300,14
3301,17
3302,4
3303,18
3304,17
3305,4
3306,28
3307,17
3308,4
3309,17
3310,14
3311,28
3312,14
3313,17
3314,12
3315,30
3316,12
3317,16
3318,28
3319,4
3320,17
3321,4
3322,18
3323,4
3324,12
3325,26
3326,24
3327,1
3328,17
3329,4
3330,24
3331,10
3332,4
3333,10
3334,4
3335,10
3336,16
3337,10
3338,24
3339,1
3340,24
3341,4
3342,17
3343,14
3344,17
3345,12
3346,13
3347,12
3348,26
3349,24
3350,1
3351,16
3352,3
3353,30
3354,12
3355,29
3356,12
3357,13
3358,4
3359,28
3360,16
3361,22
3362,16
3363,4
3364,18
3365,4
3366,12
3367,17
3368,18
3369,17
3370,4
3371,24
3372,4
3373,18
3374,29
3375,12
3376,17
3377,1
3378,10
3379,4
3380,16
3381,12
3382,4
3383,24
3384,4
3385,16
3386,1
3387,10
3388,16
3389,10
3390,24
3391,1
3392,17
3393,4
3394,17
3395,28
3396,17
3397,28
3398,16
3399,13
3400,14
3401,13
3402,4
3403,10
3404,16
3405,3
3406,26
3407,3
3408,16
3409,10
3410,4
3411,17
3412,28
3413,4
3414,24
3415,26
3416,3
3417,16
3418,13
3419,12
3420,30
3421,12
3422,29
3423,12
3424,30
3425,12
3426,17
3427,18
3428,17
3429,1
3430,4
3431,18
3432,17
3433,14
3434,17
3435,12
3436,4
3437,1
3438,4
3439,12
3440,16
3441,1
3442,16
3443,4
3444,16
3445,13
3446,12
3447,26
3448,12
3449,4
3450,10
3451,16
3452,3
3453,16
3454,4
3455,16
3456,13
3457,4
3458,16
3459,4
3460,16
3461,4
3462,13
3463,14
3464,13
3465,16
3466,10
3467,24
3468,10
3469,1
3470,17
3471,14
3472,28
3473,16
3474,13
3475,4
3476,10
3477,16
3478,4
3479,13
3480,16
3481,4
3482,16
3483,4
3484,12
3485,13
3486,3
3487,26
3488,3
3489,30
3490,3
3491,16
3492,13
3493,3
3494,12
3495,26
3496,24
3497,10
3498,4
3499,18
3500,29
3501,18
3502,29
3503,12
3504,13
3505,3
3506,13
3507,12
3508,3
3509,16
3510,13
3511,14
3512,17
3513,1
3514,17
3515,28
3516,17
3517,12
3518,13
3519,4
3520,12
3521,29
3522,12
3523,16
3524,13
3525,12
3526,4
3527,10
3528,16
3529,22
3530,16
3531,22
3532,16
3533,1
3534,17
3535,4
3536,18
3537,4
3538,28
3539,14
3540,28
3541,17
3542,18
3543,4
3544,17
3545,28
3546,4
3547,13
3548,16
3549,3
3550,16
3551,28
3552,4
3553,18
3554,4
3555,1
3556,16
3557,13
3558,14
3559,13
3560,12
3561,30
3562,12
3563,13
3564,12
3565,13
3566,3
3567,13
3568,12
3569,4
3570,13
3571,14
3572,13
3573,12
3574,16
3575,13
3576,3
3577,13
3578,4
3579,17
3580,1
3581,17
3582,12
3583,3
3584,30
3585,3
3586,12
3587,30
3588,3
3589,12
3590,30
3591,3
3592,30
3593,3
3594,12
3595,30
3596,3
3597,30
3598,12
3599,30
3600,12
3601,29
3602,12
3603,13
3604,14
3605,13
3606,3
3607,30
3608,12
3609,4
3610,13
3611,4
3612,13
3613,16
3614,12
3615,13
3616,12
3617,3
3618,12
3619,16
3620,13
3621,16
3622,3
3623,13
3624,4
3625,13
3626,16
3627,10
3628,4
3629,10
3630,24
3631,4
3632,1
3633,10
3634,1
3635,4
3636,24
3637,10
3638,16
3639,10
3640,16
3641,22
3642,16
3643,10
3644,4
3645,18
3646,17
3647,4
3648,13
3649,12
3650,29
3651,18
3652,29
3653,18
3654,4
3655,16
3656,3
3657,12
3658,26
3659,3
3660,30
3661,3
3662,30
3663,3
3664,12
3665,3
3666,13
3667,12
3668,3
3669,30
3670,12
3671,30
3672,12
3673,29
3674,12
3675,26
3676,24
3677,1
3678,17
3679,28
3680,17
3681,28
3682,4
3683,17
3684,18
3685,4
3686,17
3687,14
3688,13
3689,4
3690,24
3691,1
3692,4
3693,24
3694,1
3695,17
3696,14
3697,17
3698,18
3699,29
3700,18
3701,17
3702,4
3703,17
3704,1
3705,10
3706,24
3707,4
3708,1
3709,24
3710,1
3711,16
3712,13
3713,14
3714,13
3715,4
3716,28
3717,17
3718,4
3719,10
3720,1
3721,10
3722,16
3723,28
3724,17
3725,4
3726,18
3727,29
3728,18
3729,17
3730,18
3731,29
3732,18
3733,17
3734,14
3735,28
3736,4
3737,1
3738,16
3739,28
3740,17
3741,18
3742,4
3743,13
3744,14
3745,17
3746,4
3747,12
3748,17
3749,1
3750,10
3751,24
3752,10
3753,16
3754,12
3755,17
3756,12
3757,13
3758,3
3759,30
3760,3
3761,30
3762,3
3763,26
3764,12
3765,16
3766,3
3767,30
3768,3
3769,16
3770,22
3771,16
3772,1
3773,24
3774,1
3775,10
3776,16
3777,10
3778,1
3779,16
3780,4
3781,17
3782,18
3783,29
3784,18
3785,4
3786,17
3787,4
3788,17
3789,18
3790,4
3791,13
3792,3
3793,16
3794,4
3795,17
3796,4
3797,10
3798,16
3799,22
3800,16
3801,28
3802,17
3803,1
3804,17
3805,12
3806,4
3807,13
3808,3
3809,12
3810,29
3811,12
3812,13
3813,4
3814,1
3815,4
3816,28
3817,4
3818,12
3819,17
3820,1
3821,10
3822,24
3823,26
3824,12
3825,29
3826,12
3827,26
3828,24
3829,1
3830,16
3831,22
3832,16
3833,10
3834,16
3835,1
3836,10
3837,24
3838,4
3839,10
3840,16
3841,4
3842,28
3843,17
3844,18
3845,29
3846,18
3847,17
3848,28
3849,14
3850,8
3851,6
3852,7
3853,25
3854,7
3855,15
3856,9
3857,15
3858,5
3859,8
3860,19
3861,27
3862,19
3863,27
3864,5
3865,23
3866,6
3867,11
3868,6
3869,5
3870,8
3871,5
3872,27
3873,6
3874,5
3875,15
3876,25
3877,21
3878,15
3879,7
3880,15
3881,7
3882,25
3883,2
3884,9
3885,15
3886,7
3887,25
3888,21
3889,25
3890,9
3891,15
3892,23
3893,15
3894,23
3895,5
3896,23
3897,15
3898,5
3899,27
3900,5
3901,27
3902,19
3903,2
3904,9
3905,2
3906,6
3907,27
3908,5
3909,8
3910,19
3911,2
3912,20
3913,2
3914,20
3915,2
3916,25
3917,9
3918,2
3919,9
3920,15
3921,21
3922,15
3923,21
3924,23
3925,8
3926,14
3927,17
3928,4
3929,28
3930,17
3931,4
3932,10
3933,1
3934,16
3935,3
3936,16
3937,13
3938,14
3939,8
3940,11
3941,8
3942,5
3943,15
3944,5
3945,15
3946,11
3947,6
3948,5
3949,15
3950,23
3951,6
3952,11
3953,15
3954,25
3955,9
3956,25
3957,9
3958,2
3959,6
3960,11
3961,15
3962,25
3963,9
3964,2
3965,20
3966,6
3967,2
3968,19
3969,7
3970,15
3971,21
3972,23
3973,9
3974,25
3975,2
3976,19
3977,7
3978,15
3979,9
3980,15
3981,21
3982,15
3983,7
3984,19
3985,8
3986,6
3987,5
3988,23
3989,15
3990,9
3991,25
3992,2
3993,23
3994,9
3995,23
3996,9
3997,25
3998,15
3999,11
4000,6
4001,23
4002,6
4003,11
4004,6
4005,27
4006,19
4007,27
4008,5
4009,23
4010,2
4011,20
4012,2
4013,9
4014,23
4015,5
4016,23
4017,2
4018,25
4019,15
4020,23
4021,15
4022,23
4023,6
4024,27
4025,6
4026,20
4027,2
4028,9
4029,15
4030,25
4031,7
4032,25
4033,21
4034,15
4035,23
4036,21
4037,15
4038,7
4039,6
4040,5
4041,27
4042,19
4043,27
4044,6
4045,11
4046,15
4047,11
4048,8
4049,6
4050,8
4051,19
4052,7
4053,25
4054,2
4055,23
4056,6
4057,5
4058,27
4059,19
4060,27
4061,6
4062,27
4063,5
4064,27
4065,6
4066,27
4067,19
4068,7
4069,19
4070,8
4071,14
4072,8
4073,23
4074,6
4075,23
4076,15
4077,9
4078,25
4079,21
4080,25
4081,2
4082,19
4083,2
4084,19
4085,27
4086,6
4087,27
4088,19
4089,2
4090,23
4091,15
4092,23
4093,8
4094,11
4095,6
4096,23
4097,15
4098,11
4099,6
4100,11
4101,8
4102,5
4103,23
4104,9
4105,25
4106,9
4107,23
4108,5
4109,15
4110,7
4111,19
4112,27
4113,19
4114,7
4115,25
4116,2
4117,6
4118,2
4119,25
4120,21
4121,15
4122,21
4123,25
4124,2
4125,6
4126,27
4127,5
4128,15
4129,21
4130,15
4131,9
4132,23
4133,8
4134,19
4135,8
4136,23
4137,5
4138,27
4139,19
4140,7
4141,25
4142,9
4143,2
4144,23
4145,8
4146,5
4147,27
4148,6
4149,8
4150,5
4151,23
4152,8
4153,11
4154,15
4155,9
4156,23
4157,6
4158,23
4159,15
4160,9
4161,25
4162,2
4163,25
4164,9
4165,23
4166,21
4167,15
4168,21
4169,23
4170,21
4171,23
4172,21
4173,23
4174,2
4175,23
4176,15
4177,25
4178,21
4179,25
4180,7
4181,6
4182,5
4183,23
4184,21
4185,25
4186,15
4187,23
4188,21
4189,23
4190,6
4191,7
4192,19
4193,2
4194,9
4195,15
4196,25
4197,9
4198,15
4199,11
4200,6
4201,27
4202,5
4203,6
4204,27
4205,5
4206,6
4207,7
4208,15
4209,23
4210,5
4211,8
4212,19
4213,8
4214,19
4215,2
4216,20
4217,2
4218,23
4219,21
4220,23
4221,9
4222,2
4223,25
4224,21
4225,23
4226,21
4227,15
4228,9
4229,25
4230,21
4231,23
4232,21
4233,23
4234,5
4235,27
4236,6
4237,8
4238,23
4239,21
4240,25
4241,15
4242,23
4243,6
4244,27
4245,19
4246,8
4247,11
4248,8
4249,11
4250,8
4251,11
4252,6
4253,11
4254,8
4255,19
4256,27
4257,19
4258,7
4259,15
4260,25
4261,9
4262,15
4263,23
4264,2
4265,19
4266,27
4267,6
4268,7
4269,15
4270,23
4271,21
4272,15
4273,11
4274,6
4275,23
4276,15
4277,11
4278,6
4279,23
4280,5
4281,15
4282,11
4283,6
4284,5
4285,8
4286,5
4287,6
4288,23
4289,21
4290,25
4291,21
4292,23
4293,5
4294,27
4295,5
4296,15
4297,25
4298,15
4299,7
4300,15
4301,5
4302,23
4303,6
4304,11
4305,15
4306,21
4307,15
4308,9
4309,25
4310,9
4311,23
4312,8
4313,11
4314,15
4315,5
4316,8
4317,14
4318,13
4319,14
4320,13
4321,4
4322,16
4323,10
4324,4
4325,18
4326,4
4327,1
4328,4
4329,24
4330,4
4331,12
4332,26
4333,3
4334,13
4335,16
4336,28
4337,17
4338,4
4339,18
4340,17
4341,28
4342,4
4343,28
4344,4
4345,28
4346,14
4347,28
4348,16
4349,12
4350,16
4351,4
4352,24
4353,1
4354,16
4355,13
4356,12
4357,29
4358,18
4359,29
4360,12
4361,29
4362,12
4363,30
4364,3
4365,26
4366,24
4367,26
4368,24
4369,26
4370,24
4371,1
4372,24
4373,1
4374,10
4375,1
4376,4
4377,28
4378,17
4379,28
4380,14
4381,17
4382,28
4383,16
4384,3
4385,13
4386,14
4387,13
4388,16
4389,13
4390,16
4391,28
4392,16
4393,13
4394,12
4395,16
4396,13
4397,4
4398,10
4399,1
4400,4
4401,12
4402,4
4403,16
4404,4
4405,24
4406,10
4407,24
4408,10
4409,16
4410,4
4411,1
4412,24
4413,1
4414,24
4415,4
4416,17
4417,18
4418,29
4419,18
4420,17
4421,4
4422,18
4423,29
4424,18
4425,29
4426,12
4427,29
4428,12
4429,30
4430,12
4431,17
4432,18
4433,29
4434,12
4435,17
4436,1
4437,4
4438,16
4439,28
4440,17
4441,28
4442,4
4443,28
4444,4
4445,18
4446,29
4447,12
4448,3
4449,16
4450,10
4451,4
4452,12
4453,29
4454,18
4455,29
4456,18
4457,4
4458,13
4459,12
4460,30
4461,12
4462,13
4463,16
4464,1
4465,10
4466,4
4467,17
4468,18
4469,4
4470,18
4471,4
4472,16
4473,4
4474,12
4475,29
4476,18
4477,29
4478,18
4479,17
4480,12
4481,29
4482,12
4483,4
4484,12
4485,3
4486,26
4487,12
4488,16
4489,10
4490,16
4491,12
4492,13
4493,16
4494,3
4495,16
4496,22
4497,16
4498,1
4499,4
4500,16
4501,28
4502,16
4503,13
4504,3
4505,13
4506,16
4507,22
4508,16
4509,3
4510,26
4511,12
4512,16
4513,28
4514,14
4515,28
4516,14
4517,17
4518,12
4519,4
4520,28
4521,14
4522,8
4523,23
4524,2
4525,25
4526,7
4527,15
4528,7
4529,6
4530,8
4531,23
4532,9
4533,25
4534,7
4535,25
4536,7
4537,15
4538,7
4539,19
4540,2
4541,19
4542,2
4543,9
4544,15
4545,9
4546,15
4547,11
4548,15
4549,23
4550,21
4551,15
4552,25
4553,7
4554,19
4555,8
4556,19
4557,7
4558,25
4559,2
4560,25
4561,2
4562,23
4563,8
4564,6
4565,27
4566,6
4567,23
4568,8
4569,23
4570,2
4571,25
4572,7
4573,6
4574,8
4575,19
4576,7
4577,15
4578,7
4579,19
4580,2
4581,25
4582,7
4583,6
4584,8
4585,11
4586,6
4587,11
4588,6
4589,7
4590,25
4591,7
4592,6
4593,8
4594,14
4595,8
4596,5
4597,6
4598,5
4599,15
4600,21
4601,25
4602,15
4603,7
4604,19
4605,8
4606,11
4607,15
4608,23
4609,9
4610,25
4611,21
4612,25
4613,7
4614,6
4615,2
4616,23
4617,5
4618,15
4619,11
4620,15
4621,23
4622,21
4623,25
4624,2
4625,9
4626,25
4627,7
4628,19
4629,7
4630,15
4631,23
4632,2
4633,19
4634,8
4635,23
4636,2
4637,25
4638,15
4639,7
4640,6
4641,7
4642,19
4643,2
4644,20
4645,6
4646,27
4647,19
4648,2
4649,19
4650,8
4651,11
4652,15
4653,25
4654,7
4655,15
4656,9
4657,2
4658,25
4659,2
4660,20
4661,6
4662,27
4663,5
4664,6
4665,11
4666,8
4667,23
4668,15
4669,23
4670,8
4671,5
4672,8
4673,6
4674,20
4675,6
4676,11
4677,15
4678,21
4679,23
4680,5
4681,6
4682,27
4683,5
4684,8
4685,5
4686,6
4687,7
4688,6
4689,11
4690,6
4691,8
4692,19
4693,7
4694,6
4695,11
4696,15
4697,11
4698,6
4699,5
4700,6
4701,27
4702,6
4703,23
4704,5
4705,27
4706,5
4707,23
4708,2
4709,25
4710,9
4711,23
4712,2
4713,19
4714,2
4715,6
4716,2
4717,6
4718,27
4719,5
4720,23
4721,5
4722,27
4723,5
4724,15
4725,23
4726,2
4727,25
4728,15
4729,9
4730,25
4731,2
4732,9
4733,23
4734,5
4735,23
4736,2
4737,25
4738,7
4739,15
4740,21
4741,23
4742,9
4743,15
4744,23
4745,21
4746,23
4747,5
4748,27
4749,5
4750,15
4751,21
4752,15
4753,23
4754,2
4755,25
4756,21
4757,23
4758,9
4759,2
4760,9
4761,15
4762,21
4763,23
4764,15
4765,11
4766,6
4767,8
4768,14
4769,28
4770,14
4771,17
4772,18
4773,17
4774,4
4775,24
4776,26
4777,12
4778,16
4779,22
4780,16
4781,22
4782,16
4783,28
4784,4
4785,13
4786,3
4787,30
4788,12
4789,16
4790,22
4791,16
4792,22
4793,16
4794,3
4795,16
4796,1
4797,24
4798,4
4799,17
4800,18
4801,17
4802,14
4803,8
4804,14
4805,8
4806,5
4807,27
4808,6
4809,2
4810,25
4811,2
4812,23
4813,8
4814,19
4815,7
4816,6
4817,11
4818,8
4819,5
4820,23
4821,15
4822,9
4823,2
4824,25
4825,21
4826,25
4827,7
4828,25
4829,21
4830,23
4831,15
4832,23
4833,9
4834,25
4835,21
4836,15
4837,25
4838,15
4839,11
4840,15
4841,21
4842,25
4843,9
4844,2
4845,25
4846,2
4847,6
4848,7
4849,19
4850,27
4851,19
4852,2
4853,20
4854,6
4855,2
4856,6
4857,5
4858,27
4859,5
4860,15
4861,9
4862,15
4863,23
4864,5
4865,23
4866,15
4867,23
4868,9
4869,23
4870,9
4871,25
4872,9
4873,23
4874,5
4875,8
4876,5
4877,15
4878,5
4879,15
4880,11
4881,8
4882,23
4883,15
4884,25
4885,21
4886,15
4887,23
4888,15
4889,21
4890,23
4891,6
4892,7
4893,15
4894,21
4895,15
4896,21
4897,15
4898,9
4899,25
4900,9
4901,15
4902,23
4903,5
4904,15
4905,11
4906,6
4907,5
4908,8
4909,14
4910,17
4911,28
4912,16
4913,4
4914,12
4915,3
4916,12
4917,4
4918,16
4919,22
4920,16
4921,22
4922,16
4923,12
4924,17
4925,14
4926,8
4927,5
4928,6
4929,20
4930,6
4931,27
4932,6
4933,2
4934,19
4935,2
4936,9
4937,15
4938,25
4939,2
4940,6
4941,23
4942,21
4943,23
4944,21
4945,23
4946,8
4947,6
4948,20
4949,6
4950,2
4951,25
4952,15
4953,23
4954,21
4955,23
4956,8
4957,19
4958,8
4959,5
4960,15
4961,21
4962,25
4963,7
4964,15
4965,25
4966,9
4967,15
4968,25
4969,2
4970,23
4971,21
4972,25
4973,2
4974,23
4975,15
4976,5
4977,6
4978,2
4979,9
4980,2
4981,25
4982,7
4983,19
4984,8
4985,19
4986,7
4987,6
4988,7
4989,19
4990,8
4991,6
4992,2
4993,23
4994,15
4995,25
4996,2
4997,25
4998,2
4999,19
5000,2
5001,9
5002,23
5003,21
5004,23
5005,8
5006,11
5007,8
5008,19
5009,27
5010,6
5011,5
5012,15
5013,5
5014,27
5015,6
5016,8
5017,14
5018,13
5019,12
5020,16
5021,13
5022,14
5023,28
5024,4
5025,1
5026,17
5027,14
5028,17
5029,12
5030,13
5031,14
5032,13
5033,14
5034,13
5035,3
5036,26
5037,12
5038,17
5039,12
5040,29
5041,18
5042,17
5043,12
5044,16
5045,1
5046,16
5047,13
5048,12
5049,16
5050,10
5051,1
5052,24
5053,10
5054,16
5055,4
5056,13
5057,12
5058,26
5059,12
5060,4
5061,28
5062,4
5063,18
5064,4
5065,12
5066,17
5067,28
5068,16
5069,28
5070,16
5071,13
5072,14
5073,8
5074,23
5075,6
5076,2
5077,23
5078,2
5079,20
5080,6
5081,20
5082,6
5083,27
5084,19
5085,8
5086,14
5087,28
5088,17
5089,12
5090,4
5091,12
5092,17
5093,1
5094,4
5095,12
5096,13
5097,16
5098,3
5099,12
5100,29
5101,12
5102,13
5103,4
5104,16
5105,13
5106,14
5107,28
5108,16
5109,3
5110,26
5111,3
5112,12
5113,30
5114,12
5115,13
5116,16
5117,10
5118,24
5119,1
5120,16
5121,12
5122,17
5123,18
5124,29
5125,18
5126,4
5127,12
5128,30
5129,3
5130,30
5131,3
5132,12
5133,26
5134,12
5135,4
5136,12
5137,26
5138,3
5139,12
5140,3
5141,26
5142,24
5143,26
5144,12
5145,16
5146,10
5147,1
5148,10
5149,1
5150,4
5151,17
5152,12
5153,4
5154,13
5155,16
5156,12
5157,16
5158,22
5159,16
5160,28
5161,17
5162,4
5163,24
5164,4
5165,18
5166,4
5167,13
5168,16
5169,10
5170,4
5171,18
5172,29
5173,18
5174,17
5175,1
5176,10
5177,1
5178,10
5179,24
5180,10
5181,16
5182,12
5183,30
5184,12
5185,13
5186,14
5187,28
5188,4
5189,16
5190,12
5191,13
5192,14
5193,13
5194,16
5195,1
5196,4
5197,28
5198,16
5199,4
5200,13
5201,14
5202,13
5203,16
5204,22
5205,16
5206,22
5207,16
5208,3
5209,26
5210,24
5211,1
5212,4
5213,13
5214,3
5215,26
5216,24
5217,4
5218,10
5219,4
5220,1
5221,10
5222,16
5223,1
5224,17
5225,14
5226,8
5227,6
5228,23
5229,6
5230,11
5231,8
5232,5
5233,15
5234,11
5235,8
5236,5
5237,23
5238,5
5239,23
5240,5
5241,6
5242,5
5243,23
5244,6
5245,7
5246,6
5247,2
5248,6
5249,20
5250,2
5251,25
5252,7
5253,25
5254,7
5255,6
5256,11
5257,6
5258,23
5259,8
5260,19
5261,7
5262,6
5263,2
5264,19
5265,27
5266,5
5267,27
5268,19
5269,8
5270,23
5271,9
5272,2
5273,9
5274,25
5275,7
5276,15
5277,25
5278,2
5279,23
5280,6
5281,8
5282,11
5283,8
5284,5
5285,6
5286,7
5287,25
5288,7
5289,15
5290,9
5291,25
5292,7
5293,19
5294,7
5295,25
5296,9
5297,25
5298,9
5299,23
5300,2
5301,9
5302,25
5303,9
5304,25
5305,9
5306,2
5307,23
5308,15
5309,21
5310,15
5311,21
5312,25
5313,21
5314,23
5315,8
5316,14
5317,13
5318,4
5319,13
5320,16
5321,12
5322,30
5323,3
5324,16
5325,1
5326,24
5327,26
5328,12
5329,13
5330,16
5331,22
5332,16
5333,12
5334,13
5335,4
5336,28
5337,16
5338,3
5339,30
5340,3
5341,12
5342,17
5343,12
5344,30
5345,3
5346,30
5347,3
5348,26
5349,12
5350,26
5351,24
5352,26
5353,3
5354,13
5355,3
5356,26
5357,3
5358,30
5359,3
5360,13
5361,16
5362,4
5363,12
5364,4
5365,17
5366,28
5367,4
5368,17
5369,18
5370,17
5371,4
5372,28
5373,14
5374,13
5375,16
5376,22
5377,16
5378,3
5379,13
5380,4
5381,16
5382,22
5383,16
5384,12
5385,17
5386,1
5387,10
5388,24
5389,10
5390,1
5391,10
5392,24
5393,4
5394,12
5395,16
5396,12
5397,16
5398,3
5399,13
5400,16
5401,28
5402,16
5403,28
5404,17
5405,14
5406,28
5407,16
5408,12
5409,4
5410,10
5411,16
5412,4
5413,17
5414,18
5415,4
5416,17
5417,1
5418,16
5419,1
5420,4
5421,12
5422,30
5423,12
5424,16
5425,12
5426,4
5427,24
5428,10
5429,4
5430,12
5431,29
5432,12
5433,17
5434,18
5435,17
5436,18
5437,4
5438,13
5439,16
5440,22
5441,16
5442,12
5443,3
5444,16
5445,3
5446,16
5447,1
5448,24
5449,4
5450,12
5451,26
5452,12
5453,26
5454,12
5455,4
5456,13
5457,12
5458,16
5459,22
5460,16
5461,22
5462,16
5463,12
5464,29
5465,12
5466,16
5467,10
5468,24
5469,26
5470,24
5471,10
5472,1
5473,4
5474,10
5475,4
5476,10
5477,4
5478,10
5479,24
5480,26
5481,24
5482,26
5483,12
5484,26
5485,24
5486,1
5487,16
5488,4
5489,16
5490,3
5491,16
5492,13
5493,4
5494,28
5495,4
5496,12
5497,16
5498,10
5499,1
5500,17
5501,12
5502,30
5503,3
5504,16
5505,28
5506,4
5507,18
5508,29
5509,18
5510,4
5511,16
5512,22
5513,16
5514,28
5515,4
5516,13
5517,14
5518,8
5519,14
5520,28
5521,4
5522,17
5523,14
5524,8
5525,14
5526,17
5527,1
5528,24
5529,26
5530,24
5531,4
5532,1
5533,4
5534,10
5535,16
5536,3
5537,26
5538,3
5539,30
5540,3
5541,16
5542,3
5543,26
5544,3
5545,26
5546,12
5547,26
5548,12
5549,30
5550,3
5551,13
5552,16
5553,3
5554,30
5555,3
5556,30
5557,12
5558,30
5559,3
5560,13
5561,14
5562,8
5563,19
5564,7
5565,19
5566,8
5567,19
5568,8
5569,6
5570,8
5571,11
5572,8
5573,11
5574,6
5575,23
5576,6
5577,5
5578,15
5579,5
5580,23
5581,9
5582,2
5583,23
5584,9
5585,25
5586,7
5587,15
5588,21
5589,25
5590,9
5591,25
5592,2
5593,19
5594,8
5595,6
5596,5
5597,6
5598,20
5599,6
5600,20
5601,6
5602,11
5603,8
5604,19
5605,7
5606,25
5607,2
5608,19
5609,2
5610,19
5611,27
5612,5
5613,8
5614,23
5615,8
5616,19
5617,7
5618,6
5619,27
5620,6
5621,23
5622,15
5623,7
5624,15
5625,11
5626,6
5627,27
5628,6
5629,8
5630,11
5631,8
5632,23
5633,5
5634,23
5635,6
5636,27
5637,5
5638,8
5639,5
5640,8
5641,19
5642,2
5643,20
5644,2
5645,25
5646,15
5647,9
5648,23
5649,5
5650,15
5651,11
5652,15
5653,7
5654,15
5655,9
5656,2
5657,9
5658,23
5659,21
5660,23
5661,9
5662,23
5663,15
5664,7
5665,15
5666,21
5667,23
5668,21
5669,23
5670,21
5671,25
5672,15
5673,23
5674,2
5675,20
5676,2
5677,9
5678,2
5679,23
5680,15
5681,5
5682,6
5683,7
5684,15
5685,9
5686,23
5687,5
5688,6
5689,5
5690,15
5691,5
5692,6
5693,2
5694,25
5695,21
5696,15
5697,7
5698,19
5699,8
5700,23
5701,8
5702,5
5703,6
5704,23
5705,2
5706,20
5707,6
5708,27
5709,6
5710,2
5711,25
5712,7
5713,6
5714,20
5715,6
5716,20
5717,6
5718,27
5719,19
5720,27
5721,19
5722,2
5723,6
5724,23
5725,5
5726,27
5727,6
5728,8
5729,14
5730,28
5731,16
5732,12
5733,29
5734,12
5735,3
5736,12
5737,30
5738,12
5739,16
5740,3
5741,13
5742,4
5743,18
5744,29
5745,12
5746,3
5747,12
5748,16
5749,1
5750,17
5751,18
5752,4
5753,24
5754,1
5755,16
5756,28
5757,14
5758,28
5759,17
5760,28
5761,16
5762,3
5763,30
5764,3
5765,16
5766,12
5767,4
5768,16
5769,13
5770,4
5771,1
5772,24
5773,10
5774,1
5775,10
5776,16
5777,10
5778,1
5779,17
5780,28
5781,16
5782,10
5783,24
5784,26
5785,12
5786,29
5787,12
5788,3
5789,12
5790,29
5791,18
5792,29
5793,12
5794,30
5795,12
5796,3
5797,12
5798,30
5799,3
5800,26
5801,24
5802,26
5803,12
5804,4
5805,28
5806,17
5807,18
5808,17
5809,1
5810,4
5811,10
5812,4
5813,13
5814,14
5815,13
5816,12
5817,16
5818,1
5819,4
5820,13
5821,12
5822,29
5823,12
5824,26
5825,24
5826,26
5827,3
5828,12
5829,3
5830,13
5831,16
5832,10
5833,4
5834,18
5835,4
5836,18
5837,17
5838,18
5839,4
5840,16
5841,4
5842,28
5843,17
5844,18
5845,17
5846,18
5847,17
5848,28
5849,4
5850,28
5851,17
5852,18
5853,4
5854,17
5855,28
5856,4
5857,17
5858,1
5859,17
5860,28
5861,17
5862,14
5863,13
5864,14
5865,28
5866,16
5867,28
5868,4
5869,28
5870,14
5871,8
5872,23
5873,15
5874,25
5875,21
5876,15
5877,11
5878,15
5879,9
5880,23
5881,9
5882,25
5883,15
5884,23
5885,6
5886,7
5887,25
5888,15
5889,7
5890,6
5891,23
5892,8
5893,11
5894,6
5895,20
5896,6
5897,23
5898,15
5899,9
5900,25
5901,15
5902,25
5903,9
5904,15
5905,25
5906,2
5907,23
5908,8
5909,5
5910,8
5911,11
5912,6
5913,23
5914,5
5915,23
5916,5
5917,15
5918,11
5919,6
5920,20
5921,6
5922,2
5923,9
5924,23
5925,2
5926,6
5927,20
5928,6
5929,5
5930,27
5931,19
5932,2
5933,19
5934,8
5935,23
5936,8
5937,14
5938,17
5939,18
5940,29
5941,12
5942,4
5943,12
5944,29
5945,12
5946,3
5947,12
5948,13
5949,3
5950,30
5951,3
5952,30
5953,12
5954,26
5955,24
5956,4
5957,13
5958,3
5959,30
5960,12
5961,30
5962,12
5963,3
5964,13
5965,3
5966,30
5967,3
5968,30
5969,3
5970,12
5971,13
5972,4
5973,28
5974,16
5975,10
5976,1
5977,16
5978,4
5979,16
5980,1
5981,16
5982,12
5983,13
5984,3
5985,12
5986,16
5987,13
5988,14
5989,13
5990,16
5991,13
5992,3
5993,16
5994,1
5995,4
5996,28
5997,14
5998,17
5999,1
6000,24
6001,26
6002,3
6003,16
6004,10
6005,4
6006,13
6007,16
6008,28
6009,14
6010,8
6011,23
6012,2
6013,6
6014,23
6015,5
6016,15
6017,23
6018,6
6019,7
6020,19
6021,2
6022,20
6023,2
6024,6
6025,23
6026,5
6027,8
6028,5
6029,6
6030,20
6031,6
6032,7
6033,25
6034,15
6035,5
6036,6
6037,23
6038,6
6039,8
6040,11
6041,6
6042,7
6043,19
6044,2
6045,20
6046,6
6047,11
6048,15
6049,7
6050,19
6051,27
6052,6
6053,5
6054,15
6055,21
6056,15
6057,23
6058,9
6059,25
6060,21
6061,15
6062,7
6063,15
6064,25
6065,2
6066,19
6067,8
6068,14
6069,17
6070,14
6071,17
6072,14
6073,28
6074,14
6075,13
6076,3
6077,13
6078,12
6079,17
6080,14
6081,13
6082,3
6083,13
6084,12
6085,3
6086,26
6087,3
6088,16
6089,28
6090,17
6091,4
6092,1
6093,16
6094,22
6095,16
6096,4
6097,24
6098,10
6099,1
6100,10
6101,16
6102,22
6103,16
6104,13
6105,4
6106,24
6107,10
6108,4
6109,17
6110,12
6111,29
6112,12
6113,29
6114,12
6115,17
6116,1
6117,4
6118,12
6119,26
6120,24
6121,10
6122,16
6123,1
6124,17
6125,12
6126,30
6127,3
6128,12
6129,26
6130,3
6131,30
6132,12
6133,16
6134,22
6135,16
6136,10
6137,24
6138,10
6139,1
6140,16
6141,4
6142,13
6143,16
6144,22
6145,16
6146,13
6147,4
6148,17
6149,14
6150,13
6151,14
6152,13
6153,14
6154,13
6155,16
6156,1
6157,4
6158,16
6159,12
6160,26
6161,24
6162,10
6163,16
6164,13
6165,4
6166,17
6167,28
6168,4
6169,28
6170,16
6171,1
6172,16
6173,1
6174,17
6175,14
6176,28
6177,14
6178,17
6179,28
6180,14
6181,13
6182,16
6183,3
6184,30
6185,3
6186,30
6187,3
6188,16
6189,3
6190,26
6191,24
6192,1
6193,10
6194,4
6195,1
6196,17
6197,14
6198,17
6199,28
6200,17
6201,4
6202,12
6203,17
6204,28
6205,4
6206,28
6207,14
6208,17
6209,1
6210,24
6211,4
6212,16
6213,1
6214,16
6215,10
6216,1
6217,16
6218,3
6219,16
6220,4
6221,13
6222,16
6223,3
6224,13
6225,12
6226,26
6227,24
6228,1
6229,16
6230,3
6231,26
6232,12
6233,26
6234,24
6235,26
6236,3
6237,13
6238,16
6239,3
6240,13
6241,3
6242,26
6243,3
6244,30
6245,12
6246,3
6247,30
6248,12
6249,17
6250,1
6251,17
6252,12
6253,16
6254,1
6255,17
6256,12
6257,13
6258,16
6259,4
6260,12
6261,29
6262,12
6263,13
6264,16
6265,4
6266,13
6267,4
6268,24
6269,4
6270,17
6271,12
6272,26
6273,3
6274,26
6275,12
6276,17
6277,14
6278,28
6279,16
6280,28
6281,16
6282,4
6283,1
6284,24
6285,10
6286,24
6287,10
6288,24
6289,4
6290,12
6291,29
6292,12
6293,3
6294,30
6295,12
6296,26
6297,24
6298,1
6299,24
6300,1
6301,4
6302,24
6303,4
6304,18
6305,4
6306,28
6307,14
6308,13
6309,4
6310,28
6311,16
6312,4
6313,13
6314,12
6315,16
6316,1
6317,4
6318,28
6319,14
6320,28
6321,14
6322,13
6323,12
6324,13
6325,3
6326,26
6327,12
6328,4
6329,13
6330,16
6331,28
6332,16
6333,22
6334,16
6335,12
6336,29
6337,12
6338,30
6339,3
6340,30
6341,12
6342,26
6343,12
6344,13
6345,16
6346,1
6347,16
6348,13
6349,3
6350,26
6351,24
6352,26
6353,12
6354,16
6355,1
6356,17
6357,18
6358,17
6359,14
6360,8
6361,6
6362,7
6363,15
6364,23
6365,9
6366,23
6367,9
6368,23
6369,9
6370,15
6371,7
6372,15
6373,7
6374,6
6375,5
6376,15
6377,21
6378,15
6379,9
6380,25
6381,7
6382,19
6383,27
6384,6
6385,2
6386,20
6387,2
6388,19
6389,2
6390,6
6391,7
6392,15
6393,21
6394,23
6395,8
6396,5
6397,8
6398,23
6399,21
6400,15
6401,5
6402,6
6403,20
6404,2
6405,23
6406,2
6407,6
6408,11
6409,8
6410,19
6411,27
6412,5
6413,27
6414,5
6415,8
6416,6
6417,2
6418,6
6419,23
6420,6
6421,8
6422,23
6423,8
6424,11
6425,8
6426,6
6427,20
6428,6
6429,11
6430,15
6431,5
6432,15
6433,23
6434,21
6435,15
6436,21
6437,15
6438,5
6439,27
6440,19
6441,2
6442,20
6443,6
6444,11
6445,8
6446,11
6447,15
6448,7
6449,15
6450,7
6451,19
6452,2
6453,9
6454,25
6455,9
6456,2
6457,20
6458,6
6459,20
6460,6
6461,8
6462,23
6463,8
6464,14
6465,28
6466,14
6467,13
6468,14
6469,17
6470,4
6471,24
6472,4
6473,12
6474,4
6475,17
6476,18
6477,4
6478,1
6479,17
6480,14
6481,13
6482,14
6483,28
6484,14
6485,28
6486,16
6487,22
6488,16
6489,10
6490,1
6491,17
6492,12
6493,29
6494,12
6495,26
6496,3
6497,12
6498,29
6499,18
6500,29
6501,18
6502,29
6503,12
6504,4
6505,13
6506,3
6507,13
6508,3
6509,12
6510,13
6511,3
6512,13
6513,4
6514,16
6515,10
6516,16
6517,4
6518,10
6519,1
6520,4
6521,10
6522,1
6523,16
6524,28
6525,4
6526,17
6527,14
6528,13
6529,12
6530,13
6531,3
6532,16
6533,12
6534,16
6535,28
6536,14
6537,28
6538,14
6539,13
6540,4
6541,10
6542,16
6543,4
6544,28
6545,4
6546,16
6547,4
6548,28
6549,17
6550,14
6551,8
6552,5
6553,6
6554,8
6555,19
6556,2
6557,23
6558,21
6559,25
6560,21
6561,25
6562,9
6563,23
6564,9
6565,15
6566,23
6567,8
6568,6
6569,7
6570,15
6571,23
6572,2
6573,19
6574,27
6575,19
6576,2
6577,20
6578,6
6579,20
6580,6
6581,8
6582,6
6583,11
6584,15
6585,23
6586,15
6587,5
6588,23
6589,9
6590,25
6591,9
6592,23
6593,21
6594,15
6595,7
6596,6
6597,27
6598,19
6599,8
6600,6
6601,7
6602,25
6603,9
6604,25
6605,21
6606,23
6607,6
6608,11
6609,6
6610,23
6611,2
6612,19
6613,27
6614,19
6615,7
6616,19
6617,27
6618,6
6619,20
6620,6
6621,8
6622,5
6623,23
6624,5
6625,8
6626,23
6627,2
6628,23
6629,5
6630,8
6631,5
6632,15
6633,25
6634,15
6635,21
6636,15
6637,5
6638,8
6639,6
6640,20
6641,6
6642,23
6643,2
6644,25
6645,7
6646,6
6647,27
6648,5
6649,23
6650,21
6651,15
6652,21
6653,15
6654,5
6655,27
6656,19
6657,27
6658,5
6659,27
6660,5
6661,8
6662,5
6663,8
6664,19
6665,8
6666,11
6667,15
6668,7
6669,19
6670,27
6671,19
6672,7
6673,25
6674,7
6675,6
6676,20
6677,2
6678,23
6679,8
6680,6
6681,5
6682,15
6683,21
6684,23
6685,6
6686,5
6687,8
6688,14
6689,17
6690,28
6691,17
6692,18
6693,29
6694,12
6695,29
6696,18
6697,17
6698,14
6699,28
6700,4
6701,10
6702,1
6703,24
6704,4
6705,1
6706,4
6707,24
6708,1
6709,4
6710,12
6711,16
6712,22
6713,16
6714,3
6715,12
6716,17
6717,1
6718,24
6719,4
6720,1
6721,4
6722,13
6723,14
6724,13
6725,12
6726,17
6727,4
6728,1
6729,16
6730,3
6731,16
6732,12
6733,13
6734,12
6735,17
6736,12
6737,3
6738,13
6739,3
6740,30
6741,3
6742,30
6743,3
6744,13
6745,4
6746,28
6747,4
6748,18
6749,29
6750,18
6751,17
6752,12
6753,26
6754,24
6755,26
6756,12
6757,3
6758,30
6759,3
6760,30
6761,12
6762,16
6763,1
6764,17
6765,18
6766,17
6767,28
6768,4
6769,18
6770,29
6771,12
6772,4
6773,18
6774,29
6775,18
6776,17
6777,14
6778,17
6779,28
6780,4
6781,24
6782,4
6783,12
6784,4
6785,12
6786,4
6787,18
6788,4
6789,10
6790,24
6791,10
6792,1
6793,4
6794,13
6795,4
6796,24
6797,26
6798,24
6799,10
6800,4
6801,24
6802,10
6803,1
6804,16
6805,22
6806,16
6807,22
6808,16
6809,3
6810,30
6811,12
6812,29
6813,18
6814,17
6815,18
6816,17
6817,28
6818,17
6819,12
6820,29
6821,18
6822,29
6823,12
6824,16
6825,1
6826,24
6827,1
6828,24
6829,26
6830,3
6831,30
6832,12
6833,4
6834,28
6835,16
6836,22
6837,16
6838,4
6839,16
6840,13
6841,3
6842,26
6843,3
6844,30
6845,3
6846,16
6847,22
6848,16
6849,1
6850,10
6851,16
6852,4
6853,17
6854,1
6855,17
6856,28
6857,4
6858,12
6859,26
6860,12
6861,17
6862,14
6863,8
6864,11
6865,15
6866,9
6867,25
6868,2
6869,20
6870,2
6871,23
6872,6
6873,27
6874,19
6875,2
6876,9
6877,25
6878,9
6879,15
6880,7
6881,15
6882,9
6883,2
6884,20
6885,2
6886,6
6887,7
6888,15
6889,7
6890,15
6891,5
6892,27
6893,5
6894,15
6895,23
6896,5
6897,15
6898,23
6899,2
6900,19
6901,27
6902,19
6903,7
6904,25
6905,9
6906,25
6907,15
6908,23
6909,2
6910,25
6911,7
6912,6
6913,2
6914,20
6915,6
6916,2
6917,23
6918,2
6919,9
6920,2
6921,23
6922,2
6923,23
6924,9
6925,15
6926,7
6927,6
6928,20
6929,2
6930,6
6931,5
6932,27
6933,6
6934,27
6935,19
6936,27
6937,5
6938,8
6939,6
6940,8
6941,5
6942,27
6943,19
6944,2
6945,23
6946,15
6947,7
6948,15
6949,11
6950,8
6951,14
6952,17
6953,1
6954,16
6955,1
6956,24
6957,4
6958,1
6959,24
6960,26
6961,12
6962,26
6963,3
6964,12
6965,3
6966,30
6967,3
6968,26
6969,12
6970,3
6971,30
6972,3
6973,13
6974,16
6975,12
6976,30
6977,12
6978,17
6979,18
6980,29
6981,12
6982,13
6983,4
6984,12
6985,4
6986,12
6987,13
6988,16
6989,3
6990,26
6991,12
6992,29
6993,12
6994,17
6995,18
6996,4
6997,13
6998,3
6999,12
7000,30
7001,3
7002,26
7003,3
7004,12
7005,3
7006,13
7007,3
7008,12
7009,3
7010,26
7011,24
7012,26
7013,3
7014,26
7015,12
7016,26
7017,24
7018,10
7019,16
7020,28
7021,17
7022,12
7023,30
7024,12
7025,29
7026,12
7027,29
7028,18
7029,17
7030,14
7031,13
7032,4
7033,10
7034,24
7035,26
7036,24
7037,10
7038,4
7039,13
7040,12
7041,3
7042,30
7043,3
7044,13
7045,3
7046,30
7047,3
7048,26
7049,3
7050,12
7051,4
7052,16
7053,10
7054,16
7055,10
7056,16
7057,28
7058,14
7059,17
7060,4
7061,16
7062,13
7063,3
7064,13
7065,14
7066,28
7067,4
7068,16
7069,28
7070,14
7071,8
7072,5
7073,6
7074,8
7075,5
7076,27
7077,19
7078,7
7079,25
7080,2
7081,19
7082,7
7083,6
7084,5
7085,8
7086,5
7087,8
7088,5
7089,15
7090,11
7091,8
7092,11
7093,15
7094,9
7095,2
7096,6
7097,27
7098,6
7099,23
7100,15
7101,11
7102,8
7103,19
7104,2
7105,23
7106,9
7107,2
7108,20
7109,2
7110,9
7111,25
7112,2
7113,25
7114,21
7115,25
7116,21
7117,25
7118,21
7119,23
7120,8
7121,14
7122,17
7123,18
7124,17
7125,14
7126,17
7127,4
7128,18
7129,17
7130,14
7131,28
7132,14
7133,8
7134,19
7135,8
7136,5
7137,23
7138,5
7139,23
7140,2
7141,6
7142,23
7143,6
7144,20
7145,6
7146,5
7147,27
7148,6
7149,8
7150,11
7151,15
7152,7
7153,6
7154,5
7155,15
7156,7
7157,6
7158,11
7159,15
7160,25
7161,21
7162,15
7163,7
7164,19
7165,27
7166,5
7167,6
7168,8
7169,23
7170,5
7171,8
7172,6
7173,8
7174,14
7175,28
7176,17
7177,18
7178,29
7179,12
7180,4
7181,18
7182,4
7183,18
7184,29
7185,12
7186,30
7187,3
7188,16
7189,12
7190,30
7191,12
7192,29
7193,18
7194,29
7195,12
7196,13
7197,16
7198,4
7199,10
7200,1
7201,16
7202,22
7203,16
7204,3
7205,12
7206,29
7207,12
7208,13
7209,3
7210,26
7211,24
7212,4
7213,12
7214,26
7215,3
7216,30
7217,12
7218,26
7219,12
7220,29
7221,12
7222,26
7223,12
7224,30
7225,12
7226,17
7227,4
7228,16
7229,28
7230,14
7231,28
7232,17
7233,4
7234,16
7235,4
7236,17
7237,12
7238,3
7239,26
7240,24
7241,26
7242,24
7243,1
7244,16
7245,28
7246,16
7247,22
7248,16
7249,3
7250,12
7251,17
7252,14
7253,8
7254,14
7255,13
7256,4
7257,12
7258,29
7259,12
7260,13
7261,14
7262,17
7263,28
7264,17
7265,18
7266,4
7267,18
7268,29
7269,18
7270,4
7271,12
7272,26
7273,24
7274,10
7275,16
7276,22
7277,16
7278,12
7279,26
7280,3
7281,13
7282,12
7283,13
7284,16
7285,1
7286,10
7287,24
7288,4
7289,10
7290,24
7291,26
7292,12
7293,30
7294,12
7295,26
7296,12
7297,4
7298,28
7299,16
7300,10
7301,1
7302,16
7303,13
7304,3
7305,12
7306,3
7307,30
7308,12
7309,16
7310,4
7311,28
7312,17
7313,12
7314,30
7315,3
7316,30
7317,12
7318,26
7319,12
7320,26
7321,24
7322,26
7323,24
7324,10
7325,1
7326,24
7327,10
7328,4
7329,10
7330,24
7331,10
7332,4
7333,1
7334,17
7335,28
7336,14
7337,8
7338,5
7339,23
7340,5
7341,8
7342,5
7343,8
7344,19
7345,27
7346,6
7347,8
7348,19
7349,2
7350,25
7351,7
7352,15
7353,5
7354,6
7355,11
7356,8
7357,14
7358,8
7359,11
7360,15
7361,9
7362,25
7363,15
7364,23
7365,5
7366,6
7367,27
7368,19
7369,7
7370,15
7371,21
7372,25
7373,7
7374,6
7375,2
7376,19
7377,2
7378,6
7379,5
7380,23
7381,8
7382,5
7383,6
7384,8
7385,6
7386,23
7387,9
7388,2
7389,19
7390,8
7391,19
7392,7
7393,25
7394,21
7395,25
7396,15
7397,9
7398,2
7399,20
7400,6
7401,11
7402,15
7403,11
7404,6
7405,23
7406,21
7407,23
7408,8
7409,14
7410,28
7411,16
7412,1
7413,16
7414,10
7415,4
7416,12
7417,13
7418,16
7419,1
7420,16
7421,4
7422,12
7423,4
7424,1
7425,24
7426,10
7427,4
7428,28
7429,14
7430,28
7431,4
7432,12
7433,26
7434,12
7435,29
7436,12
7437,13
7438,4
7439,13
7440,4
7441,17
7442,14
7443,8
7444,6
7445,20
7446,2
7447,20
7448,2
7449,6
7450,2
7451,25
7452,7
7453,19
7454,2
7455,25
7456,21
7457,15
7458,25
7459,7
7460,25
7461,9
7462,25
7463,15
7464,23
7465,9
7466,25
7467,7
7468,15
7469,25
7470,21
7471,25
7472,21
7473,15
7474,25
7475,9
7476,2
7477,20
7478,2
7479,25
7480,21
7481,23
7482,2
7483,6
7484,20
7485,2
7486,23
7487,9
7488,15
7489,11
7490,6
7491,2
7492,20
7493,2
7494,23
7495,21
7496,25
7497,9
7498,15
7499,11
7500,6
7501,7
7502,25
7503,9
7504,25
7505,7
7506,15
7507,23
7508,9
7509,2
7510,6
7511,7
7512,6
7513,7
7514,25
7515,2
7516,20
7517,6
7518,7
7519,15
7520,5
7521,6
7522,5
7523,8
7524,23
7525,8
7526,11
7527,8
7528,11
7529,8
7530,5
7531,27
7532,5
7533,6
7534,7
7535,25
7536,2
7537,9
7538,15
7539,7
7540,25
7541,9
7542,23
7543,5
7544,15
7545,25
7546,7
7547,25
7548,21
7549,25
7550,2
7551,20
7552,6
7553,11
7554,15
7555,23
7556,15
7557,11
7558,15
7559,7
7560,25
7561,2
7562,9
7563,15
7564,7
7565,25
7566,2
7567,20
7568,6
7569,2
7570,9
7571,2
7572,23
7573,15
7574,21
7575,23
7576,15
7577,11
7578,8
7579,11
7580,15
7581,9
7582,25
7583,15
7584,7
7585,25
7586,2
7587,9
7588,25
7589,9
7590,25
7591,15
7592,23
7593,2
7594,9
7595,15
7596,23
7597,9
7598,23
7599,6
7600,23
7601,8
7602,19
7603,8
7604,6
7605,11
7606,6
7607,5
7608,27
7609,5
7610,6
7611,8
7612,11
7613,6
7614,20
7615,2
7616,25
7617,7
7618,15
7619,5
7620,8
7621,5
7622,8
7623,23
7624,6
7625,11
7626,15
7627,25
7628,2
7629,6
7630,2
7631,9
7632,15
7633,7
7634,19
7635,2
7636,20
7637,6
7638,7
7639,25
7640,7
7641,15
7642,11
7643,8
7644,19
7645,7
7646,19
7647,27
7648,5
7649,8
7650,14
7651,13
7652,14
7653,8
7654,6
7655,23
7656,6
7657,7
7658,6
7659,11
7660,6
7661,11
7662,6
7663,2
7664,19
7665,8
7666,5
7667,15
7668,21
7669,25
7670,21
7671,23
7672,5
7673,8
7674,11
7675,6
7676,2
7677,20
7678,2
7679,6
7680,23
7681,15
7682,25
7683,9
7684,25
7685,15
7686,9
7687,23
7688,8
7689,11
7690,6
7691,8
7692,5
7693,6
7694,20
7695,2
7696,9
7697,23
7698,15
7699,7
7700,15
7701,7
7702,25
7703,2
7704,20
7705,2
7706,19
7707,8
7708,14
7709,17
7710,4
7711,24
7712,26
7713,24
7714,10
7715,1
7716,10
7717,24
7718,4
7719,17
7720,1
7721,17
7722,14
7723,28
7724,14
7725,13
7726,14
7727,17
7728,28
7729,14
7730,8
7731,19
7732,27
7733,19
7734,27
7735,19
7736,7
7737,19
7738,8
7739,6
7740,8
7741,23
7742,6
7743,8
7744,19
7745,8
7746,11
7747,15
7748,23
7749,5
7750,8
7751,6
7752,7
7753,19
7754,8
7755,14
7756,28
7757,14
7758,28
7759,4
7760,17
7761,28
7762,14
7763,28
7764,14
7765,28
7766,16
7767,28
7768,4
7769,24
7770,26
7771,12
7772,13
7773,3
7774,12
7775,3
7776,30
7777,3
7778,16
7779,13
7780,4
7781,12
7782,16
7783,22
7784,16
7785,3
7786,13
7787,16
7788,12
7789,4
7790,24
7791,4
7792,13
7793,14
7794,17
7795,1
7796,24
7797,4
7798,18
7799,29
7800,12
7801,13
7802,16
7803,13
7804,12
7805,16
7806,3
7807,16
7808,1
7809,16
7810,13
7811,14
7812,28
7813,17
7814,28
7815,4
7816,28
7817,17
7818,14
7819,28
7820,14
7821,13
7822,4
7823,24
7824,4
7825,28
7826,14
7827,28
7828,17
7829,18
7830,17
7831,28
7832,4
7833,12
7834,4
7835,10
7836,4
7837,12
7838,4
7839,24
7840,1
7841,10
7842,16
7843,13
7844,14
7845,13
7846,16
7847,22
7848,16
7849,22
7850,16
7851,3
7852,30
7853,12
7854,13
7855,4
7856,24
7857,26
7858,24
7859,26
7860,3
7861,12
7862,29
7863,18
7864,4
7865,24
7866,4
7867,12
7868,17
7869,12
7870,30
7871,3
7872,16
7873,1
7874,24
7875,4
7876,24
7877,26
7878,3
7879,12
7880,29
7881,12
7882,16
7883,4
7884,1
7885,24
7886,1
7887,17
7888,28
7889,4
7890,16
7891,13
7892,12
7893,4
7894,13
7895,4
7896,16
7897,22
7898,16
7899,13
7900,14
7901,8
7902,6
7903,27
7904,6
7905,23
7906,15
7907,9
7908,2
7909,25
7910,21
7911,23
7912,6
7913,8
7914,19
7915,7
7916,6
7917,2
7918,20
7919,2
7920,9
7921,2
7922,9
7923,15
7924,5
7925,8
7926,14
7927,8
7928,19
7929,27
7930,19
7931,8
7932,19
7933,7
7934,19
7935,2
7936,23
7937,15
7938,5
7939,27
7940,5
7941,27
7942,19
7943,8
7944,14
7945,8
7946,11
7947,6
7948,5
7949,15
7950,23
7951,9
7952,25
7953,15
7954,9
7955,25
7956,2
7957,9
7958,2
7959,19
7960,27
7961,6
7962,11
7963,15
7964,21
7965,23
7966,8
7967,23
7968,2
7969,25
7970,15
7971,7
7972,25
7973,7
7974,25
7975,15
7976,11
7977,8
7978,11
7979,15
7980,5
7981,8
7982,23
7983,2
7984,6
7985,2
7986,6
7987,11
7988,8
7989,6
7990,27
7991,6
7992,23
7993,2
7994,25
7995,21
7996,25
7997,9
7998,23
7999,9
8000,2
8001,19
8002,27
8003,5
8004,6
8005,11
8006,15
8007,7
8008,15
8009,25
8010,7
8011,6
8012,7
8013,19
8014,7
8015,15
8016,11
8017,15
8018,11
8019,15
8020,7
8021,15
8022,5
8023,23
8024,9
8025,23
8026,5
8027,8
8028,19
8029,2
8030,20
8031,6
8032,2
8033,20
8034,2
8035,9
8036,25
8037,21
8038,15
8039,25
8040,21
8041,25
8042,15
8043,21
8044,15
8045,7
8046,6
8047,20
8048,2
8049,6
8050,2
8051,19
8052,27
8053,6
8054,2
8055,6
8056,23
8057,6
8058,2
8059,9
8060,23
8061,2
8062,23
8063,21
8064,23
8065,8
8066,11
8067,15
8068,21
8069,25
8070,21
8071,25
8072,21
8073,25
8074,7
8075,25
8076,2
8077,20
8078,6
8079,27
8080,5
8081,23
8082,8
8083,19
8084,7
8085,15
8086,25
8087,2
8088,19
8089,8
8090,14
8091,28
8092,16
8093,1
8094,24
8095,26
8096,12
8097,13
8098,14
8099,8
8100,5
8101,8
8102,23
8103,9
8104,2
8105,23
8106,21
8107,15
8108,9
8109,23
8110,9
8111,25
8112,15
8113,25
8114,2
8115,9
8116,15
8117,25
8118,15
8119,7
8120,19
8121,8
8122,14
8123,28
8124,17
8125,12
8126,30
8127,12
8128,26
8129,12
8130,29
8131,12
8132,17
8133,12
8134,29
8135,18
8136,17
8137,4
8138,18
8139,17
8140,1
8141,17
8142,14
8143,13
8144,12
8145,16
8146,3
8147,30
8148,3
8149,30
8150,3
8151,13
8152,3
8153,16
8154,13
8155,3
8156,13
8157,12
8158,17
8159,28
8160,4
8161,24
8162,26
8163,24
8164,1
8165,4
8166,28
8167,4
8168,1
8169,17
8170,18
8171,29
8172,18
8173,17
8174,28
8175,16
8176,4
8177,28
8178,16
8179,28
8180,4
8181,13
8182,16
8183,13
8184,14
8185,8
8186,11
8187,8
8188,23
8189,8
8190,19
8191,8
8192,5
8193,6
8194,5
8195,6
8196,2
8197,25
8198,9
8199,25
8200,15
8201,21
8202,15
8203,5
8204,23
8205,15
8206,5
8207,8
8208,14
8209,13
8210,16
8211,22
8212,16
8213,4
8214,10
8215,24
8216,4
8217,17
8218,12
8219,30
8220,12
8221,26
8222,24
8223,4
8224,28
8225,16
8226,28
8227,17
8228,28
8229,14
8230,8
8231,11
8232,8
8233,11
8234,6
8235,8
8236,23
8237,2
8238,25
8239,7
8240,6
8241,8
8242,23
8243,9
8244,23
8245,8
8246,5
8247,6
8248,8
8249,19
8250,27
8251,5
8252,15
8253,11
8254,8
8255,14
8256,28
8257,14
8258,13
8259,3
8260,30
8261,12
8262,16
8263,12
8264,16
8265,1
8266,10
8267,16
8268,28
8269,16
8270,10
8271,1
8272,16
8273,4
8274,12
8275,30
8276,3
8277,26
8278,24
8279,10
8280,4
8281,28
8282,17
8283,12
8284,16
8285,4
8286,12
8287,29
8288,18
8289,29
8290,12
8291,26
8292,12
8293,17
8294,14
8295,17
8296,28
8297,16
8298,4
8299,1
8300,17
8301,28
8302,16
8303,3
8304,30
8305,12
8306,4
8307,28
8308,16
8309,28
8310,4
8311,28
8312,16
8313,10
8314,24
8315,26
8316,12
8317,17
8318,4
8319,12
8320,17
8321,14
8322,13
8323,16
8324,22
8325,16
8326,4
8327,12
8328,4
8329,13
8330,3
8331,12
8332,4
8333,17
8334,28
8335,17
8336,12
8337,30
8338,3
8339,16
8340,12
8341,30
8342,3
8343,12
8344,4
8345,18
8346,17
8347,1
8348,10
8349,24
8350,26
8351,3
8352,26
8353,24
8354,4
8355,12
8356,29
8357,12
8358,26
8359,12
8360,17
8361,4
8362,17
8363,18
8364,4
8365,12
8366,29
8367,18
8368,29
8369,12
8370,13
8371,12
8372,29
8373,18
8374,4
8375,28
8376,17
8377,12
8378,4
8379,18
8380,29
8381,12
8382,30
8383,3
8384,12
8385,17
8386,18
8387,4
8388,13
8389,14
8390,13
8391,3
8392,16
8393,3
8394,16
8395,4
8396,28
8397,14
8398,17
8399,4
8400,18
8401,4
8402,18
8403,29
8404,18
8405,4
8406,16
8407,3
8408,30
8409,3
8410,12
8411,16
8412,28
8413,16
8414,3
8415,12
8416,17
8417,12
8418,29
8419,18
8420,4
8421,17
8422,14
8423,28
8424,17
8425,4
8426,24
8427,10
8428,4
8429,18
8430,29
8431,12
8432,30
8433,3
8434,26
8435,12
8436,29
8437,18
8438,29
8439,18
8440,4
8441,18
8442,29
8443,18
8444,17
8445,14
8446,13
8447,4
8448,18
8449,17
8450,28
8451,4
8452,12
8453,30
8454,12
8455,29
8456,12
8457,17
8458,12
8459,17
8460,1
8461,4
8462,10
8463,4
8464,18
8465,17
8466,18
8467,29
8468,18
8469,17
8470,12
8471,13
8472,14
8473,28
8474,17
8475,12
8476,17
8477,1
8478,4
8479,18
8480,4
8481,1
8482,10
8483,16
8484,4
8485,17
8486,28
8487,16
8488,22
8489,16
8490,3
8491,16
8492,1
8493,24
8494,1
8495,17
8496,1
8497,17
8498,18
8499,29
8500,18
8501,29
8502,12
8503,13
8504,12
8505,29
8506,12
8507,4
8508,1
8509,10
8510,24
8511,4
8512,13
8513,16
8514,1
8515,17
8516,18
8517,29
8518,12
8519,29
8520,12
8521,30
8522,3
8523,30
8524,3
8525,13
8526,12
8527,13
8528,12
8529,30
8530,12
8531,3
8532,26
8533,24
8534,26
8535,12
8536,4
8537,17
8538,28
8539,17
8540,12
8541,26
8542,3
8543,13
8544,12
8545,13
8546,12
8547,3
8548,30
8549,3
8550,26
8551,3
8552,13
8553,4
8554,13
8555,14
8556,8
8557,23
8558,9
8559,23
8560,5
8561,8
8562,23
8563,5
8564,27
8565,6
8566,27
8567,5
8568,8
8569,5
8570,27
8571,5
8572,23
8573,15
8574,25
8575,15
8576,11
8577,8
8578,5
8579,15
8580,25
8581,2
8582,23
8583,2
8584,19
8585,27
8586,19
8587,7
8588,6
8589,7
8590,19
8591,7
8592,25
8593,2
8594,20
8595,2
8596,23
8597,6
8598,27
8599,6
8600,11
8601,15
8602,21
8603,15
8604,23
8605,15
8606,21
8607,15
8608,5
8609,6
8610,23
8611,9
8612,25
8613,7
8614,19
8615,7
8616,25
8617,2
8618,20
8619,6
8620,27
8621,19
8622,2
8623,19
8624,27
8625,6
8626,27
8627,5
8628,27
8629,6
8630,20
8631,2
8632,6
8633,20
8634,2
8635,25
8636,21
8637,23
8638,21
8639,25
8640,7
8641,6
8642,8
8643,14
8644,17
8645,14
8646,13
8647,4
8648,28
8649,17
8650,14
8651,8
8652,6
8653,7
8654,19
8655,7
8656,6
8657,2
8658,20
8659,2
8660,20
8661,6
8662,20
8663,6
8664,2
8665,20
8666,2
8667,19
8668,8
8669,19
8670,7
8671,19
8672,8
8673,14
8674,8
8675,19
8676,8
8677,19
8678,8
8679,14
8680,13
8681,12
8682,16
8683,13
8684,4
8685,16
8686,28
8687,17
8688,14
8689,17
8690,12
8691,13
8692,16
8693,28
8694,14
8695,8
8696,6
8697,11
8698,6
8699,5
8700,6
8701,27
8702,19
8703,7
8704,15
8705,5
8706,6
8707,7
8708,25
8709,21
8710,23
8711,21
8712,25
8713,15
8714,9
8715,25
8716,21
8717,15
8718,5
8719,6
8720,2
8721,20
8722,2
8723,23
8724,15
8725,25
8726,21
8727,15
8728,21
8729,25
8730,7
8731,19
8732,8
8733,11
8734,6
8735,27
8736,19
8737,7
8738,25
8739,9
8740,15
8741,21
8742,15
8743,7
8744,15
8745,5
8746,27
8747,6
8748,20
8749,2
8750,25
8751,2
8752,19
8753,27
8754,6
8755,8
8756,14
8757,17
8758,12
8759,17
8760,28
8761,14
8762,8
8763,6
8764,20
8765,6
8766,2
8767,6
8768,7
8769,25
8770,21
8771,23
8772,2
8773,23
8774,5
8775,15
8776,25
8777,7
8778,19
8779,8
8780,6
8781,23
8782,2
8783,6
8784,8
8785,5
8786,8
8787,23
8788,5
8789,27
8790,19
8791,8
8792,6
8793,23
8794,21
8795,25
8796,7
8797,19
8798,8
8799,14
8800,13
8801,16
8802,28
8803,16
8804,22
8805,16
8806,10
8807,1
8808,24
8809,10
8810,24
8811,4
8812,13
8813,3
8814,12
8815,17
8816,1
8817,10
8818,16
8819,28
8820,14
8821,17
8822,14
8823,13
8824,16
8825,12
8826,30
8827,12
8828,16
8829,22
8830,16
8831,13
8832,12
8833,17
8834,4
8835,16
8836,3
8837,16
8838,13
8839,12
8840,17
8841,12
8842,3
8843,13
8844,12
8845,4
8846,18
8847,29
8848,12
8849,13
8850,14
8851,28
8852,17
8853,14
8854,13
8855,4
8856,10
8857,4
8858,17
8859,14
8860,13
8861,3
8862,16
8863,12
8864,26
8865,12
8866,17
8867,1
8868,16
8869,3
8870,12
8871,3
8872,12
8873,17
8874,4
8875,28
8876,17
8877,14
8878,28
8879,14
8880,17
8881,12
8882,17
8883,28
8884,17
8885,1
8886,24
8887,4
8888,18
8889,29
8890,18
8891,4
8892,18
8893,17
8894,4
8895,12
8896,13
8897,16
8898,3
8899,30
8900,12
8901,4
8902,28
8903,4
8904,10
8905,16
8906,1
8907,16
8908,3
8909,12
8910,30
8911,3
8912,26
8913,12
8914,26
8915,3
8916,13
8917,14
8918,28
8919,16
8920,3
8921,13
8922,4
8923,16
8924,12
8925,3
8926,13
8927,4
8928,10
8929,1
8930,10
8931,4
8932,28
8933,4
8934,28
8935,17
8936,1
8937,17
8938,18
8939,29
8940,12
8941,16
8942,4
8943,24
8944,26
8945,24
8946,26
8947,12
8948,30
8949,3
8950,16
8951,28
8952,17
8953,4
8954,24
8955,26
8956,3
8957,16
8958,28
8959,4
8960,12
8961,29
8962,18
8963,4
8964,12
8965,4
8966,28
8967,14
8968,8
8969,11
8970,6
8971,5
8972,15
8973,25
8974,21
8975,15
8976,9
8977,25
8978,2
8979,23
8980,5
8981,27
8982,5
8983,27
8984,5
8985,15
8986,23
8987,15
8988,7
8989,6
8990,20
8991,6
8992,7
8993,19
8994,7
8995,15
8996,25
8997,7
8998,19
8999,2
9000,20
9001,2
9002,20
9003,2
9004,9
9005,25
9006,9
9007,23
9008,6
9009,7
9010,6
9011,2
9012,20
9013,6
9014,2
9015,20
9016,2
9017,19
9018,7
9019,15
9020,25
9021,21
9022,23
9023,6
9024,2
9025,23
9026,9
9027,2
9028,19
9029,27
9030,6
9031,8
9032,5
9033,6
9034,20
9035,2
9036,20
9037,6
9038,2
9039,23
9040,21
9041,25
9042,2
9043,23
9044,8
9045,19
9046,8
9047,11
9048,6
9049,23
9050,21
9051,25
9052,9
9053,25
9054,2
9055,25
9056,15
9057,9
9058,25
9059,9
9060,2
9061,9
9062,23
9063,2
9064,9
9065,25
9066,2
9067,9
9068,25
9069,9
9070,2
9071,25
9072,2
9073,25
9074,7
9075,19
9076,8
9077,6
9078,20
9079,2
9080,25
9081,2
9082,23
9083,21
9084,23
9085,2
9086,20
9087,6
9088,11
9089,8
9090,11
9091,15
9092,9
9093,2
9094,19
9095,8
9096,14
9097,13
9098,14
9099,13
9100,3
9101,30
9102,3
9103,16
9104,13
9105,3
9106,16
9107,22
9108,16
9109,3
9110,26
9111,12
9112,17
9113,18
9114,29
9115,18
9116,17
9117,18
9118,4
9119,1
9120,24
9121,26
9122,24
9123,26
9124,12
9125,3
9126,30
9127,12
9128,29
9129,12
9130,13
9131,4
9132,24
9133,26
9134,12
9135,26
9136,12
9137,13
9138,3
9139,30
9140,3
9141,16
9142,12
9143,4
9144,17
9145,28
9146,4
9147,10
9148,4
9149,18
9150,17
9151,14
9152,28
9153,14
9154,13
9155,16
9156,13
9157,16
9158,12
9159,17
9160,12
9161,17
9162,1
9163,4
9164,16
9165,12
9166,30
9167,12
9168,29
9169,12
9170,29
9171,12
9172,30
9173,3
9174,26
9175,12
9176,26
9177,24
9178,1
9179,24
9180,26
9181,3
9182,16
9183,3
9184,13
9185,4
9186,1
9187,17
9188,28
9189,17
9190,14
9191,8
9192,19
9193,2
9194,9
9195,2
9196,19
9197,27
9198,6
9199,23
9200,5
9201,23
9202,15
9203,7
9204,25
9205,21
9206,15
9207,7
9208,6
9209,11
9210,8
9211,19
9212,27
9213,5
9214,6
9215,11
9216,8
9217,19
9218,2
9219,9
9220,2
9221,23
9222,15
9223,5
9224,23
9225,5
9226,23
9227,8
9228,6
9229,27
9230,5
9231,27
9232,6
9233,7
9234,25
9235,21
9236,15
9237,7
9238,19
9239,2
9240,9
9241,23
9242,6
9243,7
9244,25
9245,21
9246,25
9247,2
9248,6
9249,7
9250,6
9251,20
9252,2
9253,23
9254,6
9255,7
9256,15
9257,23
9258,9
9259,15
9260,5
9261,15
9262,23
9263,9
9264,25
9265,9
9266,2
9267,20
9268,2
9269,9
9270,2
9271,19
9272,2
9273,6
9274,11
9275,6
9276,7
9277,19
9278,27
9279,6
9280,23
9281,21
9282,23
9283,5
9284,15
9285,9
9286,23
9287,8
9288,11
9289,8
9290,23
9291,21
9292,15
9293,9
9294,2
9295,25
9296,7
9297,19
9298,7
9299,6
9300,23
9301,15
9302,7
9303,25
9304,15
9305,7
9306,15
9307,23
9308,8
9309,6
9310,8
9311,5
9312,6
9313,27
9314,5
9315,27
9316,6
9317,5
9318,6
9319,20
9320,6
9321,23
9322,15
9323,25
9324,2
9325,9
9326,2
9327,25
9328,15
9329,23
9330,9
9331,15
9332,9
9333,15
9334,9
9335,23
9336,5
9337,15
9338,7
9339,25
9340,21
9341,23
9342,15
9343,5
9344,6
9345,20
9346,6
9347,8
9348,19
9349,8
9350,11
9351,15
9352,21
9353,25
9354,2
9355,19
9356,7
9357,15
9358,5
9359,15
9360,23
9361,15
9362,25
9363,15
9364,9
9365,25
9366,7
9367,25
9368,15
9369,21
9370,25
9371,9
9372,2
9373,23
9374,15
9375,25
9376,15
9377,23
9378,9
9379,2
9380,6
9381,8
9382,23
9383,15
9384,11
9385,15
9386,5
9387,23
9388,9
9389,2
9390,23
9391,15
9392,23
9393,5
9394,23
9395,5
9396,8
9397,11
9398,6
9399,5
9400,6
9401,23
9402,8
9403,23
9404,8
9405,5
9406,23
9407,6
9408,8
9409,14
9410,17
9411,28
9412,14
9413,8
9414,11
9415,6
9416,23
9417,9
9418,23
9419,15
9420,9
9421,15
9422,9
9423,25
9424,2
9425,19
9426,7
9427,19
9428,7
9429,25
9430,2
9431,25
9432,7
9433,15
9434,7
9435,25
9436,9
9437,15
9438,5
9439,6
9440,11
9441,15
9442,9
9443,23
9444,8
9445,5
9446,23
9447,5
9448,23
9449,8
9450,6
9451,7
9452,15
9453,21
9454,23
9455,15
9456,5
9457,6
9458,23
9459,5
9460,8
9461,14
9462,8
9463,6
9464,5
9465,23
9466,21
9467,23
9468,5
9469,8
9470,19
9471,27
9472,5
9473,6
9474,20
9475,2
9476,20
9477,6
9478,23
9479,21
9480,25
9481,7
9482,6
9483,23
9484,5
9485,27
9486,6
9487,8
9488,5
9489,6
9490,27
9491,6
9492,5
9493,8
9494,11
9495,8
9496,11
9497,8
9498,23
9499,21
9500,15
9501,7
9502,15
9503,9
9504,2
9505,25
9506,15
9507,21
9508,23
9509,15
9510,11
9511,8
9512,11
9513,15
9514,11
9515,15
9516,23
9517,6
9518,27
9519,6
9520,11
9521,8
9522,23
9523,2
9524,19
9525,2
9526,6
9527,5
9528,8
9529,14
9530,28
9531,16
9532,22
9533,16
9534,28
9535,14
9536,17
9537,1
9538,24
9539,4
9540,17
9541,18
9542,4
9543,17
9544,28
9545,14
9546,13
9547,14
9548,28
9549,16
9550,22
9551,16
9552,1
9553,24
9554,10
9555,24
9556,26
9557,12
9558,16
9559,10
9560,4
9561,16
9562,12
9563,30
9564,12
9565,3
9566,12
9567,17
9568,1
9569,10
9570,1
9571,24
9572,26
9573,12
9574,3
9575,26
9576,12
9577,26
9578,3
9579,26
9580,12
9581,3
9582,30
9583,3
9584,16
9585,10
9586,1
9587,16
9588,13
9589,3
9590,12
9591,17
9592,1
9593,16
9594,3
9595,16
9596,12
9597,17
9598,28
9599,4
9600,13
9601,12
9602,30
9603,12
9604,26
9605,3
9606,16
9607,13
9608,16
9609,1
9610,17
9611,1
9612,10
9613,1
9614,10
9615,4
9616,18
9617,4
9618,12
9619,17
9620,4
9621,16
9622,13
9623,16
9624,22
9625,16
9626,3
9627,30
9628,3
9629,13
9630,16
9631,4
9632,17
9633,1
9634,4
9635,12
9636,4
9637,17
9638,14
9639,13
9640,12
9641,3
9642,12
9643,4
9644,24
9645,1
9646,16
9647,22
9648,16
9649,22
9650,16
9651,12
9652,26
9653,24
9654,1
9655,10
9656,16
9657,3
9658,13
9659,16
9660,10
9661,24
9662,1
9663,24
9664,26
9665,24
9666,1
9667,4
9668,24
9669,1
9670,17
9671,12
9672,26
9673,3
9674,12
9675,17
9676,12
9677,29
9678,18
9679,4
9680,16
9681,4
9682,12
9683,4
9684,10
9685,16
9686,28
9687,17
9688,18
9689,4
9690,13
9691,14
9692,17
9693,18
9694,4
9695,10
9696,4
9697,28
9698,17
9699,1
9700,10
9701,1
9702,4
9703,24
9704,1
9705,17
9706,4
9707,17
9708,1
9709,16
9710,13
9711,14
9712,13
9713,12
9714,4
9715,12
9716,17
9717,28
9718,4
9719,18
9720,4
9721,10
9722,24
9723,26
9724,3
9725,30
9726,3
9727,30
9728,12
9729,26
9730,24
9731,10
9732,24
9733,26
9734,24
9735,4
9736,28
9737,17
9738,4
9739,10
9740,1
9741,4
9742,13
9743,14
9744,28
9745,17
9746,14
9747,8
9748,5
9749,8
9750,19
9751,2
9752,9
9753,2
9754,19
9755,7
9756,15
9757,23
9758,15
9759,5
9760,6
9761,23
9762,21
9763,23
9764,2
9765,25
9766,2
9767,23
9768,9
9769,2
9770,9
9771,15
9772,25
9773,7
9774,15
9775,23
9776,2
9777,19
9778,27
9779,5
9780,15
9781,7
9782,19
9783,8
9784,6
9785,20
9786,2
9787,9
9788,15
9789,21
9790,23
9791,21
9792,15
9793,9
9794,15
9795,9
9796,23
9797,2
9798,9
9799,25
9800,9
9801,15
9802,25
9803,7
9804,15
9805,9
9806,25
9807,2
9808,23
9809,2
9810,20
9811,2
9812,20
9813,6
9814,2
9815,23
9816,21
9817,23
9818,9
9819,15
9820,7
9821,15
9822,9
9823,25
9824,9
9825,25
9826,21
9827,15
9828,7
9829,25
9830,21
9831,25
9832,2
9833,9
9834,15
9835,7
9836,6
9837,8
9838,5
9839,6
9840,27
9841,5
9842,23
9843,5
9844,27
9845,5
9846,23
9847,15
9848,25
9849,15
9850,5
9851,23
9852,8
9853,5
9854,23
9855,2
9856,6
9857,27
9858,5
9859,15
9860,9
9861,23
9862,6
9863,2
9864,20
9865,2
9866,9
9867,15
9868,11
9869,8
9870,14
9871,8
9872,6
9873,23
9874,15
9875,25
9876,9
9877,15
9878,5
9879,23
9880,2
9881,25
9882,2
9883,19
9884,8
9885,19
9886,2
9887,19
9888,8
9889,19
9890,7
9891,25
9892,7
9893,15
9894,5
9895,27
9896,19
9897,27
9898,19
9899,2
9900,9
9901,15
9902,7
9903,25
9904,21
9905,15
9906,23
9907,15
9908,7
9909,15
9910,9
9911,15
9912,9
9913,15
9914,5
9915,8
9916,6
9917,23
9918,15
9919,25
9920,21
9921,15
9922,5
9923,15
9924,11
9925,15
9926,11
9927,15
9928,9
9929,15
9930,25
9931,2
9932,9
9933,23
9934,15
9935,25
9936,9
9937,15
9938,11
9939,15
9940,9
9941,25
9942,15
9943,9
9944,25
9945,15
9946,9
9947,2
9948,6
9949,11
9950,8
9951,11
9952,8
9953,14
9954,28
9955,4
9956,16
9957,22
9958,16
9959,22
9960,16
9961,10
9962,16
9963,13
9964,4
9965,28
9966,17
9967,18
9968,17
9969,14
9970,8
9971,14
9972,28
9973,4
9974,12
9975,13
9976,3
9977,13
9978,16
9979,28
9980,16
9981,10
9982,24
9983,1
9984,17
9985,4
9986,13
9987,16
9988,4
9989,10
9990,4
9991,16
9992,10
9993,1
9994,4
9995,17
9996,4
9997,10
9998,16
9999,3
10000,30
10001,3
10002,12
10003,29
10004,12
10005,16
10006,12
10007,29
10008,12
10009,13
10010,3
10011,26
10012,3
10013,26
10014,12
10015,3
10016,30
10017,12
10018,30
10019,12
10020,26
10021,24
10022,10
10023,24
10024,10
10025,16
10026,13
10027,14
10028,13
10029,12
10030,4
10031,16
10032,10
10033,24
10034,4
10035,18
10036,4
10037,1
10038,10
10039,1
10040,4
10041,28
10042,17
10043,1
10044,24
10045,1
10046,4
10047,28
10048,14
10049,28
10050,17
10051,1
10052,16
10053,28
10054,4
10055,17
10056,14
10057,8
10058,5
10059,27
10060,6
10061,23
10062,5
10063,6
10064,11
10065,8
10066,23
10067,21
10068,23
10069,15
10070,25
10071,15
10072,11
10073,6
10074,11
10075,6
10076,7
10077,15
10078,7
10079,6
10080,7
10081,19
10082,8
10083,5
10084,8
10085,19
10086,27
10087,19
10088,2
10089,6
10090,7
10091,25
10092,7
10093,6
10094,23
10095,6
10096,2
10097,19
10098,7
10099,15
10100,11
10101,6
10102,8
10103,14
10104,28
10105,14
10106,28
10107,14
10108,17
10109,18
10110,4
10111,24
10112,10
10113,1
10114,17
10115,1
10116,10
10117,1
10118,24
10119,1
10120,17
10121,28
10122,16
10123,22
10124,16
10125,28
10126,16
10127,1
10128,16
10129,22
10130,16
10131,28
10132,17
10133,28
10134,14
10135,28
10136,17
10137,18
10138,29
10139,18
10140,29
10141,18
10142,4
10143,17
10144,4
10145,13
10146,3
10147,16
10148,28
10149,17
10150,28
10151,17
10152,14
10153,28
10154,17
10155,18
10156,29
10157,12
10158,16
10159,12
10160,4
10161,13
10162,16
10163,4
10164,1
10165,4
10166,1
10167,24
10168,1
10169,10
10170,4
10171,18
10172,29
10173,18
10174,4
10175,24
10176,26
10177,3
10178,12
10179,13
10180,4
10181,17
10182,4
10183,12
10184,16
10185,1
10186,17
10187,12
10188,16
10189,13
10190,3
10191,26
10192,3
10193,30
10194,12
10195,16
10196,10
10197,24
10198,10
10199,4
10200,10
10201,4
10202,18
10203,4
10204,28
10205,4
10206,12
10207,29
10208,18
10209,17
10210,14
10211,13
10212,12
10213,26
10214,24
10215,4
10216,24
10217,4
10218,24
10219,10
10220,24
10221,4
10222,18
10223,29
10224,12
10225,4
10226,18
10227,4
10228,24
10229,10
10230,16
10231,28
10232,4
10233,10
10234,1
10235,16
10236,13
10237,16
10238,10
10239,4
10240,16
10241,1
10242,17
10243,14
10244,17
10245,28
10246,16
10247,1
10248,17
10249,14
10250,8
10251,11
10252,15
10253,11
10254,15
10255,11
10256,15
10257,7
10258,15
10259,21
10260,23
10261,21
10262,23
10263,6
10264,20
10265,2
10266,9
10267,15
10268,25
10269,15
10270,9
10271,25
10272,2
10273,6
10274,23
10275,15
10276,7
10277,19
10278,8
10279,23
10280,2
10281,25
10282,21
10283,23
10284,8
10285,5
10286,8
10287,19
10288,7
10289,15
10290,25
10291,9
10292,2
10293,25
10294,7
10295,19
10296,8
10297,6
10298,27
10299,5
10300,8
10301,23
10302,15
10303,5
10304,8
10305,23
10306,8
10307,19
10308,7
10309,25
10310,9
10311,25
10312,7
10313,25
10314,7
10315,19
10316,2
10317,23
10318,5
10319,6
10320,5
10321,8
10322,19
10323,7
10324,15
10325,21
10326,15
10327,23
10328,21
10329,15
10330,23
10331,6
10332,5
10333,23
10334,15
10335,11
10336,8
10337,23
10338,5
10339,6
10340,27
10341,5
10342,27
10343,19
10344,7
10345,15
10346,21
10347,23
10348,2
10349,25
10350,2
10351,23
10352,2
10353,20
10354,6
10355,27
10356,6
10357,20
10358,6
10359,7
10360,15
10361,9
10362,15
10363,23
10364,9
10365,2
10366,6
10367,7
10368,15
10369,25
10370,2
10371,23
10372,21
10373,23
10374,2
10375,23
10376,9
10377,25
10378,2
10379,25
10380,21
10381,15
10382,9
10383,23
10384,8
10385,5
10386,23
10387,2
10388,25
10389,2
10390,20
10391,2
10392,9
10393,2
10394,23
10395,2
10396,19
10397,27
10398,5
10399,27
10400,5
10401,27
10402,5
10403,15
10404,25
10405,15
10406,21
10407,15
10408,23
10409,5
10410,23
10411,9
10412,23
10413,2
10414,25
10415,7
10416,25
10417,9
10418,2
10419,20
10420,6
10421,2
10422,19
10423,8
10424,23
10425,9
10426,23
10427,2
10428,19
10429,27
10430,19
10431,27
10432,6
10433,27
10434,5
10435,15
10436,5
10437,27
10438,6
10439,11
10440,15
10441,5
10442,8
10443,14
10444,8
10445,6
10446,8
10447,14
10448,17
10449,1
10450,10
10451,4
10452,24
10453,26
10454,24
10455,10
10456,1
10457,24
10458,4
10459,18
10460,29
10461,12
10462,3
10463,26
10464,24
10465,4
10466,24
10467,26
10468,12
10469,16
10470,22
10471,16
10472,22
10473,16
10474,4
10475,1
10476,24
10477,1
10478,16
10479,13
10480,4
10481,10
10482,1
10483,10
10484,24
10485,10
10486,16
10487,13
10488,14
10489,13
10490,16
10491,22
10492,16
10493,3
10494,13
10495,3
10496,13
10497,4
10498,12
10499,29
10500,18
10501,17
10502,14
10503,28
10504,17
10505,18
10506,4
10507,12
10508,17
10509,1
10510,24
10511,26
10512,3
10513,13
10514,16
10515,4
10516,18
10517,29
10518,18
10519,29
10520,12
10521,13
10522,16
10523,28
10524,17
10525,4
10526,12
10527,29
10528,12
10529,13
10530,4
10531,10
10532,16
10533,4
10534,24
10535,10
10536,1
10537,24
10538,1
10539,10
10540,16
10541,28
10542,17
10543,1
10544,10
10545,4
10546,1
10547,4
10548,10
10549,4
10550,17
10551,14
10552,28
10553,14
10554,13
10555,14
10556,17
10557,1
10558,4
10559,17
10560,18
10561,17
10562,28
10563,16
10564,13
10565,3
10566,30
10567,12
10568,13
10569,4
10570,18
10571,4
10572,10
10573,1
10574,4
10575,1
10576,24
10577,1
10578,24
10579,4
10580,24
10581,26
10582,3
10583,12
10584,4
10585,17
10586,14
10587,28
10588,14
10589,28
10590,14
10591,17
10592,28
10593,14
10594,28
10595,17
10596,4
10597,18
10598,29
10599,12
10600,29
10601,18
10602,29
10603,12
10604,26
10605,12
10606,13
10607,14
10608,17
10609,18
10610,29
10611,12
10612,13
10613,4
10614,17
10615,12
10616,29
10617,12
10618,26
10619,12
10620,13
10621,14
10622,28
10623,14
10624,13
10625,3
10626,26
10627,24
10628,26
10629,12
10630,13
10631,3
10632,12
10633,4
10634,24
10635,4
10636,12
10637,26
10638,24
10639,26
10640,12
10641,13
10642,4
10643,10
10644,24
10645,4
10646,1
10647,4
10648,17
10649,14
10650,17
10651,12
10652,3
10653,26
10654,3
10655,30
10656,12
10657,29
10658,18
10659,17
10660,1
10661,17
10662,4
10663,13
10664,14
10665,13
10666,4
10667,16
10668,3
10669,13
10670,16
10671,13
10672,12
10673,13
10674,3
10675,16
10676,1
10677,4
10678,10
10679,4
10680,1
10681,24
10682,26
10683,24
10684,10
10685,24
10686,10
10687,24
10688,10
10689,24
10690,1
10691,4
10692,1
10693,24
10694,26
10695,3
10696,30
10697,12
10698,4
10699,17
10700,28
10701,16
10702,4
10703,28
10704,17
10705,28
10706,4
10707,18
10708,4
10709,17
10710,12
10711,4
10712,10
10713,1
10714,17
10715,14
10716,13
10717,4
10718,17
10719,28
10720,17
10721,1
10722,4
10723,16
10724,22
10725,16
10726,10
10727,4
10728,17
10729,14
10730,8
10731,11
10732,8
10733,5
10734,15
10735,11
10736,8
10737,6
10738,5
10739,8
10740,5
10741,15
10742,25
10743,21
10744,25
10745,2
10746,9
10747,2
10748,6
10749,27
10750,6
10751,8
10752,6
10753,7
10754,19
10755,8
10756,23
10757,8
10758,5
10759,23
10760,8
10761,6
10762,11
10763,8
10764,14
10765,17
10766,12
10767,17
10768,18
10769,17
10770,4
10771,13
10772,14
10773,8
10774,23
10775,21
10776,25
10777,21
10778,15
10779,5
10780,6
10781,27
10782,19
10783,8
10784,19
10785,27
10786,19
10787,8
10788,5
10789,23
10790,21
10791,15
10792,21
10793,15
10794,21
10795,23
10796,6
10797,5
10798,23
10799,5
10800,23
10801,9
10802,25
10803,2
10804,25
10805,2
10806,23
10807,6
10808,11
10809,8
10810,11
10811,15
10812,11
10813,15
10814,9
10815,15
10816,9
10817,25
10818,21
10819,23
10820,2
10821,9
10822,2
10823,25
10824,15
10825,21
10826,15
10827,5
10828,23
10829,8
10830,6
10831,11
10832,6
10833,8
10834,6
10835,20
10836,2
10837,23
10838,21
10839,15
10840,23
10841,15
10842,5
10843,6
10844,7
10845,19
10846,8
10847,19
10848,2
10849,6
10850,23
10851,8
10852,23
10853,8
10854,14
10855,17
10856,14
10857,28
10858,4
10859,16
10860,22
10861,16
10862,3
10863,26
10864,3
10865,12
10866,17
10867,14
10868,17
10869,14
10870,13
10871,3
10872,13
10873,4
10874,18
10875,29
10876,12
10877,13
10878,16
10879,12
10880,13
10881,3
10882,30
10883,3
10884,30
10885,3
10886,26
10887,24
10888,10
10889,1
10890,4
10891,24
10892,1
10893,17
10894,28
10895,17
10896,1
10897,10
10898,24
10899,10
10900,1
10901,10
10902,4
10903,13
10904,14
10905,17
10906,18
10907,4
10908,12
10909,30
10910,12
10911,3
10912,26
10913,12
10914,16
10915,3
10916,12
10917,30
10918,3
10919,12
10920,26
10921,3
10922,12
10923,17
10924,14
10925,13
10926,3
10927,16
10928,13
10929,16
10930,1
10931,10
10932,16
10933,28
10934,16
10935,4
10936,18
10937,17
10938,14
10939,28
10940,14
10941,13
10942,4
10943,10
10944,16
10945,3
10946,30
10947,3
10948,30
10949,12
10950,30
10951,12
10952,26
10953,24
10954,4
10955,13
10956,16
10957,1
10958,24
10959,10
10960,24
10961,4
10962,16
10963,13
10964,3
10965,13
10966,16
10967,12
10968,16
10969,1
10970,4
10971,13
10972,12
10973,29
10974,12
10975,26
10976,24
10977,1
10978,24
10979,10
10980,16
10981,3
10982,30
10983,12
10984,3
10985,12
10986,3
10987,16
10988,28
10989,17
10990,28
10991,4
10992,10
10993,16
10994,1
10995,4
10996,17
10997,18
10998,29
10999,12
11000,3
11001,12
11002,16
11003,10
11004,1
11005,10
11006,4
11007,12
11008,16
11009,13
11010,4
11011,24
11012,26
11013,12
11014,30
11015,3
11016,13
11017,16
11018,28
11019,4
11020,16
11021,13
11022,14
11023,8
11024,19
11025,8
11026,6
11027,5
11028,27
11029,19
11030,8
11031,19
11032,8
11033,6
11034,5
11035,6
11036,11
11037,6
11038,20
11039,6
11040,5
11041,8
11042,19
11043,2
11044,20
11045,2
11046,6
11047,7
11048,19
11049,8
11050,5
11051,23
11052,5
11053,8
11054,5
11055,8
11056,23
11057,6
11058,20
11059,2
11060,19
11061,8
11062,5
11063,23
11064,21
11065,23
11066,9
11067,15
11068,11
11069,15
11070,23
11071,21
11072,23
11073,6
11074,27
11075,5
11076,23
11077,6
11078,7
11079,25
11080,7
11081,19
11082,8
11083,23
11084,6
11085,27
11086,5
11087,27
11088,5
11089,8
11090,14
11091,28
11092,14
11093,28
11094,4
11095,24
11096,26
11097,3
11098,12
11099,30
11100,3
11101,12
11102,29
11103,18
11104,4
11105,1
11106,4
11107,10
11108,16
11109,3
11110,26
11111,24
11112,26
11113,24
11114,26
11115,3
11116,12
11117,16
11118,12
11119,4
11120,16
11121,1
11122,17
11123,14
11124,28
11125,17
11126,18
11127,17
11128,1
11129,24
11130,4
11131,16
11132,4
11133,10
11134,4
11135,17
11136,4
11137,18
11138,29
11139,12
11140,30
11141,3
11142,26
11143,24
11144,10
11145,16
11146,22
11147,16
11148,10
11149,16
11150,28
11151,17
11152,18
11153,4
11154,18
11155,17
11156,14
11157,13
11158,3
11159,30
11160,12
11161,4
11162,1
11163,4
11164,10
11165,1
11166,10
11167,24
11168,26
11169,24
11170,10
11171,1
11172,24
11173,10
11174,4
11175,1
11176,10
11177,24
11178,10
11179,16
11180,3
11181,16
11182,1
11183,10
11184,4
11185,17
11186,14
11187,8
11188,19
11189,2
11190,25
11191,21
11192,15
11193,11
11194,6
11195,20
11196,6
11197,7
11198,19
11199,7
11200,6
11201,20
11202,2
11203,19
11204,7
11205,25
11206,7
11207,15
11208,7
11209,15
11210,23
11211,8
11212,14
11213,13
11214,4
11215,28
11216,16
11217,1
11218,17
11219,4
11220,13
11221,4
11222,28
11223,4
11224,24
11225,1
11226,4
11227,28
11228,4
11229,12
11230,16
11231,28
11232,17
11233,14
11234,28
11235,4
11236,17
11237,12
11238,17
11239,28
11240,17
11241,12
11242,26
11243,3
11244,30
11245,12
11246,17
11247,1
11248,24
11249,4
11250,17
11251,1
11252,16
11253,28
11254,17
11255,28
11256,4
11257,13
11258,4
11259,16
11260,4
11261,12
11262,4
11263,16
11264,28
11265,17
11266,4
11267,17
11268,4
11269,18
11270,29
11271,12
11272,3
11273,16
11274,3
11275,12
11276,13
11277,12
11278,29
11279,12
11280,29
11281,18
11282,4
11283,18
11284,4
11285,24
11286,26
11287,12
11288,30
11289,3
11290,30
11291,3
11292,26
11293,12
11294,4
11295,16
11296,3
11297,30
11298,12
11299,3
11300,30
11301,3
11302,13
11303,3
11304,12
11305,3
11306,13
11307,3
11308,12
11309,26
11310,3
11311,12
11312,29
11313,12
11314,13
11315,4
11316,10
11317,16
11318,3
11319,12
11320,30
11321,12
11322,17
11323,28
11324,17
11325,14
11326,28
11327,17
11328,1
11329,10
11330,4
11331,24
11332,4
11333,1
11334,10
11335,16
11336,10
11337,1
11338,24
11339,10
11340,16
11341,3
11342,30
11343,3
11344,26
11345,3
11346,12
11347,26
11348,24
11349,1
11350,16
11351,10
11352,16
11353,12
11354,16
11355,28
11356,4
11357,13
11358,16
11359,10
11360,4
11361,1
11362,4
11363,12
11364,4
11365,17
11366,12
11367,16
11368,22
11369,16
11370,12
11371,30
11372,3
11373,13
11374,3
11375,26
11376,24
11377,1
11378,4
11379,16
11380,22
11381,16
11382,1
11383,24
11384,10
11385,24
11386,4
11387,18
11388,4
11389,28
11390,16
11391,13
11392,12
11393,3
11394,16
11395,10
11396,24
11397,1
11398,17
11399,14
11400,8
11401,5
11402,27
11403,6
11404,8
11405,11
11406,8
11407,23
11408,9
11409,15
11410,7
11411,25
11412,9
11413,25
11414,21
11415,23
11416,6
11417,8
11418,6
11419,2
11420,6
11421,7
11422,25
11423,21
11424,25
11425,21
11426,15
11427,11
11428,15
11429,23
11430,2
11431,9
11432,2
11433,20
11434,2
11435,20
11436,2
11437,19
11438,27
11439,19
11440,8
11441,19
11442,7
11443,6
11444,2
11445,9
11446,15
11447,9
11448,23
11449,15
11450,11
11451,8
11452,11
11453,15
11454,21
11455,25
11456,15
11457,9
11458,25
11459,21
11460,15
11461,7
11462,6
11463,5
11464,27
11465,6
11466,8
11467,11
11468,8
11469,19
11470,2
11471,6
11472,11
11473,8
11474,5
11475,6
11476,20
11477,6
11478,23
11479,15
11480,11
11481,8
11482,23
11483,8
11484,23
11485,5
11486,6
11487,20
11488,2
11489,20
11490,6
11491,7
11492,15
11493,5
11494,6
11495,2
11496,9
11497,2
11498,20
11499,2
11500,9
11501,23
11502,21
11503,25
11504,15
11505,11
11506,6
11507,2
11508,9
11509,25
11510,15
11511,7
11512,19
11513,7
11514,19
11515,2
11516,19
11517,27
11518,19
11519,2
11520,23
11521,21
11522,23
11523,6
11524,7
11525,25
11526,21
11527,15
11528,9
11529,2
11530,9
11531,23
11532,21
11533,15
11534,9
11535,15
11536,23
11537,6
11538,5
11539,8
11540,11
11541,15
11542,23
11543,8
11544,6
11545,7
11546,15
11547,25
11548,2
11549,19
11550,27
11551,19
11552,27
11553,6
11554,7
11555,15
11556,23
11557,5
11558,6
11559,2
11560,25
11561,2
11562,23
11563,6
11564,8
11565,6
11566,23
11567,5
11568,6
11569,7
11570,25
11571,21
11572,15
11573,25
11574,7
11575,25
11576,15
11577,9
11578,2
11579,25
11580,2
11581,6
11582,27
11583,19
11584,7
11585,19
11586,27
11587,6
11588,7
11589,6
11590,5
11591,23
11592,8
11593,11
11594,6
11595,2
11596,9
11597,23
11598,5
11599,8
11600,23
11601,8
11602,19
11603,27
11604,5
11605,8
11606,19
11607,7
11608,19
11609,2
11610,9
11611,23
11612,15
11613,21
11614,25
11615,7
11616,25
11617,21
11618,23
11619,15
11620,11
11621,8
11622,23
11623,5
11624,23
11625,9
11626,15
11627,9
11628,15
11629,23
11630,9
11631,23
11632,5
11633,23
11634,8
11635,19
11636,2
11637,25
11638,21
11639,15
11640,21
11641,25
11642,7
11643,19
11644,2
11645,20
11646,2
11647,25
11648,15
11649,7
11650,25
11651,15
11652,5
11653,23
11654,5
11655,15
11656,11
11657,6
11658,20
11659,6
11660,5
11661,23
11662,21
11663,15
11664,9
11665,25
11666,2
11667,23
11668,15
11669,7
11670,6
11671,8
11672,5
11673,8
11674,6
11675,11
11676,15
11677,11
11678,15
11679,7
11680,19
11681,7
11682,6
11683,23
11684,8
11685,23
11686,2
11687,9
11688,23
11689,5
11690,23
11691,2
11692,19
11693,2
11694,6
11695,11
11696,6
11697,2
11698,9
11699,25
11700,9
11701,15
11702,25
11703,2
11704,6
11705,11
11706,8
11707,14
11708,8
11709,11
11710,6
11711,20
11712,2
11713,9
11714,25
11715,7
11716,25
11717,2
11718,19
11719,2
11720,19
11721,2
11722,6
11723,8
11724,6
11725,7
11726,6
11727,11
11728,8
11729,11
11730,15
11731,5
11732,6
11733,5
11734,8
11735,11
11736,15
11737,5
11738,6
11739,5
11740,15
11741,9
11742,2
11743,6
11744,7
11745,15
11746,11
11747,15
11748,5
11749,15
11750,7
11751,25
11752,7
11753,19
11754,27
11755,5
11756,6
11757,20
11758,6
11759,23
11760,5
11761,27
11762,5
11763,23
11764,5
11765,15
11766,5
11767,27
11768,6
11769,11
11770,8
11771,5
11772,8
11773,23
11774,6
11775,8
11776,11
11777,6
11778,5
11779,23
11780,9
11781,25
11782,21
11783,25
11784,7
11785,25
11786,15
11787,11
11788,15
11789,23
11790,8
11791,6
11792,27
11793,5
11794,6
11795,2
11796,9
11797,2
11798,20
11799,2
11800,25
11801,2
11802,23
11803,5
11804,15
11805,7
11806,19
11807,2
11808,19
11809,7
11810,25
11811,15
11812,9
11813,23
11814,6
11815,20
11816,2
11817,19
11818,2
11819,25
11820,21
11821,23
11822,21
11823,15
11824,9
11825,25
11826,9
11827,2
11828,20
11829,2
11830,20
11831,2
11832,9
11833,25
11834,7
11835,6
11836,7
11837,6
11838,20
11839,2
11840,9
11841,25
11842,7
11843,15
11844,5
11845,6
11846,23
11847,6
11848,8
11849,19
11850,2
11851,23
11852,2
11853,9
11854,23
11855,15
11856,21
11857,15
11858,23
11859,21
11860,25
11861,2
11862,25
11863,9
11864,23
11865,6
11866,27
11867,6
11868,8
11869,19
11870,8
11871,23
11872,5
11873,6
11874,27
11875,19
11876,7
11877,15
11878,5
11879,23
11880,2
11881,23
11882,9
11883,23
11884,6
11885,27
11886,19
11887,7
11888,25
11889,15
11890,7
11891,25
11892,21
11893,23
11894,15
11895,23
11896,15
11897,11
11898,15
11899,21
11900,25
11901,9
11902,25
11903,15
11904,23
11905,6
11906,7
11907,15
11908,7
11909,6
11910,2
11911,19
11912,27
11913,6
11914,8
11915,11
11916,6
11917,11
11918,15
11919,25
11920,21
11921,23
11922,9
11923,25
11924,7
11925,15
11926,7
11927,19
11928,2
11929,19
11930,8
11931,11
11932,6
11933,27
11934,19
11935,2
11936,19
11937,8
11938,23
11939,5
11940,8
11941,14
11942,28
11943,14
11944,13
11945,4
11946,1
11947,24
11948,1
11949,17
11950,18
11951,29
11952,12
11953,4
11954,28
11955,17
11956,4
11957,18
11958,4
11959,13
11960,12
11961,3
11962,16
11963,13
11964,16
11965,12
11966,16
11967,4
11968,10
11969,24
11970,10
11971,24
11972,4
11973,13
11974,4
11975,24
11976,4
11977,16
11978,22
11979,16
11980,28
11981,16
11982,28
11983,14
11984,28
11985,16
11986,10
11987,24
11988,4
11989,28
11990,16
11991,4
11992,28
11993,17
11994,18
11995,29
11996,18
11997,17
11998,1
11999,10
12000,1
12001,24
12002,4
12003,12
12004,13
12005,16
12006,4
12007,17
12008,1
12009,24
12010,10
12011,1
12012,16
12013,12
12014,30
12015,12
12016,16
12017,22
12018,16
12019,28
12020,16
12021,1
12022,16
12023,22
12024,16
12025,28
12026,16
12027,13
12028,16
12029,22
12030,16
12031,22
12032,16
12033,12
12034,16
12035,28
12036,16
12037,3
12038,12
12039,16
12040,1
12041,10
12042,4
12043,18
12044,17
12045,28
12046,4
12047,13
12048,14
12049,28
12050,17
12051,28
12052,17
12053,14
12054,8
12055,23
12056,15
12057,23
12058,8
12059,6
12060,11
12061,8
12062,19
12063,27
12064,19
12065,8
12066,19
12067,7
12068,19
12069,2
12070,6
12071,8
12072,6
12073,8
12074,14
12075,8
12076,19
12077,8
12078,5
12079,27
12080,6
12081,27
12082,19
12083,7
12084,25
12085,2
12086,20
12087,2
12088,9
12089,23
12090,15
12091,21
12092,23
12093,6
12094,23
12095,8
12096,19
12097,7
12098,25
12099,7
12100,25
12101,9
12102,15
12103,5
12104,8
12105,11
12106,15
12107,5
12108,6
12109,11
12110,15
12111,7
12112,15
12113,5
12114,6
12115,8
12116,5
12117,27
12118,5
12119,27
12120,19
12121,8
12122,5
12123,15
12124,23
12125,8
12126,5
12127,8
12128,5
12129,8
12130,14
12131,28
12132,16
12133,10
12134,1
12135,10
12136,24
12137,26
12138,3
12139,12
12140,3
12141,16
12142,10
12143,16
12144,4
12145,17
12146,12
12147,16
12148,1
12149,24
12150,10
12151,1
12152,16
12153,28
12154,16
12155,22
12156,16
12157,22
12158,16
12159,1
12160,24
12161,10
12162,24
12163,26
12164,12
12165,17
12166,14
12167,28
12168,14
12169,8
12170,6
12171,5
12172,6
12173,8
12174,23
12175,21
12176,25
12177,7
12178,6
12179,8
12180,19
12181,8
12182,14
12183,28
12184,16
12185,22
12186,16
12187,4
12188,12
12189,4
12190,18
12191,4
12192,10
12193,24
12194,1
12195,24
12196,1
12197,17
12198,28
12199,17
12200,18
12201,4
12202,10
12203,24
12204,26
12205,24
12206,10
12207,1
12208,10
12209,24
12210,10
12211,1
12212,16
12213,28
12214,4
12215,18
12216,17
12217,12
12218,17
12219,4
12220,16
12221,4
12222,12
12223,4
12224,13
12225,4
12226,24
12227,1
12228,16
12229,3
12230,16
12231,28
12232,16
12233,1
12234,24
12235,1
12236,16
12237,10
12238,24
12239,4
12240,13
12241,16
12242,12
12243,3
12244,12
12245,16
12246,22
12247,16
12248,3
12249,13
12250,4
12251,18
12252,17
12253,18
12254,29
12255,18
12256,4
12257,1
12258,24
12259,1
12260,24
12261,1
12262,4
12263,28
12264,4
12265,1
12266,24
12267,4
12268,13
12269,14
12270,13
12271,12
12272,26
12273,3
12274,13
12275,14
12276,28
12277,16
12278,10
12279,1
12280,4
12281,28
12282,4
12283,16
12284,22
12285,16
12286,22
12287,16
12288,28
12289,16
12290,3
12291,12
12292,29
12293,12
12294,29
12295,12
12296,30
12297,12
12298,13
12299,12
12300,29
12301,18
12302,29
12303,18
12304,17
12305,4
12306,12
12307,13
12308,16
12309,3
12310,16
12311,22
12312,16
12313,3
12314,30
12315,12
12316,26
12317,12
12318,13
12319,14
12320,28
12321,17
12322,1
12323,16
12324,12
12325,3
12326,16
12327,28
12328,16
12329,3
12330,26
12331,3
12332,26
12333,12
12334,4
12335,18
12336,29
12337,18
12338,17
12339,4
12340,10
12341,4
12342,13
12343,3
12344,12
12345,29
12346,18
12347,4
12348,16
12349,3
12350,26
12351,3
12352,30
12353,12
12354,29
12355,12
12356,13
12357,12
12358,3
12359,12
12360,26
12361,12
12362,26
12363,12
12364,29
12365,18
12366,17
12367,18
12368,4
12369,17
12370,4
12371,1
12372,4
12373,18
12374,29
12375,12
12376,30
12377,12
12378,13
12379,14
12380,17
12381,18
12382,4
12383,13
12384,3
12385,16
12386,3
12387,26
12388,24
12389,1
12390,24
12391,4
12392,28
12393,16
12394,10
12395,24
12396,4
12397,24
12398,1
12399,10
12400,4
12401,12
12402,16
12403,4
12404,17
12405,4
12406,18
12407,29
12408,18
12409,29
12410,12
12411,26
12412,12
12413,3
12414,30
12415,3
12416,26
12417,24
12418,10
12419,16
12420,3
12421,30
12422,12
12423,30
12424,12
12425,16
12426,1
12427,4
12428,28
12429,4
12430,1
12431,16
12432,1
12433,4
12434,18
12435,17
12436,14
12437,8
12438,19
12439,2
12440,25
12441,9
12442,23
12443,9
12444,15
12445,7
12446,15
12447,7
12448,25
12449,15
12450,7
12451,25
12452,9
12453,25
12454,21
12455,25
12456,15
12457,21
12458,15
12459,21
12460,15
12461,5
12462,23
12463,2
12464,20
12465,2
12466,25
12467,9
12468,15
12469,11
12470,8
12471,11
12472,8
12473,5
12474,27
12475,6
12476,2
12477,6
12478,20
12479,2
12480,23
12481,5
12482,6
12483,7
12484,6
12485,20
12486,6
12487,27
12488,19
12489,8
12490,6
12491,11
12492,15
12493,7
12494,25
12495,2
12496,25
12497,2
12498,6
12499,23
12500,6
12501,7
12502,15
12503,7
12504,15
12505,9
12506,25
12507,9
12508,2
12509,20
12510,6
12511,2
12512,25
12513,15
12514,7
12515,25
12516,2
12517,6
12518,27
12519,19
12520,2
12521,25
12522,9
12523,23
12524,2
12525,25
12526,9
12527,23
12528,8
12529,14
12530,17
12531,12
12532,26
12533,12
12534,26
12535,3
12536,12
12537,13
12538,12
12539,3
12540,30
12541,3
12542,30
12543,12
12544,4
12545,12
12546,4
12547,10
12548,4
12549,16
12550,3
12551,16
12552,28
12553,17
12554,14
12555,28
12556,4
12557,12
12558,29
12559,18
12560,17
12561,18
12562,4
12563,10
12564,4
12565,18
12566,17
12567,12
12568,16
12569,10
12570,24
12571,4
12572,12
12573,26
12574,12
12575,4
12576,1
12577,24
12578,26
12579,24
12580,1
12581,16
12582,13
12583,4
12584,13
12585,16
12586,1
12587,17
12588,14
12589,17
12590,12
12591,29
12592,18
12593,17
12594,18
12595,4
12596,13
12597,12
12598,30
12599,3
12600,13
12601,14
12602,8
12603,5
12604,6
12605,27
12606,5
12607,8
12608,5
12609,6
12610,27
12611,6
12612,11
12613,8
12614,19
12615,8
12616,6
12617,2
12618,23
12619,6
12620,23
12621,2
12622,9
12623,15
12624,7
12625,19
12626,7
12627,6
12628,5
12629,6
12630,8
12631,14
12632,8
12633,14
12634,13
12635,4
12636,1
12637,4
12638,16
12639,3
12640,26
12641,12
12642,13
12643,3
12644,12
12645,13
12646,3
12647,16
12648,12
12649,4
12650,28
12651,17
12652,4
12653,13
12654,14
12655,13
12656,4
12657,1
12658,17
12659,14
12660,28
12661,4
12662,13
12663,4
12664,17
12665,18
12666,17
12667,4
12668,13
12669,14
12670,17
12671,18
12672,17
12673,1
12674,4
12675,17
12676,4
12677,24
12678,10
12679,4
12680,17
12681,14
12682,8
12683,23
12684,9
12685,23
12686,15
12687,21
12688,23
12689,6
12690,2
12691,6
12692,5
12693,23
12694,9
12695,15
12696,23
12697,6
12698,2
12699,20
12700,6
12701,20
12702,6
12703,8
12704,5
12705,8
12706,23
12707,21
12708,23
12709,8
12710,14
12711,17
12712,18
12713,29
12714,12
12715,16
12716,13
12717,16
12718,22
12719,16
12720,22
12721,16
12722,1
12723,10
12724,1
12725,17
12726,28
12727,16
12728,13
12729,14
12730,8
12731,19
12732,7
12733,15
12734,7
12735,19
12736,27
12737,19
12738,27
12739,6
12740,8
12741,14
12742,28
12743,16
12744,3
12745,12
12746,29
12747,12
12748,26
12749,3
12750,16
12751,4
12752,12
12753,30
12754,12
12755,16
12756,3
12757,13
12758,14
12759,13
12760,3
12761,13
12762,14
12763,13
12764,16
12765,4
12766,24
12767,4
12768,18
12769,29
12770,12
12771,29
12772,12
12773,26
12774,12
12775,30
12776,3
12777,13
12778,12
12779,3
12780,12
12781,3
12782,13
12783,3
12784,16
12785,10
12786,1
12787,4
12788,10
12789,24
12790,10
12791,16
12792,28
12793,17
12794,4
12795,10
12796,24
12797,4
12798,1
12799,24
12800,1
12801,17
12802,12
12803,16
12804,3
12805,13
12806,12
12807,29
12808,18
12809,4
12810,10
12811,4
12812,12
12813,26
12814,3
12815,12
12816,29
12817,18
12818,4
12819,24
12820,26
12821,24
12822,1
12823,4
12824,16
12825,1
12826,4
12827,10
12828,4
12829,13
12830,16
12831,28
12832,14
12833,28
12834,4
12835,16
12836,28
12837,16
12838,10
12839,1
12840,17
12841,18
12842,17
12843,12
12844,3
12845,26
12846,24
12847,26
12848,12
12849,17
12850,18
12851,17
12852,1
12853,4
12854,1
12855,16
12856,10
12857,16
12858,4
12859,18
12860,17
12861,14
12862,8
12863,23
12864,6
12865,23
12866,15
12867,9
12868,25
12869,2
12870,25
12871,9
12872,2
12873,9
12874,25
12875,9
12876,25
12877,2
12878,19
12879,8
12880,19
12881,27
12882,19
12883,27
12884,6
12885,7
12886,19
12887,2
12888,20
12889,6
12890,23
12891,2
12892,6
12893,7
12894,6
12895,5
12896,8
12897,11
12898,8
12899,23
12900,15
12901,9
12902,23
12903,21
12904,15
12905,11
12906,6
12907,23
12908,9
12909,25
12910,15
12911,23
12912,21
12913,23
12914,5
12915,6
12916,27
12917,5
12918,6
12919,27
12920,6
12921,23
12922,21
12923,15
12924,21
12925,23
12926,2
12927,25
12928,2
12929,9
12930,23
12931,21
12932,23
12933,5
12934,8
12935,19
12936,2
12937,6
12938,2
12939,25
12940,2
12941,25
12942,21
12943,23
12944,2
12945,9
12946,15
12947,7
12948,15
12949,7
12950,19
12951,27
12952,6
12953,2
12954,20
12955,2
12956,23
12957,5
12958,23
12959,21
12960,23
12961,5
12962,23
12963,21
12964,23
12965,6
12966,27
12967,19
12968,7
12969,25
12970,21
12971,23
12972,8
12973,23
12974,6
12975,7
12976,6
12977,2
12978,9
12979,23
12980,6
12981,27
12982,5
12983,8
12984,5
12985,15
12986,11
12987,6
12988,20
12989,2
12990,6
12991,11
12992,6
12993,23
12994,6
12995,23
12996,2
12997,23
12998,2
12999,9
13000,25
13001,2
13002,23
13003,2
13004,9
13005,23
13006,2
13007,25
13008,21
13009,23
13010,2
13011,19
13012,8
13013,11
13014,6
13015,23
13016,8
13017,23
13018,9
13019,23
13020,8
13021,23
13022,5
13023,23
13024,6
13025,7
13026,6
13027,11
13028,15
13029,9
13030,2
13031,20
13032,6
13033,11
13034,8
13035,11
13036,6
13037,5
13038,23
13039,2
13040,25
13041,2
13042,25
13043,9
13044,2
13045,23
13046,6
13047,5
13048,15
13049,21
13050,23
13051,2
13052,20
13053,6
13054,11
13055,8
13056,5
13057,8
13058,11
13059,8
13060,6
13061,20
13062,2
13063,19
13064,8
13065,6
13066,5
13067,8
13068,5
13069,8
13070,11
13071,15
13072,23
13073,6
13074,27
13075,19
13076,27
13077,6
13078,20
13079,6
13080,23
13081,2
13082,19
13083,27
13084,19
13085,8
13086,11
13087,6
13088,5
13089,27
13090,5
13091,27
13092,19
13093,7
13094,15
13095,9
13096,23
13097,9
13098,25
13099,15
13100,23
13101,5
13102,6
13103,5
13104,15
13105,11
13106,15
13107,23
13108,9
13109,23
13110,9
13111,25
13112,21
13113,15
13114,7
13115,15
13116,11
13117,6
13118,8
13119,11
13120,8
13121,11
13122,6
13123,8
13124,5
13125,27
13126,6
13127,20
13128,2
13129,23
13130,8
13131,14
13132,17
13133,12
13134,4
13135,24
13136,10
13137,4
13138,10
13139,16
13140,13
13141,16
13142,12
13143,4
13144,13
13145,4
13146,16
13147,10
13148,24
13149,26
13150,24
13151,26
13152,24
13153,4
13154,16
13155,4
13156,13
13157,16
13158,10
13159,4
13160,24
13161,26
13162,24
13163,10
13164,1
13165,16
13166,22
13167,16
13168,10
13169,1
13170,4
13171,18
13172,4
13173,1
13174,24
13175,10
13176,1
13177,4
13178,28
13179,17
13180,12
13181,29
13182,18
13183,17
13184,1
13185,4
13186,13
13187,12
13188,13
13189,14
13190,13
13191,12
13192,17
13193,18
13194,17
13195,4
13196,17
13197,12
13198,17
13199,4
13200,16
13201,13
13202,3
13203,12
13204,16
13205,10
13206,24
13207,26
13208,3
13209,26
13210,24
13211,10
13212,16
13213,13
13214,14
13215,8
13216,6
13217,8
13218,23
13219,8
13220,5
13221,15
13222,9
13223,23
13224,21
13225,23
13226,21
13227,23
13228,15
13229,25
13230,2
13231,25
13232,7
13233,25
13234,2
13235,6
13236,11
13237,6
13238,20
13239,6
13240,11
13241,6
13242,11
13243,8
13244,6
13245,23
13246,8
13247,5
13248,6
13249,20
13250,6
13251,2
13252,9
13253,23
13254,9
13255,25
13256,15
13257,21
13258,15
13259,9
13260,15
13261,25
13262,21
13263,23
13264,9
13265,23
13266,21
13267,25
13268,15
13269,7
13270,25
13271,2
13272,23
13273,2
13274,20
13275,2
13276,25
13277,2
13278,6
13279,11
13280,15
13281,11
13282,6
13283,5
13284,8
13285,14
13286,28
13287,17
13288,28
13289,16
13290,1
13291,4
13292,12
13293,29
13294,18
13295,17
13296,1
13297,24
13298,1
13299,17
13300,14
13301,8
13302,5
13303,6
13304,11
13305,6
13306,27
13307,6
13308,5
13309,27
13310,19
13311,27
13312,5
13313,23
13314,21
13315,23
13316,21
13317,25
13318,2
13319,23
13320,15
13321,21
13322,25
13323,2
13324,9
13325,25
13326,9
13327,15
13328,5
13329,6
13330,20
13331,2
13332,6
13333,27
13334,5
13335,6
13336,23
13337,5
13338,6
13339,20
13340,6
13341,8
13342,11
13343,8
13344,11
13345,8
13346,5
13347,23
13348,6
13349,2
13350,20
13351,6
13352,11
13353,15
13354,25
13355,21
13356,15
13357,11
13358,6
13359,7
13360,6
13361,23
13362,2
13363,20
13364,2
13365,19
13366,2
13367,25
13368,15
13369,7
13370,25
13371,7
13372,25
13373,7
13374,15
13375,23
13376,5
13377,27
13378,19
13379,2
13380,23
13381,15
13382,7
13383,6
13384,8
13385,5
13386,15
13387,7
13388,15
13389,5
13390,23
13391,8
13392,14
13393,28
13394,14
13395,17
13396,1
13397,17
13398,4
13399,16
13400,1
13401,24
13402,26
13403,12
13404,13
13405,12
13406,16
13407,10
13408,4
13409,16
13410,13
13411,12
13412,29
13413,18
13414,29
13415,12
13416,17
13417,18
13418,4
13419,1
13420,24
13421,1
13422,16
13423,13
13424,12
13425,29
13426,12
13427,30
13428,12
13429,3
13430,26
13431,24
13432,1
13433,4
13434,1
13435,4
13436,16
13437,28
13438,4
13439,28
13440,16
13441,1
13442,17
13443,4
13444,12
13445,16
13446,3
13447,12
13448,13
13449,3
13450,30
13451,3
13452,30
13453,3
13454,16
13455,4
13456,12
13457,16
13458,22
13459,16
13460,1
13461,17
13462,12
13463,26
13464,24
13465,10
13466,1
13467,4
13468,17
13469,4
13470,1
13471,24
13472,10
13473,16
13474,10
13475,24
13476,1
13477,4
13478,13
13479,16
13480,12
13481,3
13482,16
13483,10
13484,1
13485,4
13486,13
13487,16
13488,28
13489,14
13490,17
13491,4
13492,28
13493,17
13494,28
13495,16
13496,12
13497,29
13498,18
13499,29
13500,18
13501,17
13502,1
13503,24
13504,26
13505,3
13506,12
13507,16
13508,4
13509,12
13510,13
13511,12
13512,17
13513,12
13514,26
13515,24
13516,4
13517,28
13518,16
13519,3
13520,16
13521,3
13522,26
13523,3
13524,30
13525,3
13526,30
13527,12
13528,3
13529,30
13530,3
13531,30
13532,3
13533,26
13534,3
13535,30
13536,3
13537,12
13538,16
13539,22
13540,16
13541,3
13542,12
13543,13
13544,3
13545,26
13546,3
13547,30
13548,3
13549,26
13550,3
13551,12
13552,3
13553,12
13554,26
13555,3
13556,26
13557,3
13558,26
13559,3
13560,26
13561,3
13562,16
13563,3
13564,13
13565,16
13566,3
13567,30
13568,12
13569,30
13570,3
13571,12
13572,17
13573,1
13574,4
13575,17
13576,4
13577,17
13578,4
13579,28
13580,14
13581,13
13582,3
13583,13
13584,12
13585,4
13586,16
13587,28
13588,16
13589,10
13590,1
13591,4
13592,1
13593,4
13594,16
13595,1
13596,4
13597,28
13598,16
13599,22
13600,16
13601,13
13602,3
13603,13
13604,14
13605,28
13606,14
13607,8
13608,11
13609,8
13610,23
13611,5
13612,15
13613,9
13614,2
13615,23
13616,5
13617,8
13618,14
13619,8
13620,19
13621,27
13622,19
13623,27
13624,19
13625,7
13626,25
13627,7
13628,6
13629,23
13630,5
13631,6
13632,23
13633,8
13634,11
13635,15
13636,5
13637,6
13638,23
13639,5
13640,6
13641,8
13642,5
13643,15
13644,9
13645,15
13646,21
13647,23
13648,2
13649,25
13650,2
13651,6
13652,20
13653,2
13654,25
13655,15
13656,9
13657,25
13658,2
13659,9
13660,23
13661,21
13662,25
13663,21
13664,23
13665,8
13666,6
13667,27
13668,19
13669,7
13670,25
13671,2
13672,9
13673,25
13674,15
13675,25
13676,7
13677,6
13678,11
13679,15
13680,23
13681,21
13682,25
13683,21
13684,15
13685,25
13686,21
13687,15
13688,7
13689,25
13690,15
13691,5
13692,8
13693,19
13694,8
13695,23
13696,9
13697,15
13698,21
13699,23
13700,8
13701,23
13702,9
13703,2
13704,20
13705,2
13706,6
13707,27
13708,5
13709,27
13710,19
13711,7
13712,6
13713,27
13714,6
13715,20
13716,2
13717,20
13718,6
13719,23
13720,9
13721,23
13722,2
13723,19
13724,27
13725,5
13726,15
13727,11
13728,15
13729,5
13730,8
13731,6
13732,5
13733,15
13734,5
13735,23
13736,15
13737,21
13738,15
13739,23
13740,5
13741,27
13742,19
13743,2
13744,25
13745,9
13746,25
13747,2
13748,19
13749,8
13750,14
13751,28
13752,4
13753,12
13754,17
13755,4
13756,12
13757,13
13758,16
13759,10
13760,24
13761,4
13762,13
13763,14
13764,13
13765,12
13766,30
13767,12
13768,30
13769,12
13770,4
13771,10
13772,16
13773,4
13774,18
13775,17
13776,1
13777,24
13778,26
13779,12
13780,26
13781,12
13782,26
13783,3
13784,13
13785,12
13786,4
13787,17
13788,14
13789,17
13790,14
13791,8
13792,6
13793,23
13794,6
13795,7
13796,19
13797,7
13798,25
13799,7
13800,19
13801,8
13802,5
13803,27
13804,6
13805,8
13806,5
13807,27
13808,5
13809,23
13810,6
13811,2
13812,19
13813,2
13814,20
13815,2
13816,25
13817,2
13818,23
13819,5
13820,27
13821,19
13822,27
13823,6
13824,20
13825,2
13826,6
13827,27
13828,19
13829,27
13830,5
13831,23
13832,5
13833,23
13834,5
13835,6
13836,23
13837,6
13838,8
13839,5
13840,6
13841,5
13842,23
13843,8
13844,11
13845,8
13846,11
13847,15
13848,23
13849,15
13850,23
13851,6
13852,20
13853,2
13854,20
13855,6
13856,23
13857,15
13858,21
13859,15
13860,25
13861,9
13862,2
13863,19
13864,2
13865,20
13866,6
13867,11
13868,6
13869,2
13870,25
13871,2
13872,6
13873,8
13874,11
13875,6
13876,20
13877,6
13878,20
13879,6
13880,11
13881,15
13882,25
13883,9
13884,23
13885,2
13886,23
13887,2
13888,20
13889,2
13890,6
13891,20
13892,6
13893,7
13894,19
13895,27
13896,19
13897,8
13898,11
13899,15
13900,7
13901,15
13902,25
13903,7
13904,6
13905,23
13906,21
13907,25
13908,21
13909,25
13910,7
13911,19
13912,2
13913,20
13914,6
13915,8
13916,6
13917,27
13918,19
13919,2
13920,19
13921,27
13922,5
13923,8
13924,19
13925,8
13926,5
13927,15
13928,7
13929,19
13930,2
13931,20
13932,6
13933,2
13934,9
13935,2
13936,19
13937,8
13938,5
13939,15
13940,25
13941,9
13942,23
13943,15
13944,21
13945,23
13946,8
13947,6
13948,27
13949,19
13950,8
13951,5
13952,23
13953,6
13954,20
13955,2
13956,25
13957,7
13958,19
13959,27
13960,5
13961,8
13962,23
13963,9
13964,23
13965,5
13966,6
13967,20
13968,6
13969,11
13970,15
13971,21
13972,25
13973,9
13974,25
13975,2
13976,9
13977,2
13978,19
13979,7
13980,19
13981,7
13982,6
13983,5
13984,15
13985,5
13986,27
13987,5
13988,27
13989,5
13990,15
13991,21
13992,15
13993,25
13994,2
13995,20
13996,2
13997,23
13998,9
13999,23
14000,2
14001,20
14002,6
14003,20
14004,2
14005,25
14006,15
14007,11
14008,6
14009,23
14010,15
14011,5
14012,27
14013,19
14014,27
14015,19
14016,27
14017,5
14018,23
14019,21
14020,25
14021,9
14022,25
14023,7
14024,6
14025,11
14026,15
14027,23
14028,5
14029,27
14030,5
14031,15
14032,5
14033,6
14034,11
14035,15
14036,11
14037,8
14038,5
14039,8
14040,11
14041,8
14042,23
14043,5
14044,23
14045,6
14046,8
14047,5
14048,8
14049,23
14050,5
14051,15
14052,11
14053,6
14054,7
14055,19
14056,7
14057,15
14058,11
14059,6
14060,27
14061,6
14062,11
14063,6
14064,20
14065,6
14066,11
14067,6
14068,7
14069,15
14070,11
14071,8
14072,23
14073,9
14074,2
14075,19
14076,8
14077,23
14078,5
14079,23
14080,5
14081,27
14082,6
14083,7
14084,19
14085,27
14086,5
14087,6
14088,23
14089,2
14090,25
14091,9
14092,25
14093,2
14094,6
14095,27
14096,19
14097,27
14098,19
14099,7
14100,19
14101,7
14102,6
14103,7
14104,19
14105,8
14106,6
14107,27
14108,6
14109,2
14110,9
14111,25
14112,9
14113,25
14114,2
14115,20
14116,2
14117,9
14118,23
14119,15
14120,23
14121,9
14122,23
14123,5
14124,27
14125,6
14126,8
14127,19
14128,2
14129,19
14130,27
14131,19
14132,27
14133,19
14134,2
14135,9
14136,15
14137,5
14138,8
14139,11
14140,15
14141,23
14142,21
14143,23
14144,15
14145,7
14146,15
14147,9
14148,2
14149,25
14150,9
14151,15
14152,25
14153,15
14154,23
14155,8
14156,19
14157,27
14158,6
14159,2
14160,9
14161,2
14162,9
14163,2
14164,23
14165,15
14166,11
14167,6
14168,20
14169,2
14170,23
14171,2
14172,20
14173,6
14174,11
14175,15
14176,5
14177,15
14178,23
14179,15
14180,21
14181,23
14182,15
14183,9
14184,23
14185,15
14186,21
14187,23
14188,2
14189,9
14190,23
14191,6
14192,20
14193,6
14194,23
14195,8
14196,11
14197,6
14198,8
14199,5
14200,15
14201,5
14202,15
14203,9
14204,25
14205,9
14206,23
14207,9
14208,15
14209,21
14210,25
14211,7
14212,25
14213,7
14214,15
14215,11
14216,15
14217,5
14218,6
14219,7
14220,19
14221,7
14222,15
14223,21
14224,23
14225,15
14226,11
14227,15
14228,5
14229,15
14230,9
14231,25
14232,2
14233,6
14234,5
14235,6
14236,23
14237,6
14238,2
14239,25
14240,7
14241,6
14242,20
14243,2
14244,6
14245,20
14246,2
14247,23
14248,5
14249,8
14250,14
14251,13
14252,16
14253,12
14254,29
14255,18
14256,4
14257,13
14258,4
14259,13
14260,12
14261,3
14262,26
14263,24
14264,10
14265,16
14266,4
14267,12
14268,29
14269,18
14270,29
14271,12
14272,3
14273,12
14274,4
14275,17
14276,28
14277,14
14278,17
14279,18
14280,29
14281,18
14282,17
14283,1
14284,24
14285,1
14286,16
14287,3
14288,13
14289,14
14290,13
14291,16
14292,4
14293,1
14294,17
14295,14
14296,28
14297,4
14298,10
14299,1
14300,24
14301,1
14302,16
14303,28
14304,14
14305,13
14306,12
14307,4
14308,1
14309,10
14310,4
14311,28
14312,16
14313,1
14314,16
14315,10
14316,24
14317,4
14318,13
14319,14
14320,17
14321,12
14322,13
14323,14
14324,28
14325,14
14326,28
14327,16
14328,22
14329,16
14330,10
14331,4
14332,1
14333,10
14334,4
14335,18
14336,17
14337,28
14338,17
14339,18
14340,4
14341,13
14342,14
14343,8
14344,23
14345,8
14346,14
14347,13
14348,3
14349,13
14350,14
14351,28
14352,4
14353,24
14354,10
14355,1
14356,10
14357,16
14358,22
14359,16
14360,22
14361,16
14362,12
14363,30
14364,12
14365,4
14366,16
14367,12
14368,26
14369,24
14370,1
14371,10
14372,16
14373,1
14374,4
14375,16
14376,28
14377,17
14378,12
14379,17
14380,18
14381,4
14382,16
14383,3
14384,26
14385,24
14386,4
14387,12
14388,29
14389,18
14390,4
14391,18
14392,17
14393,12
14394,4
14395,13
14396,4
14397,16
14398,4
14399,24
14400,26
14401,24
14402,1
14403,10
14404,16
14405,10
14406,24
14407,26
14408,24
14409,26
14410,12
14411,3
14412,13
14413,3
14414,30
14415,12
14416,13
14417,16
14418,13
14419,12
14420,13
14421,14
14422,28
14423,14
14424,8
14425,14
14426,13
14427,12
14428,26
14429,12
14430,17
14431,12
14432,3
14433,16
14434,13
14435,4
14436,1
14437,10
14438,16
14439,12
14440,30
14441,12
14442,29
14443,12
14444,4
14445,12
14446,16
14447,12
14448,26
14449,3
14450,12
14451,17
14452,12
14453,26
14454,12
14455,13
14456,4
14457,13
14458,4
14459,12
14460,30
14461,3
14462,16
14463,4
14464,1
14465,24
14466,1
14467,17
14468,1
14469,10
14470,16
14471,22
14472,16
14473,3
14474,13
14475,16
14476,1
14477,17
14478,14
14479,13
14480,4
14481,12
14482,3
14483,30
14484,12
14485,3
14486,26
14487,12
14488,30
14489,3
14490,13
14491,12
14492,16
14493,13
14494,4
14495,17
14496,1
14497,24
14498,26
14499,12
14500,17
14501,4
14502,10
14503,24
14504,26
14505,3
14506,16
14507,4
14508,24
14509,26
14510,24
14511,26
14512,24
14513,4
14514,1
14515,4
14516,16
14517,28
14518,4
14519,28
14520,16
14521,12
14522,29
14523,18
14524,4
14525,17
14526,28
14527,16
14528,4
14529,10
14530,24
14531,10
14532,1
14533,17
14534,28
14535,16
14536,4
14537,18
14538,29
14539,18
14540,29
14541,12
14542,29
14543,12
14544,17
14545,4
14546,17
14547,14
14548,8
14549,19
14550,2
14551,9
14552,25
14553,21
14554,15
14555,23
14556,5
14557,23
14558,6
14559,2
14560,9
14561,15
14562,21
14563,25
14564,9
14565,2
14566,19
14567,2
14568,6
14569,2
14570,19
14571,2
14572,23
14573,15
14574,23
14575,9
14576,23
14577,6
14578,7
14579,19
14580,27
14581,5
14582,27
14583,19
14584,2
14585,19
14586,7
14587,19
14588,8
14589,14
14590,28
14591,16
14592,10
14593,24
14594,10
14595,16
14596,10
14597,16
14598,3
14599,12
14600,17
14601,12
14602,3
14603,30
14604,12
14605,30
14606,3
14607,30
14608,12
14609,3
14610,12
14611,29
14612,18
14613,17
14614,4
14615,28
14616,17
14617,1
14618,16
14619,10
14620,1
14621,17
14622,1
14623,10
14624,24
14625,1
14626,10
14627,4
14628,17
14629,4
14630,1
14631,4
14632,12
14633,13
14634,4
14635,24
14636,1
14637,4
14638,10
14639,1
14640,10
14641,16
14642,13
14643,14
14644,17
14645,4
14646,24
14647,10
14648,24
14649,26
14650,24
14651,1
14652,24
14653,1
14654,16
14655,22
14656,16
14657,3
14658,13
14659,16
14660,10
14661,1
14662,16
14663,1
14664,16
14665,28
14666,16
14667,13
14668,14
14669,13
14670,12
14671,4
14672,16
14673,10
14674,4
14675,1
14676,17
14677,14
14678,13
14679,12
14680,29
14681,12
14682,3
14683,12
14684,17
14685,4
14686,12
14687,26
14688,3
14689,12
14690,16
14691,22
14692,16
14693,28
14694,16
14695,12
14696,30
14697,12
14698,30
14699,12
14700,30
14701,3
14702,30
14703,3
14704,12
14705,13
14706,14
14707,13
14708,14
14709,8
14710,11
14711,6
14712,8
14713,23
14714,9
14715,2
14716,19
14717,2
14718,23
14719,6
14720,23
14721,9
14722,25
14723,21
14724,15
14725,21
14726,23
14727,21
14728,23
14729,15
14730,25
14731,21
14732,23
14733,6
14734,5
14735,27
14736,6
14737,27
14738,5
14739,15
14740,9
14741,23
14742,9
14743,2
14744,9
14745,23
14746,5
14747,15
14748,23
14749,21
14750,15
14751,9
14752,23
14753,8
14754,11
14755,8
14756,11
14757,8
14758,14
14759,8
14760,23
14761,6
14762,5
14763,6
14764,27
14765,6
14766,23
14767,21
14768,15
14769,9
14770,15
14771,5
14772,15
14773,23
14774,5
14775,15
14776,9
14777,2
14778,20
14779,6
14780,11
14781,8
14782,19
14783,8
14784,6
14785,7
14786,6
14787,8
14788,19
14789,7
14790,15
14791,5
14792,27
14793,5
14794,6
14795,2
14796,19
14797,8
14798,11
14799,6
14800,2
14801,23
14802,8
14803,19
14804,8
14805,23
14806,5
14807,8
14808,19
14809,8
14810,14
14811,28
14812,17
14813,28
14814,17
14815,18
14816,29
14817,18
14818,4
14819,10
14820,1
14821,4
14822,28
14823,16
14824,12
14825,4
14826,1
14827,24
14828,4
14829,17
14830,1
14831,4
14832,17
14833,4
14834,13
14835,4
14836,1
14837,10
14838,24
14839,4
14840,17
14841,1
14842,24
14843,10
14844,1
14845,4
14846,24
14847,10
14848,16
14849,10
14850,4
14851,24
14852,26
14853,12
14854,30
14855,3
14856,16
14857,22
14858,16
14859,4
14860,10
14861,4
14862,24
14863,10
14864,1
14865,4
14866,18
14867,4
14868,13
14869,3
14870,12
14871,29
14872,18
14873,4
14874,16
14875,28
14876,14
14877,17
14878,28
14879,4
14880,10
14881,24
14882,1
14883,16
14884,1
14885,4
14886,16
14887,3
14888,16
14889,4
14890,17
14891,18
14892,4
14893,13
14894,16
14895,10
14896,1
14897,24
14898,4
14899,17
14900,28
14901,14
14902,28
14903,16
14904,10
14905,4
14906,16
14907,3
14908,16
14909,13
14910,16
14911,3
14912,26
14913,3
14914,16
14915,28
14916,4
14917,13
14918,16
14919,3
14920,12
14921,16
14922,28
14923,4
14924,17
14925,12
14926,30
14927,3
14928,30
14929,12
14930,4
14931,13
14932,16
14933,3
14934,13
14935,4
14936,12
14937,30
14938,12
14939,4
14940,13
14941,4
14942,16
14943,13
14944,3
14945,26
14946,3
14947,30
14948,3
14949,16
14950,10
14951,24
14952,1
14953,10
14954,16
14955,10
14956,4
14957,1
14958,17
14959,28
14960,16
14961,12
14962,29
14963,18
14964,4
14965,28
14966,16
14967,1
14968,24
14969,4
14970,28
14971,17
14972,4
14973,24
14974,4
14975,17
14976,4
14977,13
14978,4
14979,13
14980,16
14981,28
14982,16
14983,3
14984,13
14985,16
14986,13
14987,3
14988,26
14989,12
14990,17
14991,28
14992,17
14993,4
14994,17
14995,12
14996,30
14997,3
14998,12
14999,13
15000,12
15001,16
15002,4
15003,17
15004,28
15005,14
15006,8
15007,14
15008,13
15009,12
15010,13
15011,16
15012,10
15013,4
15014,18
15015,29
15016,12
15017,3
15018,26
15019,12
15020,30
15021,12
15022,29
15023,18
15024,17
15025,18
15026,4
15027,28
15028,16
15029,28
15030,17
15031,4
15032,1
15033,10
15034,1
15035,16
15036,1
15037,17
15038,18
15039,4
15040,16
15041,3
15042,30
15043,3
15044,30
15045,12
15046,30
15047,12
15048,30
15049,12
15050,30
15051,12
15052,26
15053,3
15054,16
15055,10
15056,4
15057,24
15058,4
15059,28
15060,16
15061,13
15062,16
15063,28
15064,4
15065,10
15066,16
15067,4
15068,16
15069,12
15070,30
15071,12
15072,26
15073,3
15074,30
15075,12
15076,4
15077,16
15078,28
15079,16
15080,12
15081,4
15082,13
15083,3
15084,16
15085,13
15086,3
15087,16
15088,13
15089,3
15090,13
15091,4
15092,28
15093,14
15094,8
15095,5
15096,6
15097,23
15098,8
15099,14
15100,8
15101,11
15102,15
15103,21
15104,25
15105,9
15106,23
15107,5
15108,27
15109,6
15110,5
15111,8
15112,5
15113,6
15114,27
15115,5
15116,27
15117,5
15118,6
15119,2
15120,25
15121,21
15122,23
15123,8
15124,19
15125,7
15126,6
15127,2
15128,23
15129,6
15130,20
15131,2
15132,23
15133,5
15134,15
15135,7
15136,15
15137,9
15138,15
15139,11
15140,6
15141,20
15142,2
15143,9
15144,2
15145,23
15146,2
15147,23
15148,15
15149,7
15150,25
15151,15
15152,11
15153,8
15154,23
15155,21
15156,25
15157,7
15158,15
15159,9
15160,15
15161,7
15162,25
15163,2
15164,20
15165,2
15166,25
15167,21
15168,15
15169,25
15170,7
15171,19
15172,8
15173,19
15174,2
15175,6
15176,11
15177,15
15178,21
15179,15
15180,11
15181,6
15182,11
15183,8
15184,6
15185,20
15186,2
15187,23
15188,5
15189,23
15190,15
15191,9
15192,15
15193,5
15194,23
15195,8
15196,11
15197,6
15198,5
15199,6
15200,5
15201,15
15202,25
15203,2
15204,25
15205,21
15206,25
15207,21
15208,23
15209,8
15210,23
15211,5
15212,15
15213,21
15214,23
15215,15
15216,9
15217,25
15218,2
15219,20
15220,2
15221,19
15222,8
15223,14
15224,13
15225,4
15226,12
15227,16
15228,22
15229,16
15230,4
15231,18
15232,4
15233,10
15234,1
15235,10
15236,1
15237,17
15238,18
15239,4
15240,18
15241,29
15242,12
15243,26
15244,3
15245,12
15246,26
15247,24
15248,1
15249,10
15250,4
15251,17
15252,12
15253,3
15254,13
15255,3
15256,26
15257,12
15258,30
15259,3
15260,13
15261,12
15262,30
15263,3
15264,16
15265,28
15266,17
15267,18
15268,4
15269,17
15270,4
15271,10
15272,16
15273,13
15274,12
15275,26
15276,12
15277,17
15278,12
15279,26
15280,12
15281,26
15282,12
15283,29
15284,18
15285,4
15286,10
15287,24
15288,26
15289,3
15290,12
15291,4
15292,28
15293,16
15294,1
15295,24
15296,4
15297,28
15298,4
15299,18
15300,4
15301,24
15302,4
15303,17
15304,12
15305,17
15306,28
15307,4
15308,12
15309,3
15310,12
15311,16
15312,4
15313,16
15314,12
15315,30
15316,12
15317,26
15318,12
15319,16
15320,28
15321,16
15322,22
15323,16
15324,3
15325,16
15326,4
15327,17
15328,28
15329,17
15330,1
15331,17
15332,4
15333,28
15334,16
15335,4
15336,28
15337,16
15338,10
15339,4
15340,13
15341,12
15342,29
15343,12
15344,30
15345,3
15346,26
15347,12
15348,29
15349,12
15350,13
15351,12
15352,17
15353,28
15354,4
15355,16
15356,10
15357,4
15358,24
15359,10
15360,24
15361,10
15362,4
15363,1
15364,4
15365,18
15366,17
15367,12
15368,17
15369,1
15370,16
15371,4
15372,13
15373,14
15374,28
15375,17
15376,28
15377,4
15378,17
15379,12
15380,26
15381,12
15382,29
15383,18
15384,29
15385,18
15386,4
15387,28
15388,4
15389,28
15390,16
15391,12
15392,16
15393,4
15394,13
15395,12
15396,13
15397,16
15398,4
15399,1
15400,4
15401,18
15402,29
15403,12
15404,4
15405,17
15406,4
15407,13
15408,3
15409,13
15410,4
15411,24
15412,1
15413,10
15414,4
15415,13
15416,4
15417,18
15418,4
15419,12
15420,26
15421,3
15422,26
15423,24
15424,10
15425,4
15426,1
15427,24
15428,4
15429,12
15430,4
15431,1
15432,24
15433,10
15434,16
15435,28
15436,4
15437,24
15438,26
15439,3
15440,26
15441,24
15442,26
15443,24
15444,4
15445,1
15446,24
15447,26
15448,24
15449,4
15450,10
15451,4
15452,17
15453,14
15454,13
15455,12
15456,3
15457,30
15458,12
15459,4
15460,12
15461,26
15462,24
15463,26
15464,24
15465,4
15466,24
15467,1
15468,10
15469,24
15470,10
15471,1
15472,4
15473,18
15474,29
15475,18
15476,29
15477,12
15478,16
15479,22
15480,16
15481,22
15482,16
15483,4
15484,17
15485,1
15486,16
15487,22
15488,16
15489,12
15490,4
15491,17
15492,1
15493,24
15494,4
15495,24
15496,26
15497,12
15498,26
15499,3
15500,13
15501,16
15502,4
15503,12
15504,30
15505,12
15506,4
15507,16
15508,12
15509,16
15510,22
15511,16
15512,22
15513,16
15514,28
15515,17
15516,1
15517,24
15518,10
15519,1
15520,10
15521,24
15522,1
15523,4
15524,13
15525,16
15526,28
15527,14
15528,13
15529,4
15530,1
15531,10
15532,24
15533,1
15534,17
15535,12
15536,17
15537,12
15538,16
15539,22
15540,16
15541,10
15542,1
15543,4
15544,10
15545,16
15546,22
15547,16
15548,1
15549,17
15550,4
15551,24
15552,10
15553,1
15554,17
15555,4
15556,18
15557,29
15558,18
15559,29
15560,18
15561,17
15562,18
15563,17
15564,1
15565,24
15566,1
15567,10
15568,1
15569,17
15570,1
15571,4
15572,12
15573,3
15574,13
15575,14
15576,28
15577,4
15578,17
15579,4
15580,10
15581,1
15582,17
15583,12
15584,16
15585,1
15586,17
15587,12
15588,3
15589,12
15590,17
15591,12
15592,16
15593,12
15594,29
15595,12
15596,17
15597,12
15598,4
15599,24
15600,1
15601,10
15602,4
15603,16
15604,13
15605,3
15606,13
15607,12
15608,4
15609,1
15610,17
15611,28
15612,16
15613,28
15614,4
15615,17
15616,28
15617,17
15618,28
15619,17
15620,1
15621,4
15622,18
15623,4
15624,18
15625,4
15626,24
15627,10
15628,1
15629,17
15630,18
15631,17
15632,12
15633,16
15634,1
15635,24
15636,4
15637,28
15638,14
15639,17
15640,1
15641,24
15642,4
15643,10
15644,4
15645,18
15646,17
15647,12
15648,4
15649,28
15650,16
15651,22
15652,16
15653,13
15654,16
15655,10
15656,16
15657,10
15658,1
15659,4
15660,13
15661,3
15662,30
15663,12
15664,17
15665,4
15666,16
15667,13
15668,16
15669,1
15670,17
15671,28
15672,17
15673,1
15674,16
15675,4
15676,17
15677,28
15678,16
15679,12
15680,3
15681,30
15682,3
15683,26
15684,24
15685,1
15686,16
15687,3
15688,16
15689,4
15690,10
15691,4
15692,24
15693,10
15694,24
15695,26
15696,24
15697,1
15698,10
15699,4
15700,17
15701,12
15702,29
15703,12
15704,3
15705,30
15706,3
15707,13
15708,14
15709,8
15710,14
15711,17
15712,12
15713,4
15714,18
15715,29
15716,18
15717,17
15718,14
15719,17
15720,12
15721,4
15722,18
15723,4
15724,17
15725,14
15726,28
15727,4
15728,18
15729,17
15730,12
15731,16
15732,22
15733,16
15734,13
15735,4
15736,17
15737,12
15738,26
15739,3
15740,13
15741,16
15742,13
15743,16
15744,4
15745,17
15746,1
15747,16
15748,10
15749,16
15750,4
15751,17
15752,14
15753,13
15754,3
15755,12
15756,16
15757,12
15758,3
15759,30
15760,12
15761,16
15762,10
15763,1
15764,16
15765,1
15766,16
15767,3
15768,12
15769,17
15770,18
15771,4
15772,18
15773,4
15774,17
15775,18
15776,29
15777,12
15778,26
15779,3
15780,30
15781,12
15782,29
15783,12
15784,4
15785,24
15786,1
15787,16
15788,13
15789,3
15790,26
15791,12
15792,3
15793,16
15794,13
15795,14
15796,8
15797,14
15798,28
15799,16
15800,10
15801,1
15802,24
15803,1
15804,4
15805,28
15806,16
15807,1
15808,24
15809,4
15810,24
15811,10
15812,4
15813,10
15814,16
15815,22
15816,16
15817,13
15818,12
15819,13
15820,4
15821,16
15822,10
15823,24
15824,1
15825,16
15826,28
15827,14
15828,17
15829,4
15830,17
15831,4
15832,17
15833,18
15834,29
15835,18
15836,4
15837,12
15838,30
15839,12
15840,4
15841,10
15842,16
15843,12
15844,17
15845,28
15846,14
15847,17
15848,28
15849,16
15850,12
15851,17
15852,4
15853,1
15854,24
15855,4
15856,24
15857,1
15858,24
15859,10
15860,16
15861,13
15862,14
15863,13
15864,14
15865,28
15866,16
15867,10
15868,4
15869,16
15870,13
15871,12
15872,30
15873,12
15874,17
15875,18
15876,17
15877,28
15878,16
15879,13
15880,3
15881,13
15882,12
15883,29
15884,12
15885,29
15886,12
15887,3
15888,16
15889,13
15890,3
15891,30
15892,12
15893,17
15894,4
15895,28
15896,17
15897,28
15898,17
15899,4
15900,10
15901,4
15902,16
15903,3
15904,30
15905,12
15906,13
15907,4
15908,10
15909,4
15910,18
15911,29
15912,12
15913,30
15914,12
15915,3
15916,12
15917,29
15918,12
15919,3
15920,16
15921,1
15922,17
15923,14
15924,8
15925,23
15926,8
15927,14
15928,8
15929,5
15930,6
15931,11
15932,6
15933,11
15934,8
15935,6
15936,11
15937,8
15938,5
15939,23
15940,15
15941,5
15942,8
15943,11
15944,6
15945,11
15946,6
15947,23
15948,9
15949,23
15950,2
15951,19
15952,27
15953,5
15954,8
15955,14
15956,13
15957,3
15958,12
15959,17
15960,14
15961,17
15962,28
15963,4
15964,16
15965,4
15966,16
15967,22
15968,16
15969,22
15970,16
15971,13
15972,4
15973,17
15974,1
15975,4
15976,28
15977,17
15978,18
15979,4
15980,18
15981,4
15982,12
15983,4
15984,17
15985,14
15986,8
15987,6
15988,8
15989,19
15990,8
15991,23
15992,8
15993,19
15994,8
15995,14
15996,13
15997,3
15998,16
15999,4
16000,17
16001,18
16002,29
16003,12
16004,30
16005,3
16006,12
16007,13
16008,14
16009,8
16010,6
16011,5
16012,6
16013,2
16014,25
16015,7
16016,25
16017,7
16018,19
16019,7
16020,25
16021,9
16022,23
16023,5
16024,6
16025,7
16026,15
16027,5
16028,6
16029,5
16030,6
16031,5
16032,6
16033,20
16034,2
16035,9
16036,25
16037,7
16038,25
16039,21
16040,15
16041,5
16042,6
16043,5
16044,8
16045,6
16046,23
16047,5
16048,6
16049,5
16050,8
16051,6
16052,2
16053,19
16054,7
16055,25
16056,2
16057,6
16058,27
16059,5
16060,8
16061,23
16062,21
16063,15
16064,25
16065,9
16066,2
16067,23
16068,9
16069,23
16070,15
16071,7
16072,15
16073,21
16074,23
16075,2
16076,19
16077,27
16078,19
16079,7
16080,19
16081,7
16082,19
16083,2
16084,9
16085,15
16086,11
16087,8
16088,5
16089,27
16090,5
16091,6
16092,23
16093,5
16094,6
16095,7
16096,15
16097,11
16098,6
16099,20
16100,2
16101,9
16102,25
16103,9
16104,23
16105,2
16106,9
16107,15
16108,5
16109,8
16110,11
16111,15
16112,11
16113,15
16114,25
16115,21
16116,15
16117,25
16118,7
16119,15
16120,9
16121,25
16122,21
16123,15
16124,7
16125,6
16126,8
16127,11
16128,6
16129,27
16130,6
16131,5
16132,27
16133,6
16134,5
16135,23
16136,15
16137,9
16138,23
16139,2
16140,25
16141,2
16142,6
16143,8
16144,11
16145,8
16146,19
16147,7
16148,19
16149,7
16150,19
16151,8
16152,14
16153,17
16154,4
16155,1
16156,24
16157,26
16158,3
16159,26
16160,12
16161,16
16162,4
16163,18
16164,29
16165,12
16166,3
16167,12
16168,17
16169,14
16170,28
16171,16
16172,12
16173,3
16174,30
16175,3
16176,16
16177,22
16178,16
16179,4
16180,1
16181,24
16182,26
16183,3
16184,16
16185,4
16186,16
16187,3
16188,13
16189,4
16190,17
16191,12
16192,30
16193,3
16194,16
16195,4
16196,24
16197,4
16198,18
16199,4
16200,13
16201,4
16202,12
16203,3
16204,16
16205,3
16206,13
16207,14
16208,28
16209,14
16210,28
16211,4
16212,13
16213,16
16214,22
16215,16
16216,3
16217,12
16218,13
16219,4
16220,13
16221,3
16222,26
16223,3
16224,30
16225,12
16226,26
16227,3
16228,30
16229,3
16230,12
16231,26
16232,12
16233,13
16234,4
16235,1
16236,17
16237,14
16238,8
16239,6
16240,8
16241,5
16242,15
16243,7
16244,25
16245,21
16246,25
16247,2
16248,20
16249,2
16250,19
16251,27
16252,19
16253,7
16254,15
16255,5
16256,23
16257,5
16258,23
16259,21
16260,23
16261,8
16262,6
16263,20
16264,6
16265,7
16266,19
16267,8
16268,6
16269,23
16270,2
16271,6
16272,8
16273,5
16274,15
16275,9
16276,25
16277,2
16278,19
16279,7
16280,19
16281,27
16282,5
16283,6
16284,8
16285,6
16286,5
16287,8
16288,23
16289,15
16290,5
16291,6
16292,2
16293,23
16294,2
16295,19
16296,27
16297,5
16298,8
16299,23
16300,15
16301,21
16302,23
16303,2
16304,19
16305,27
16306,6
16307,20
16308,6
16309,11
16310,8
16311,5
16312,27
16313,19
16314,7
16315,15
16316,23
16317,21
16318,15
16319,23
16320,8
16321,6
16322,7
16323,6
16324,11
16325,15
16326,5
16327,27
16328,6
16329,27
16330,19
16331,27
16332,19
16333,7
16334,6
16335,2
16336,6
16337,27
16338,5
16339,6
16340,23
16341,6
16342,2
16343,6
16344,7
16345,19
16346,27
16347,5
16348,23
16349,8
16350,11
16351,8
16352,11
16353,15
16354,5
16355,23
16356,8
16357,19
16358,7
16359,6
16360,27
16361,19
16362,7
16363,15
16364,11
16365,8
16366,11
16367,6
16368,8
16369,19
16370,27
16371,5
16372,15
16373,9
16374,2
16375,6
16376,20
16377,6
16378,8
16379,11
16380,15
16381,9
16382,25
16383,9
16384,25
16385,9
16386,23
16387,9
16388,2
16389,6
16390,23
16391,2
16392,23
16393,5
16394,6
16395,2
16396,20
16397,6
16398,23
16399,6
16400,11
16401,15
16402,9
16403,15
16404,23
16405,21
16406,23
16407,2
16408,9
16409,15
16410,11
16411,6
16412,8
16413,5
16414,8
16415,11
16416,8
16417,19
16418,27
16419,6
16420,23
16421,6
16422,11
16423,8
16424,19
16425,2
16426,20
16427,6
16428,2
16429,19
16430,2
16431,9
16432,25
16433,15
16434,21
16435,25
16436,7
16437,15
16438,9
16439,23
16440,6
16441,7
16442,15
16443,7
16444,6
16445,7
16446,6
16447,27
16448,6
16449,23
16450,21
16451,25
16452,15
16453,11
16454,6
16455,7
16456,19
16457,8
16458,6
16459,27
16460,5
16461,27
16462,5
16463,8
16464,23
16465,15
16466,7
16467,6
16468,2
16469,20
16470,2
16471,20
16472,6
16473,5
16474,8
16475,19
16476,2
16477,19
16478,8
16479,6
16480,5
16481,8
16482,19
16483,27
16484,6
16485,5
16486,15
16487,23
16488,21
16489,15
16490,21
16491,25
16492,15
16493,11
16494,6
16495,2
16496,19
16497,2
16498,6
16499,5
16500,23
16501,2
16502,23
16503,5
16504,23
16505,15
16506,21
16507,25
16508,15
16509,23
16510,15
16511,9
16512,15
16513,21
16514,25
16515,2
16516,25
16517,21
16518,15
16519,25
16520,9
16521,23
16522,21
16523,25
16524,7
16525,15
16526,21
16527,23
16528,6
16529,5
16530,27
16531,19
16532,27
16533,6
16534,23
16535,6
16536,20
16537,6
16538,11
16539,15
16540,9
16541,23
16542,21
16543,23
16544,6
16545,8
16546,23
16547,21
16548,23
16549,9
16550,15
16551,7
16552,19
16553,8
16554,14
16555,28
16556,14
16557,13
16558,14
16559,28
16560,17
16561,1
16562,16
16563,10
16564,1
16565,24
16566,1
16567,16
16568,13
16569,12
16570,3
16571,12
16572,3
16573,13
16574,12
16575,26
16576,12
16577,16
16578,12
16579,29
16580,18
16581,29
16582,12
16583,13
16584,3
16585,16
16586,3
16587,30
16588,3
16589,30
16590,3
16591,12
16592,16
16593,13
16594,16
16595,12
16596,16
16597,13
16598,16
16599,13
16600,14
16601,13
16602,3
16603,30
16604,3
16605,12
16606,26
16607,12
16608,4
16609,16
16610,10
16611,1
16612,16
16613,22
16614,16
16615,3
16616,26
16617,3
16618,16
16619,13
16620,12
16621,17
16622,4
16623,1
16624,10
16625,4
16626,10
16627,4
16628,12
16629,17
16630,18
16631,17
16632,28
16633,17
16634,12
16635,3
16636,26
16637,3
16638,30
16639,12
16640,29
16641,12
16642,29
16643,18
16644,4
16645,10
16646,4
16647,28
16648,4
16649,18
16650,4
16651,24
16652,26
16653,3
16654,12
16655,30
16656,3
16657,16
16658,22
16659,16
16660,4
16661,17
16662,12
16663,4
16664,1
16665,16
16666,1
16667,10
16668,4
16669,24
16670,4
16671,17
16672,1
16673,16
16674,1
16675,16
16676,22
16677,16
16678,28
16679,14
16680,8
16681,6
16682,20
16683,2
16684,9
16685,23
16686,5
16687,15
16688,5
16689,15
16690,23
16691,5
16692,6
16693,7
16694,15
16695,11
16696,6
16697,7
16698,25
16699,7
16700,15
16701,7
16702,6
16703,5
16704,8
16705,5
16706,23
16707,2
16708,9
16709,23
16710,21
16711,23
16712,15
16713,21
16714,25
16715,2
16716,6
16717,8
16718,5
16719,8
16720,23
16721,6
16722,7
16723,19
16724,7
16725,25
16726,15
16727,11
16728,15
16729,23
16730,9
16731,2
16732,20
16733,6
16734,5
16735,8
16736,14
16737,17
16738,12
16739,29
16740,12
16741,26
16742,12
16743,26
16744,24
16745,4
16746,13
16747,3
16748,13
16749,3
16750,13
16751,16
16752,12
16753,16
16754,22
16755,16
16756,12
16757,17
16758,18
16759,29
16760,18
16761,17
16762,12
16763,26
16764,12
16765,29
16766,18
16767,29
16768,18
16769,4
16770,12
16771,16
16772,1
16773,10
16774,1
16775,24
16776,4
16777,18
16778,4
16779,1
16780,16
16781,12
16782,4
16783,16
16784,10
16785,16
16786,22
16787,16
16788,10
16789,24
16790,10
16791,1
16792,17
16793,12
16794,16
16795,1
16796,24
16797,10
16798,4
16799,12
16800,16
16801,3
16802,26
16803,12
16804,13
16805,3
16806,30
16807,3
16808,30
16809,12
16810,30
16811,3
16812,12
16813,16
16814,10
16815,1
16816,10
16817,4
16818,12
16819,29
16820,18
16821,29
16822,18
16823,4
16824,10
16825,16
16826,10
16827,16
16828,12
16829,4
16830,10
16831,4
16832,28
16833,17
16834,14
16835,8
16836,6
16837,5
16838,23
16839,9
16840,15
16841,9
16842,25
16843,15
16844,23
16845,9
16846,2
16847,9
16848,2
16849,23
16850,5
16851,15
16852,23
16853,9
16854,15
16855,23
16856,15
16857,25
16858,9
16859,15
16860,25
16861,7
16862,6
16863,8
16864,23
16865,5
16866,6
16867,27
16868,6
16869,20
16870,2
16871,19
16872,8
16873,14
16874,28
16875,4
16876,18
16877,17
16878,14
16879,8
16880,23
16881,5
16882,23
16883,2
16884,20
16885,2
16886,25
16887,7
16888,15
16889,9
16890,2
16891,23
16892,21
16893,25
16894,15
16895,25
16896,7
16897,25
16898,9
16899,23
16900,6
16901,20
16902,2
16903,19
16904,7
16905,19
16906,7
16907,25
16908,9
16909,15
16910,9
16911,25
16912,21
16913,25
16914,9
16915,15
16916,23
16917,6
16918,7
16919,6
16920,7
16921,6
16922,27
16923,5
16924,23
16925,21
16926,25
16927,15
16928,25
16929,2
16930,25
16931,15
16932,5
16933,6
16934,2
16935,23
16936,9
16937,2
16938,20
16939,2
16940,25
16941,9
16942,15
16943,5
16944,15
16945,5
16946,6
16947,27
16948,5
16949,23
16950,9
16951,15
16952,5
16953,15
16954,21
16955,25
16956,7
16957,19
16958,27
16959,5
16960,27
16961,19
16962,2
16963,25
16964,7
16965,25
16966,7
16967,25
16968,2
16969,6
16970,23
16971,21
16972,23
16973,15
16974,11
16975,6
16976,5
16977,8
16978,11
16979,8
16980,6
16981,20
16982,2
16983,23
16984,5
16985,23
16986,21
16987,25
16988,15
16989,25
16990,15
16991,11
16992,15
16993,9
16994,23
16995,5
16996,6
16997,11
16998,15
16999,5
17000,27
17001,5
17002,15
17003,11
17004,6
17005,8
17006,6
17007,20
17008,2
17009,20
17010,6
17011,8
17012,19
17013,8
17014,14
17015,17
17016,28
17017,14
17018,28
17019,4
17020,13
17021,16
17022,22
17023,16
17024,12
17025,17
17026,1
17027,17
17028,1
17029,16
17030,1
17031,24
17032,4
17033,1
17034,16
17035,22
17036,16
17037,10
17038,16
17039,12
17040,16
17041,10
17042,1
17043,10
17044,16
17045,3
17046,30
17047,12
17048,16
17049,3
17050,12
17051,16
17052,10
17053,1
17054,10
17055,16
17056,12
17057,4
17058,17
17059,12
17060,29
17061,12
17062,26
17063,3
17064,30
17065,3
17066,16
17067,22
17068,16
17069,10
17070,24
17071,26
17072,24
17073,1
17074,24
17075,26
17076,3
17077,13
17078,4
17079,24
17080,10
17081,1
17082,4
17083,18
17084,17
17085,28
17086,4
17087,28
17088,17
17089,1
17090,4
17091,1
17092,10
17093,16
17094,10
17095,1
17096,16
17097,3
17098,26
17099,12
17100,16
17101,3
17102,30
17103,12
17104,3
17105,16
17106,3
17107,16
17108,13
17109,14
17110,17
17111,1
17112,17
17113,12
17114,26
17115,3
17116,16
17117,10
17118,24
17119,26
17120,24
17121,1
17122,24
17123,4
17124,28
17125,4
17126,17
17127,1
17128,17
17129,12
17130,16
17131,3
17132,30
17133,12
17134,13
17135,4
17136,28
17137,4
17138,13
17139,12
17140,26
17141,24
17142,10
17143,16
17144,4
17145,10
17146,4
17147,28
17148,16
17149,1
17150,17
17151,1
17152,4
17153,1
17154,10
17155,16
17156,1
17157,17
17158,18
17159,29
17160,18
17161,4
17162,1
17163,16
17164,10
17165,24
17166,1
17167,16
17168,13
17169,3
17170,30
17171,3
17172,13
17173,14
17174,13
17175,4
17176,13
17177,4
17178,24
17179,1
17180,4
17181,18
17182,29
17183,12
17184,17
17185,18
17186,29
17187,12
17188,26
17189,24
17190,26
17191,12
17192,13
17193,3
17194,16
17195,10
17196,24
17197,26
17198,3
17199,30
17200,12
17201,16
17202,13
17203,16
17204,28
17205,14
17206,13
17207,12
17208,29
17209,18
17210,4
17211,1
17212,16
17213,10
17214,16
17215,3
17216,16
17217,1
17218,17
17219,12
17220,29
17221,18
17222,4
17223,1
17224,16
17225,22
17226,16
17227,12
17228,26
17229,24
17230,26
17231,12
17232,30
17233,3
17234,13
17235,4
17236,16
17237,10
17238,4
17239,12
17240,26
17241,12
17242,26
17243,12
17244,3
17245,13
17246,14
17247,17
17248,28
17249,17
17250,1
17251,10
17252,24
17253,26
17254,12
17255,13
17256,4
17257,24
17258,1
17259,4
17260,18
17261,17
17262,14
17263,17
17264,1
17265,10
17266,1
17267,16
17268,22
17269,16
17270,13
17271,4
17272,24
17273,1
17274,16
17275,4
17276,28
17277,4
17278,10
17279,24
17280,10
17281,24
17282,1
17283,24
17284,10
17285,4
17286,17
17287,12
17288,16
17289,12
17290,26
17291,3
17292,30
17293,12
17294,13
17295,14
17296,17
17297,14
17298,28
17299,4
17300,28
17301,16
17302,28
17303,17
17304,12
17305,3
17306,30
17307,3
17308,26
17309,3
17310,13
17311,3
17312,13
17313,3
17314,13
17315,4
17316,24
17317,4
17318,16
17319,4
17320,16
17321,13
17322,16
17323,1
17324,17
17325,18
17326,29
17327,12
17328,16
17329,12
17330,26
17331,3
17332,12
17333,13
17334,4
17335,13
17336,12
17337,29
17338,18
17339,17
17340,4
17341,18
17342,17
17343,18
17344,17
17345,14
17346,8
17347,19
17348,2
17349,6
17350,20
17351,2
17352,9
17353,2
17354,19
17355,2
17356,23
17357,8
17358,19
17359,8
17360,6
17361,2
17362,25
17363,2
17364,9
17365,2
17366,6
17367,2
17368,9
17369,25
17370,2
17371,25
17372,15
17373,5
17374,6
17375,11
17376,6
17377,11
17378,15
17379,25
17380,7
17381,15
17382,25
17383,7
17384,6
17385,2
17386,20
17387,6
17388,5
17389,8
17390,23
17391,5
17392,27
17393,19
17394,27
17395,6
17396,2
17397,9
17398,23
17399,9
17400,15
17401,9
17402,25
17403,15
17404,23
17405,2
17406,6
17407,7
17408,6
17409,11
17410,6
17411,20
17412,2
17413,9
17414,15
17415,7
17416,15
17417,5
17418,27
17419,19
17420,27
17421,19
17422,8
17423,5
17424,8
17425,5
17426,8
17427,19
17428,8
17429,11
17430,15
17431,21
17432,25
17433,15
17434,11
17435,15
17436,23
17437,9
17438,15
17439,9
17440,15
17441,11
17442,8
17443,11
17444,15
17445,25
17446,15
17447,25
17448,15
17449,7
17450,19
17451,27
17452,19
17453,2
17454,6
17455,2
17456,20
17457,6
17458,5
17459,8
17460,14
17461,13
17462,16
17463,13
17464,14
17465,17
17466,28
17467,17
17468,12
17469,26
17470,24
17471,10
17472,1
17473,24
17474,1
17475,24
17476,1
17477,16
17478,1
17479,10
17480,1
17481,17
17482,12
17483,30
17484,12
17485,17
17486,1
17487,17
17488,18
17489,4
17490,10
17491,4
17492,28
17493,14
17494,13
17495,4
17496,17
17497,28
17498,14
17499,28
17500,16
17501,22
17502,16
17503,28
17504,4
17505,28
17506,17
17507,18
17508,4
17509,18
17510,29
17511,12
17512,30
17513,3
17514,12
17515,30
17516,12
17517,4
17518,24
17519,26
17520,3
17521,12
17522,13
17523,3
17524,12
17525,26
17526,3
17527,16
17528,12
17529,4
17530,17
17531,18
17532,17
17533,1
17534,16
17535,3
17536,16
17537,4
17538,18
17539,29
17540,18
17541,17
17542,4
17543,16
17544,10
17545,4
17546,18
17547,4
17548,16
17549,22
17550,16
17551,28
17552,17
17553,14
17554,8
17555,19
17556,8
17557,19
17558,8
17559,14
17560,8
17561,6
17562,5
17563,27
17564,6
17565,11
17566,8
17567,14
17568,13
17569,4
17570,16
17571,3
17572,12
17573,26
17574,12
17575,17
17576,18
17577,4
17578,13
17579,12
17580,30
17581,12
17582,3
17583,16
17584,4
17585,18
17586,4
17587,18
17588,4
17589,24
17590,1
17591,16
17592,22
17593,16
17594,28
17595,17
17596,14
17597,8
17598,11
17599,8
17600,5
17601,23
17602,8
17603,5
17604,8
17605,19
17606,27
17607,6
17608,8
17609,11
17610,6
17611,11
17612,6
17613,20
17614,2
17615,6
17616,23
17617,5
17618,8
17619,5
17620,27
17621,5
17622,27
17623,19
17624,8
17625,23
17626,6
17627,27
17628,5
17629,6
17630,20
17631,6
17632,7
17633,25
17634,2
17635,23
17636,15
17637,25
17638,21
17639,25
17640,15
17641,23
17642,21
17643,25
17644,15
17645,21
17646,23
17647,15
17648,7
17649,19
17650,27
17651,6
17652,27
17653,19
17654,8
17655,6
17656,20
17657,2
17658,19
17659,2
17660,19
17661,27
17662,19
17663,7
17664,25
17665,2
17666,9
17667,15
17668,25
17669,2
17670,9
17671,15
17672,23
17673,15
17674,23
17675,9
17676,23
17677,9
17678,2
17679,20
17680,6
17681,20
17682,2
17683,25
17684,15
17685,21
17686,15
17687,9
17688,15
17689,25
17690,7
17691,6
17692,20
17693,6
17694,2
17695,19
17696,2
17697,25
17698,2
17699,23
17700,6
17701,23
17702,2
17703,6
17704,11
17705,8
17706,19
17707,7
17708,19
17709,7
17710,19
17711,2
17712,6
17713,2
17714,6
17715,7
17716,19
17717,8
17718,5
17719,27
17720,6
17721,5
17722,6
17723,23
17724,6
17725,7
17726,19
17727,27
17728,19
17729,27
17730,19
17731,27
17732,5
17733,6
17734,7
17735,6
17736,5
17737,8
17738,23
17739,15
17740,5
17741,6
17742,11
17743,6
17744,11
17745,6
17746,2
17747,25
17748,21
17749,15
17750,21
17751,15
17752,21
17753,15
17754,25
17755,9
17756,25
17757,21
17758,25
17759,2
17760,25
17761,2
17762,25
17763,21
17764,23
17765,2
17766,23
17767,15
17768,7
17769,15
17770,9
17771,23
17772,15
17773,9
17774,15
17775,5
17776,23
17777,5
17778,6
17779,7
17780,19
17781,27
17782,5
17783,27
17784,5
17785,8
17786,5
17787,23
17788,5
17789,6
17790,2
17791,20
17792,6
17793,11
17794,8
17795,6
17796,20
17797,2
17798,19
17799,2
17800,20
17801,6
17802,5
17803,8
17804,5
17805,23
17806,8
17807,6
17808,27
17809,19
17810,7
17811,15
17812,9
17813,2
17814,20
17815,2
17816,23
17817,15
17818,21
17819,23
17820,9
17821,25
17822,15
17823,9
17824,15
17825,5
17826,15
17827,7
17828,19
17829,2
17830,25
17831,15
17832,21
17833,15
17834,25
17835,21
17836,25
17837,9
17838,23
17839,21
17840,25
17841,2
17842,23
17843,8
17844,23
17845,9
17846,23
17847,9
17848,25
17849,2
17850,20
17851,6
17852,27
17853,19
17854,2
17855,20
17856,6
17857,8
17858,14
17859,8
17860,11
17861,15
17862,25
17863,15
17864,7
17865,25
17866,21
17867,25
17868,21
17869,23
17870,15
17871,9
17872,15
17873,9
17874,15
17875,25
17876,21
17877,23
17878,5
17879,8
17880,6
17881,2
17882,20
17883,2
17884,23
17885,15
17886,9
17887,25
17888,15
17889,11
17890,15
17891,7
17892,19
17893,8
17894,23
17895,15
17896,7
17897,6
17898,7
17899,6
17900,11
17901,8
17902,5
17903,27
17904,6
17905,11
17906,15
17907,5
17908,15
17909,23
17910,6
17911,27
17912,5
17913,15
17914,7
17915,25
17916,21
17917,23
17918,9
17919,25
17920,9
17921,23
17922,15
17923,21
17924,15
17925,7
17926,19
17927,27
17928,19
17929,7
17930,25
17931,7
17932,15
17933,25
17934,15
17935,9
17936,23
17937,21
17938,15
17939,9
17940,23
17941,6
17942,7
17943,15
17944,7
17945,25
17946,21
17947,23
17948,15
17949,21
17950,23
17951,5
17952,27
17953,19
17954,27
17955,19
17956,2
17957,25
17958,7
17959,19
17960,27
17961,19
17962,7
17963,25
17964,21
17965,25
17966,9
17967,15
17968,21
17969,23
17970,9
17971,25
17972,21
17973,23
17974,9
17975,2
17976,25
17977,2
17978,25
17979,7
17980,19
17981,8
17982,6
17983,8
17984,14
17985,28
17986,14
17987,13
17988,3
17989,30
17990,3
17991,16
17992,22
17993,16
17994,22
17995,16
17996,1
17997,4
17998,28
17999,4
18000,16
18001,13
18002,12
18003,30
18004,3
18005,12
18006,17
18007,14
18008,8
18009,5
18010,6
18011,23
18012,21
18013,23
18014,9
18015,15
18016,11
18017,6
18018,20
18019,2
18020,6
18021,11
18022,15
18023,23
18024,2
18025,20
18026,2
18027,23
18028,15
18029,7
18030,25
18031,7
18032,15
18033,11
18034,8
18035,11
18036,15
18037,25
18038,15
18039,23
18040,21
18041,15
18042,21
18043,23
18044,15
18045,23
18046,21
18047,25
18048,21
18049,15
18050,25
18051,9
18052,15
18053,23
18054,2
18055,9
18056,23
18057,15
18058,11
18059,6
18060,20
18061,2
18062,6
18063,8
18064,11
18065,6
18066,11
18067,6
18068,5
18069,6
18070,5
18071,6
18072,2
18073,23
18074,15
18075,11
18076,8
18077,6
18078,11
18079,6
18080,27
18081,6
18082,2
18083,6
18084,27
18085,19
18086,7
18087,19
18088,2
18089,23
18090,6
18091,11
18092,15
18093,9
18094,25
18095,15
18096,5
18097,15
18098,21
18099,25
18100,7
18101,15
18102,11
18103,15
18104,5
18105,8
18106,11
18107,6
18108,7
18109,25
18110,7
18111,6
18112,27
18113,6
18114,11
18115,15
18116,7
18117,15
18118,11
18119,15
18120,25
18121,21
18122,23
18123,21
18124,25
18125,15
18126,7
18127,25
18128,21
18129,23
18130,6
18131,27
18132,19
18133,7
18134,25
18135,21
18136,23
18137,9
18138,23
18139,21
18140,15
18141,7
18142,25
18143,2
18144,9
18145,15
18146,7
18147,19
18148,2
18149,23
18150,2
18151,9
18152,2
18153,20
18154,6
18155,27
18156,5
18157,27
18158,6
18159,8
18160,14
18161,8
18162,23
18163,6
18164,2
18165,19
18166,7
18167,25
18168,7
18169,6
18170,20
18171,2
18172,23
18173,5
18174,23
18175,9
18176,2
18177,25
18178,15
18179,21
18180,15
18181,5
18182,23
18183,21
18184,23
18185,5
18186,15
18187,7
18188,6
18189,2
18190,25
18191,2
18192,25
18193,9
18194,15
18195,25
18196,7
18197,25
18198,7
18199,19
18200,7
18201,15
18202,5
18203,15
18204,21
18205,23
18206,15
18207,23
18208,21
18209,25
18210,21
18211,23
18212,5
18213,23
18214,9
18215,15
18216,25
18217,7
18218,15
18219,21
18220,23
18221,6
18222,7
18223,15
18224,5
18225,8
18226,5
18227,8
18228,23
18229,2
18230,20
18231,2
18232,20
18233,2
18234,23
18235,6
18236,27
18237,6
18238,11
18239,15
18240,9
18241,2
18242,25
18243,9
18244,15
18245,21
18246,23
18247,6
18248,11
18249,15
18250,11
18251,8
18252,14
18253,13
18254,4
18255,13
18256,4
18257,17
18258,1
18259,24
18260,26
18261,12
18262,3
18263,16
18264,1
18265,10
18266,16
18267,12
18268,13
18269,14
18270,8
18271,11
18272,6
18273,2
18274,25
18275,9
18276,15
18277,25
18278,21
18279,23
18280,15
18281,9
18282,23
18283,6
18284,5
18285,23
18286,21
18287,25
18288,9
18289,2
18290,25
18291,7
18292,6
18293,5
18294,27
18295,6
18296,11
18297,8
18298,23
18299,21
18300,23
18301,5
18302,23
18303,8
18304,6
18305,11
18306,8
18307,5
18308,8
18309,11
18310,6
18311,23
18312,5
18313,27
18314,6
18315,27
18316,6
18317,8
18318,19
18319,27
18320,6
18321,23
18322,5
18323,23
18324,15
18325,5
18326,15
18327,25
18328,2
18329,25
18330,15
18331,7
18332,25
18333,9
18334,15
18335,9
18336,15
18337,21
18338,23
18339,5
18340,6
18341,27
18342,5
18343,23
18344,8
18345,11
18346,6
18347,20
18348,2
18349,25
18350,2
18351,9
18352,25
18353,21
18354,25
18355,2
18356,6
18357,2
18358,25
18359,7
18360,19
18361,8
18362,23
18363,9
18364,25
18365,2
18366,25
18367,2
18368,20
18369,6
18370,7
18371,6
18372,5
18373,23
18374,2
18375,9
18376,15
18377,7
18378,19
18379,8
18380,14
18381,13
18382,4
18383,16
18384,4
18385,12
18386,17
18387,12
18388,26
18389,24
18390,10
18391,16
18392,13
18393,12
18394,13
18395,4
18396,28
18397,14
18398,13
18399,3
18400,12
18401,17
18402,4
18403,13
18404,4
18405,16
18406,13
18407,12
18408,17
18409,1
18410,17
18411,1
18412,4
18413,28
18414,4
18415,17
18416,14
18417,28
18418,4
18419,24
18420,1
18421,10
18422,24
18423,26
18424,12
18425,3
18426,30
18427,12
18428,4
18429,1
18430,4
18431,17
18432,12
18433,30
18434,3
18435,12
18436,4
18437,28
18438,17
18439,18
18440,17
18441,14
18442,28
18443,17
18444,18
18445,4
18446,1
18447,10
18448,1
18449,4
18450,1
18451,16
18452,4
18453,13
18454,4
18455,28
18456,14
18457,8
18458,5
18459,6
18460,5
18461,23
18462,5
18463,23
18464,8
18465,6
18466,23
18467,5
18468,15
18469,11
18470,15
18471,21
18472,25
18473,21
18474,25
18475,2
18476,20
18477,6
18478,11
18479,8
18480,6
18481,11
18482,6
18483,2
18484,6
18485,23
18486,6
18487,7
18488,25
18489,21
18490,25
18491,7
18492,25
18493,21
18494,23
18495,21
18496,15
18497,11
18498,15
18499,21
18500,23
18501,15
18502,9
18503,2
18504,9
18505,15
18506,9
18507,2
18508,23
18509,9
18510,25
18511,9
18512,23
18513,8
18514,14
18515,17
18516,14
18517,28
18518,4
18519,12
18520,16
18521,3
18522,30
18523,3
18524,16
18525,4
18526,12
18527,3
18528,12
18529,26
18530,24
18531,4
18532,18
18533,4
18534,28
18535,17
18536,18
18537,29
18538,18
18539,17
18540,14
18541,28
18542,16
18543,22
18544,16
18545,4
18546,1
18547,17
18548,28
18549,16
18550,10
18551,16
18552,28
18553,17
18554,18
18555,4
18556,18
18557,4
18558,24
18559,26
18560,3
18561,12
18562,13
18563,14
18564,13
18565,14
18566,28
18567,17
18568,4
18569,13
18570,3
18571,16
18572,1
18573,24
18574,26
18575,12
18576,3
18577,12
18578,30
18579,3
18580,12
18581,30
18582,12
18583,26
18584,24
18585,26
18586,3
18587,12
18588,30
18589,3
18590,16
18591,4
18592,13
18593,4
18594,24
18595,26
18596,3
18597,26
18598,3
18599,13
18600,12
18601,13
18602,12
18603,17
18604,18
18605,17
18606,1
18607,16
18608,4
18609,28
18610,4
18611,10
18612,16
18613,13
18614,4
18615,16
18616,3
18617,16
18618,13
18619,4
18620,24
18621,10
18622,16
18623,13
18624,12
18625,4
18626,28
18627,14
18628,28
18629,17
18630,4
18631,28
18632,17
18633,14
18634,28
18635,4
18636,13
18637,12
18638,17
18639,12
18640,16
18641,4
18642,17
18643,1
18644,17
18645,12
18646,17
18647,12
18648,3
18649,13
18650,14
18651,28
18652,14
18653,17
18654,18
18655,4
18656,18
18657,17
18658,1
18659,4
18660,10
18661,4
18662,28
18663,16
18664,4
18665,24
18666,10
18667,4
18668,10
18669,1
18670,24
18671,10
18672,24
18673,1
18674,10
18675,16
18676,1
18677,10
18678,1
18679,16
18680,12
18681,26
18682,3
18683,26
18684,24
18685,26
18686,24
18687,1
18688,17
18689,14
18690,13
18691,16
18692,1
18693,10
18694,4
18695,16
18696,12
18697,26
18698,24
18699,4
18700,13
18701,12
18702,16
18703,22
18704,16
18705,28
18706,14
18707,17
18708,18
18709,17
18710,14
18711,13
18712,4
18713,1
18714,16
18715,12
18716,3
18717,30
18718,12
18719,17
18720,4
18721,24
18722,4
18723,10
18724,16
18725,3
18726,12
18727,13
18728,3
18729,12
18730,29
18731,18
18732,29
18733,18
18734,29
18735,18
18736,29
18737,12
18738,17
18739,28
18740,4
18741,17
18742,4
18743,28
18744,4
18745,18
18746,17
18747,12
18748,26
18749,3
18750,12
18751,3
18752,26
18753,3
18754,13
18755,4
18756,1
18757,10
18758,4
18759,10
18760,4
18761,13
18762,16
18763,12
18764,26
18765,12
18766,3
18767,26
18768,3
18769,26
18770,24
18771,4
18772,10
18773,16
18774,1
18775,4
18776,13
18777,12
18778,17
18779,1
18780,16
18781,12
18782,13
18783,12
18784,26
18785,3
18786,26
18787,12
18788,13
18789,16
18790,10
18791,24
18792,1
18793,16
18794,12
18795,13
18796,12
18797,3
18798,30
18799,12
18800,29
18801,18
18802,29
18803,12
18804,30
18805,12
18806,30
18807,3
18808,26
18809,24
18810,4
18811,17
18812,12
18813,30
18814,12
18815,16
18816,3
18817,30
18818,3
18819,16
18820,22
18821,16
18822,13
18823,4
18824,10
18825,24
18826,10
18827,24
18828,10
18829,16
18830,3
18831,12
18832,3
18833,16
18834,3
18835,16
18836,4
18837,28
18838,14
18839,17
18840,28
18841,17
18842,18
18843,29
18844,12
18845,26
18846,12
18847,13
18848,16
18849,1
18850,10
18851,16
18852,28
18853,17
18854,14
18855,8
18856,5
18857,15
18858,11
18859,6
18860,27
18861,19
18862,7
18863,19
18864,2
18865,20
18866,6
18867,2
18868,20
18869,2
18870,23
18871,21
18872,15
18873,7
18874,19
18875,2
18876,20
18877,2
18878,9
18879,23
18880,9
18881,25
18882,21
18883,15
18884,25
18885,21
18886,25
18887,2
18888,9
18889,25
18890,9
18891,2
18892,23
18893,6
18894,20
18895,2
18896,23
18897,9
18898,15
18899,23
18900,8
18901,6
18902,27
18903,5
18904,23
18905,2
18906,19
18907,7
18908,25
18909,2
18910,20
18911,2
18912,19
18913,7
18914,19
18915,8
18916,23
18917,8
18918,6
18919,11
18920,6
18921,5
18922,23
18923,21
18924,15
18925,21
18926,15
18927,5
18928,6
18929,23
18930,5
18931,23
18932,9
18933,25
18934,9
18935,25
18936,2
18937,20
18938,2
18939,6
18940,23
18941,6
18942,8
18943,14
18944,13
18945,3
18946,30
18947,12
18948,17
18949,28
18950,14
18951,8
18952,14
18953,28
18954,17
18955,28
18956,16
18957,10
18958,24
18959,4
18960,1
18961,16
18962,10
18963,1
18964,16
18965,28
18966,17
18967,12
18968,3
18969,12
18970,3
18971,13
18972,12
18973,26
18974,24
18975,26
18976,24
18977,1
18978,4
18979,13
18980,3
18981,12
18982,4
18983,28
18984,4
18985,1
18986,17
18987,12
18988,17
18989,18
18990,4
18991,24
18992,10
18993,24
18994,10
18995,1
18996,10
18997,4
18998,24
18999,1
19000,24
19001,26
19002,12
19003,29
19004,18
19005,17
19006,28
19007,4
19008,1
19009,10
19010,24
19011,4
19012,13
19013,3
19014,16
19015,3
19016,26
19017,3
19018,13
19019,4
19020,13
19021,3
19022,13
19023,14
19024,8
19025,5
19026,6
19027,20
19028,2
19029,23
19030,5
19031,8
19032,23
19033,8
19034,11
19035,15
19036,23
19037,8
19038,5
19039,15
19040,7
19041,25
19042,21
19043,15
19044,11
19045,15
19046,9
19047,23
19048,21
19049,15
19050,11
19051,6
19052,11
19053,8
19054,6
19055,2
19056,9
19057,25
19058,2
19059,20
19060,2
19061,25
19062,9
19063,15
19064,9
19065,25
19066,9
19067,25
19068,2
19069,23
19070,6
19071,5
19072,23
19073,6
19074,7
19075,15
19076,21
19077,15
19078,11
19079,15
19080,5
19081,27
19082,5
19083,27
19084,5
19085,6
19086,27
19087,19
19088,2
19089,20
19090,2
19091,9
19092,23
19093,21
19094,25
19095,2
19096,25
19097,2
19098,6
19099,20
19100,2
19101,9
19102,25
19103,15
19104,7
19105,19
19106,27
19107,19
19108,8
19109,6
19110,20
19111,6
19112,20
19113,2
19114,19
19115,2
19116,25
19117,7
19118,15
19119,23
19120,9
19121,2
19122,23
19123,21
19124,25
19125,2
19126,25
19127,21
19128,23
19129,15
19130,7
19131,15
19132,21
19133,15
19134,11
19135,15
19136,9
19137,23
19138,8
19139,11
19140,8
19141,14
19142,28
19143,16
19144,3
19145,30
19146,3
19147,12
19148,30
19149,3
19150,16
19151,12
19152,13
19153,3
19154,26
19155,3
19156,16
19157,22
19158,16
19159,10
19160,16
19161,22
19162,16
19163,13
19164,3
19165,16
19166,4
19167,12
19168,13
19169,14
19170,13
19171,14
19172,28
19173,4
19174,16
19175,1
19176,24
19177,10
19178,4
19179,16
19180,22
19181,16
19182,1
19183,10
19184,24
19185,4
19186,1
19187,4
19188,10
19189,1
19190,4
19191,16
19192,1
19193,16
19194,12
19195,30
19196,12
19197,4
19198,13
19199,14
19200,8
19201,5
19202,15
19203,23
19204,6
19205,20
19206,2
19207,23
19208,2
19209,20
19210,2
19211,9
19212,23
19213,6
19214,20
19215,6
19216,27
19217,5
19218,8
19219,14
19220,17
19221,4
19222,17
19223,14
19224,13
19225,14
19226,17
19227,14
19228,8
19229,14
19230,13
19231,12
19232,17
19233,28
19234,16
19235,3
19236,16
19237,3
19238,16
19239,10
19240,1
19241,16
19242,3
19243,13
19244,3
19245,13
19246,4
19247,1
19248,16
19249,13
19250,12
19251,29
19252,12
19253,3
19254,12
19255,16
19256,12
19257,29
19258,18
19259,29
19260,18
19261,29
19262,18
19263,29
19264,18
19265,17
19266,4
19267,17
19268,14
19269,28
19270,4
19271,28
19272,17
19273,28
19274,14
19275,13
19276,16
19277,4
19278,16
19279,3
19280,16
19281,4
19282,17
19283,18
19284,17
19285,12
19286,17
19287,18
19288,29
19289,12
19290,16
19291,3
19292,26
19293,24
19294,4
19295,12
19296,29
19297,12
19298,16
19299,28
19300,17
19301,14
19302,28
19303,14
19304,8
19305,19
19306,8
19307,19
19308,7
19309,25
19310,7
19311,19
19312,7
19313,19
19314,2
19315,19
19316,2
19317,19
19318,2
19319,25
19320,7
19321,19
19322,8
19323,5
19324,15
19325,23
19326,5
19327,8
19328,19
19329,7
19330,25
19331,2
19332,23
19333,21
19334,15
19335,23
19336,21
19337,23
19338,9
19339,25
19340,9
19341,15
19342,21
19343,15
19344,11
19345,6
19346,7
19347,15
19348,5
19349,6
19350,20
19351,2
19352,20
19353,2
19354,25
19355,2
19356,23
19357,2
19358,9
19359,25
19360,9
19361,25
19362,2
19363,25
19364,2
19365,25
19366,15
19367,11
19368,6
19369,2
19370,23
19371,5
19372,6
19373,7
19374,6
19375,2
19376,9
19377,25
19378,9
19379,15
19380,23
19381,15
19382,25
19383,15
19384,9
19385,25
19386,21
19387,23
19388,21
19389,15
19390,9
19391,2
19392,20
19393,6
19394,7
19395,25
19396,2
19397,19
19398,8
19399,6
19400,7
19401,15
19402,9
19403,25
19404,2
19405,19
19406,27
19407,19
19408,8
19409,5
19410,15
19411,23
19412,15
19413,25
19414,9
19415,25
19416,2
19417,9
19418,15
19419,21
19420,25
19421,7
19422,15
19423,9
19424,25
19425,2
19426,19
19427,2
19428,25
19429,21
19430,25
19431,21
19432,25
19433,2
19434,20
19435,2
19436,19
19437,7
19438,25
19439,21
19440,25
19441,15
19442,7
19443,6
19444,11
19445,15
19446,7
19447,6
19448,8
19449,19
19450,8
19451,23
19452,2
19453,25
19454,9
19455,15
19456,23
19457,15
19458,9
19459,23
19460,2
19461,20
19462,6
19463,5
19464,23
19465,8
19466,14
19467,8
19468,11
19469,8
19470,14
19471,17
19472,1
19473,24
19474,26
19475,3
19476,12
19477,30
19478,12
19479,30
19480,3
19481,30
19482,3
19483,30
19484,3
19485,16
19486,1
19487,16
19488,10
19489,16
19490,3
19491,30
19492,12
19493,30
19494,3
19495,12
19496,4
19497,16
19498,22
19499,16
19500,3
19501,16
19502,13
19503,16
19504,28
19505,16
19506,4
19507,12
19508,26
19509,12
19510,29
19511,18
19512,4
19513,28
19514,16
19515,28
19516,16
19517,12
19518,17
19519,18
19520,17
19521,28
19522,17
19523,14
19524,17
19525,14
19526,8
19527,19
19528,2
19529,25
19530,21
19531,25
19532,9
19533,15
19534,5
19535,8
19536,6
19537,8
19538,23
19539,5
19540,6
19541,20
19542,2
19543,25
19544,2
19545,19
19546,7
19547,19
19548,7
19549,25
19550,7
19551,6
19552,7
19553,15
19554,9
19555,2
19556,25
19557,7
19558,19
19559,27
19560,19
19561,7
19562,6
19563,23
19564,15
19565,7
19566,15
19567,11
19568,15
19569,7
19570,6
19571,27
19572,6
19573,8
19574,11
19575,8
19576,5
19577,8
19578,19
19579,7
19580,15
19581,5
19582,15
19583,25
19584,2
19585,6
19586,20
19587,2
19588,23
19589,6
19590,27
19591,19
19592,8
19593,11
19594,15
19595,21
19596,23
19597,5
19598,6
19599,8
19600,23
19601,2
19602,19
19603,27
19604,6
19605,23
19606,8
19607,11
19608,8
19609,11
19610,15
19611,7
19612,25
19613,7
19614,19
19615,2
19616,9
19617,2
19618,20
19619,6
19620,23
19621,9
19622,2
19623,20
19624,6
19625,7
19626,25
19627,7
19628,6
19629,20
19630,2
19631,23
19632,15
19633,9
19634,25
19635,21
19636,23
19637,21
19638,23
19639,21
19640,15
19641,25
19642,7
19643,15
19644,5
19645,6
19646,8
19647,11
19648,6
19649,5
19650,15
19651,11
19652,6
19653,8
19654,14
19655,17
19656,12
19657,30
19658,3
19659,26
19660,24
19661,26
19662,12
19663,30
19664,12
19665,13
19666,3
19667,26
19668,24
19669,10
19670,24
19671,1
19672,16
19673,3
19674,13
19675,4
19676,24
19677,26
19678,24
19679,4
19680,28
19681,14
19682,28
19683,4
19684,12
19685,16
19686,12
19687,16
19688,4
19689,17
19690,28
19691,16
19692,3
19693,26
19694,24
19695,26
19696,24
19697,26
19698,12
19699,3
19700,30
19701,12
19702,13
19703,16
19704,10
19705,24
19706,26
19707,12
19708,4
19709,28
19710,14
19711,8
19712,14
19713,8
19714,19
19715,2
19716,9
19717,2
19718,6
19719,23
19720,6
19721,2
19722,20
19723,6
19724,5
19725,6
19726,20
19727,6
19728,23
19729,15
19730,25
19731,7
19732,25
19733,2
19734,19
19735,2
19736,6
19737,8
19738,11
19739,6
19740,23
19741,15
19742,21
19743,23
19744,9
19745,25
19746,7
19747,6
19748,20
19749,6
19750,20
19751,2
19752,6
19753,20
19754,6
19755,7
19756,6
19757,5
19758,27
19759,19
19760,2
19761,23
19762,9
19763,15
19764,21
19765,15
19766,7
19767,19
19768,2
19769,6
19770,11
19771,8
19772,14
19773,8
19774,19
19775,8
19776,14
19777,28
19778,16
19779,22
19780,16
19781,4
19782,12
19783,4
19784,17
19785,28
19786,16
19787,1
19788,4
19789,12
19790,4
19791,24
19792,10
19793,4
19794,28
19795,4
19796,12
19797,3
19798,16
19799,12
19800,16
19801,3
19802,16
19803,3
19804,30
19805,3
19806,16
19807,4
19808,16
19809,3
19810,12
19811,26
19812,3
19813,13
19814,16
19815,13
19816,3
19817,26
19818,24
19819,10
19820,16
19821,3
19822,30
19823,12
19824,13
19825,4
19826,24
19827,4
19828,13
19829,12
19830,17
19831,12
19832,13
19833,3
19834,13
19835,4
19836,12
19837,29
19838,12
19839,13
19840,12
19841,3
19842,12
19843,13
19844,4
19845,17
19846,12
19847,13
19848,4
19849,28
19850,14
19851,13
19852,14
19853,8
19854,23
19855,2
19856,20
19857,2
19858,9
19859,15
19860,21
19861,15
19862,5
19863,8
19864,19
19865,7
19866,25
19867,7
19868,19
19869,27
19870,19
19871,8
19872,19
19873,27
19874,5
19875,27
19876,5
19877,15
19878,11
19879,15
19880,5
19881,6
19882,7
19883,19
19884,8
19885,19
19886,27
19887,5
19888,15
19889,21
19890,15
19891,9
19892,23
19893,2
19894,23
19895,2
19896,19
19897,8
19898,6
19899,2
19900,9
19901,23
19902,5
19903,23
19904,21
19905,15
19906,9
19907,2
19908,9
19909,25
19910,15
19911,25
19912,21
19913,15
19914,23
19915,15
19916,5
19917,27
19918,19
19919,2
19920,20
19921,6
19922,20
19923,6
19924,5
19925,27
19926,19
19927,7
19928,15
19929,21
19930,15
19931,7
19932,25
19933,9
19934,15
19935,5
19936,6
19937,2
19938,20
19939,6
19940,23
19941,2
19942,25
19943,15
19944,21
19945,23
19946,8
19947,11
19948,8
19949,11
19950,8
19951,5
19952,8
19953,14
19954,17
19955,14
19956,8
19957,11
19958,6
19959,20
19960,2
19961,25
19962,2
19963,6
19964,23
19965,5
19966,23
19967,21
19968,23
19969,9
19970,25
19971,2
19972,19
19973,7
19974,6
19975,23
19976,6
19977,5
19978,8
19979,23
19980,6
19981,5
19982,23
19983,15
19984,21
19985,23
19986,21
19987,23
19988,15
19989,5
19990,23
19991,21
19992,23
19993,9
19994,2
19995,25
19996,21
19997,25
19998,15
19999,7
20000,25
